id,domain,problem_type,problem_description,constraints,solution_approach,key_insight,analogical_sources,outcome,transferability_score,expert_profile,year,complexity_level,validation_status
CPS-00001,urban_planning,collaboration,Reducing traffic congestion without expanding roads,Must work with existing limited infrastructure; Cannot use conventional technology/approach; Must be implemented within 18 months,Identified key patterns from layered networks in nature/other fields | Documented transferable principles for future use | Captured and shared learnings across teams | Addressed concerns through transparent communication,Realized that circulatory systems solved a similar problem by using emergent properties,"swarm behavior, layered networks",Reduced costs by 80% while improving efficiency,6,Community Planner,2011,beginner,peer_reviewed
CPS-00002,education,behavior_change,Engaging students with diverse learning styles,Limited to 4 team members; Must achieve 50% improvement over current state,Built low-fidelity prototype focusing on technical feasibility | Regularly reviewed performance against metrics | Built coalition of early adopters and champions,Discovered that the real problem was different from the stated problem,studio critiques,Solution adopted by 9 organizations across 5 countries,7,Curriculum Designer,2013,advanced,experimental
CPS-00003,arts_creativity,behavior_change,Balancing artistic vision with commercial viability,Must achieve 20% improvement over current state; Budget limited to 50% of typical solutions,"Captured and shared learnings across teams | Facilitated co-design workshops with end users | Pivoted approach based on evidence, not assumptions",Discovered that the real problem was different from the stated problem,"improvisational jazz, narrative structures",Solution adopted by 37 organizations across 3 countries,9,Creative Director,2024,beginner,industry_validated
CPS-00004,business_innovation,resource_constraint,Identifying unmet customer needs,Requires approval from 3 stakeholder groups; Budget limited to 60% of typical solutions; Must be implemented within 3 months,"Pivoted approach based on evidence, not assumptions | Identified key patterns from tournament structures in nature/other fields | Established success metrics and monitoring plan | Built coalition of early adopters and champions | Gradually expanded to more challenging contexts",Realized that ecosystem niches solved a similar problem by reframing the constraint,"evolutionary adaptation, ecosystem niches, tournament structures",Reduced errors by 53% while improving satisfaction,9,Innovation Consultant,2013,expert,experimental
CPS-00005,healthcare,resource_constraint,Improving patient compliance with treatment plans,Limited to 4 team members; Limited to 5 team members; Must achieve 20% improvement over current state; Must be implemented within 3 months,Gradually expanded to more challenging contexts | Tested assumption riskiest first | Conducted comparative analysis of 6 similar cases | Built coalition of early adopters and champions,Recognized that a limitation could become a feature if viewed differently,community networks,Reduced errors by 58% while improving innovation,10,Healthcare Administrator,2017,intermediate,peer_reviewed
CPS-00006,education,optimization,Assessing critical thinking skills objectively,Budget limited to 70% of typical solutions; Budget limited to 50% of typical solutions; Must achieve 30% improvement over current state; Budget limited to 50% of typical solutions,Identified key patterns from apprenticeship models in nature/other fields | Developed phased rollout strategy | Adapted solution to changing conditions,"Learned that user behavior, not technology, was the key bottleneck","apprenticeship models, studio critiques",Achieved 131% improvement in primary metric while reducing costs by 18%,8,Technology Integration Specialist,2019,beginner,case_study
CPS-00007,healthcare,scalability,Bridging healthcare access gaps in rural areas,Must comply with strict regulations; Must work with existing aging infrastructure,Addressed concerns through transparent communication | Ran 5 rapid test cycles with real users | Established success metrics and monitoring plan | Tested assumption riskiest first,Recognized that a limitation could become a feature if viewed differently,"preventive maintenance, educational scaffolding",Solution adopted by 22 organizations across 2 countries,10,Public Health Specialist,2018,expert,case_study
CPS-00008,urban_planning,collaboration,Reducing traffic congestion without expanding roads,Budget limited to 70% of typical solutions; Cannot use established technology/approach,Identified key patterns from swarm behavior in nature/other fields | Documented learnings and iteration rationale | Gradually expanded to more challenging contexts,"Learned that user behavior, not technology, was the key bottleneck","modular design, forest ecosystems",Generated 2x ROI within first year of implementation,7,Traffic Engineer,2023,intermediate,peer_reviewed
CPS-00009,biomimicry,accessibility,Creating energy-efficient cooling systems,Requires approval from 2 stakeholder groups; Requires approval from 4 stakeholder groups; Limited to 7 team members,Documented learnings and iteration rationale | Conducted comparative analysis of 10 similar cases | Started with controlled pilot in optimal conditions | Regularly reviewed performance against metrics | Established success metrics and monitoring plan,Saw that solutions from 4 different domains could be integrated,gecko feet,Solution adopted by 47 organizations across 8 countries,8,Ecological Engineer,2016,intermediate,industry_validated
CPS-00010,arts_creativity,optimization,Making art accessible to diverse audiences,Requires approval from 3 stakeholder groups; Limited to 8 team members; Must comply with international regulations,"Pivoted approach based on evidence, not assumptions | Gradually expanded to more challenging contexts | Built coalition of early adopters and champions | Documented transferable principles for future use","Learned that user behavior, not technology, was the key bottleneck","architectural constraints, scientific experimentation, collage techniques",Reduced errors by 54% while improving satisfaction,8,Visual Artist,2018,intermediate,case_study
CPS-00011,business_innovation,sustainability,Pivoting business models during market disruption,Must comply with international regulations; Limited to 8 team members; Must achieve 30% improvement over current state; Must achieve 100% improvement over current state,Established continuous feedback mechanisms | Addressed concerns through transparent communication | Tested assumption riskiest first | Ran 4 rapid test cycles with real users,Understood that timing and sequence mattered more than individual components,"open source communities, evolutionary adaptation",Became industry standard practice within 2 years,8,Innovation Consultant,2018,intermediate,experimental
CPS-00012,healthcare,accessibility,Optimizing emergency room wait times,Budget limited to 80% of typical solutions; Must comply with international regulations; Cannot use established technology/approach,Developed phased rollout strategy | Regularly reviewed performance against metrics | Identified key patterns from logistics optimization in nature/other fields,Saw that solutions from 3 different domains could be integrated,"logistics optimization, community networks",Achieved 94% improvement in primary metric while reducing costs by 15%,5,Medical Doctor,2013,beginner,peer_reviewed
CPS-00013,healthcare,sustainability,Reducing hospital-acquired infections,Must be implemented within 18 months; Must work with existing minimal infrastructure; Requires approval from 4 stakeholder groups; Cannot use conventional technology/approach,Documented learnings and iteration rationale | Identified key patterns from quality control systems in nature/other fields | Developed phased rollout strategy,Understood that timing and sequence mattered more than individual components,"logistics optimization, preventive maintenance",Generated 9x ROI within first year of implementation,10,Medical Doctor,2016,intermediate,industry_validated
CPS-00014,business_innovation,accessibility,Building platforms that create network effects,Requires approval from 4 stakeholder groups; Must work with existing legacy infrastructure; Requires approval from 5 stakeholder groups; Must work with existing minimal infrastructure,Created training and support materials | Maintained quality while increasing volume | Ran 4 rapid test cycles with real users | Tested assumption riskiest first | Conducted comparative analysis of 12 similar cases,"Learned that user behavior, not technology, was the key bottleneck",platform ecosystems,Became industry standard practice within 10 years,10,Innovation Consultant,2014,advanced,industry_validated
CPS-00015,healthcare,collaboration,Improving patient compliance with treatment plans,Must comply with strict regulations; Cannot use expensive technology/approach,Started with controlled pilot in optimal conditions | Measured both quantitative metrics and qualitative feedback | Tested assumption riskiest first,Understood that timing and sequence mattered more than individual components,"quality control systems, community networks",Achieved 56% improvement in primary metric while reducing costs by 10%,7,Public Health Specialist,2011,beginner,experimental
CPS-00016,business_innovation,resilience,Identifying unmet customer needs,Budget limited to 60% of typical solutions; Cannot use proprietary technology/approach; Must be implemented within 6 months; Must be implemented within 18 months,Established success metrics and monitoring plan | Established continuous feedback mechanisms | Gradually expanded to more challenging contexts | Built coalition of early adopters and champions,Realized that evolutionary adaptation solved a similar problem by reframing the constraint,"open source communities, tournament structures",Became industry standard practice within 6 years,10,Market Researcher,2020,intermediate,experimental
CPS-00017,urban_planning,behavior_change,Balancing development with historical preservation,Cannot use proprietary technology/approach; Cannot use conventional technology/approach; Budget limited to 60% of typical solutions; Requires approval from 4 stakeholder groups,"Quantified baseline metrics for success measurement | Pivoted approach based on evidence, not assumptions | Tested assumption riskiest first | Maintained quality while increasing volume",Recognized that a limitation could become a feature if viewed differently,"modular design, swarm behavior, circulatory systems",Became industry standard practice within 9 years,7,Community Planner,2011,intermediate,industry_validated
CPS-00018,arts_creativity,scalability,Preserving cultural heritage while innovating,Limited to 8 team members; Budget limited to 80% of typical solutions; Must be implemented within 9 months; Requires approval from 4 stakeholder groups,Established continuous feedback mechanisms | Refined solution to work within all constraints | Established success metrics and monitoring plan,Recognized that a limitation could become a feature if viewed differently,"architectural constraints, improvisational jazz, scientific experimentation",Achieved 191% improvement in primary metric while reducing costs by 48%,6,Visual Artist,2017,beginner,peer_reviewed
CPS-00019,business_innovation,efficiency,Fostering innovation in risk-averse organizations,Requires approval from 5 stakeholder groups; Must achieve 100% improvement over current state; Must work with existing minimal infrastructure; Cannot use established technology/approach,Established success metrics and monitoring plan | Documented transferable principles for future use | Addressed concerns through transparent communication,Recognized that a limitation could become a feature if viewed differently,"platform ecosystems, ecosystem niches",Generated 2x ROI within first year of implementation,8,Market Researcher,2022,intermediate,experimental
CPS-00020,biomimicry,efficiency,Creating energy-efficient cooling systems,Must comply with strict regulations; Must achieve 20% improvement over current state; Must achieve 20% improvement over current state; Cannot use established technology/approach,Addressed concerns through transparent communication | Quantified baseline metrics for success measurement | Measured both quantitative metrics and qualitative feedback | Built low-fidelity prototype focusing on core functionality | Established continuous feedback mechanisms,Found that combining two unrelated approaches created synergistic effects,lotus leaves,Reduced time by 55% while improving innovation,10,Biologist,2012,intermediate,case_study
CPS-00021,arts_creativity,adaptation,Making art accessible to diverse audiences,Must achieve 30% improvement over current state; Must work with existing minimal infrastructure,Documented learnings and iteration rationale | Refined solution to work within all constraints | Documented transferable principles for future use | Mapped all stakeholder needs and pain points | Facilitated co-design workshops with end users,Realized that architectural constraints solved a similar problem by using emergent properties,"improvisational jazz, architectural constraints, collage techniques",Achieved 88% improvement in primary metric while reducing costs by 48%,7,Music Composer,2010,advanced,peer_reviewed
CPS-00022,urban_planning,integration,Improving public transportation adoption,Limited to 3 team members; Must work with existing limited infrastructure; Must comply with evolving regulations; Cannot use proprietary technology/approach,Documented transferable principles for future use | Built low-fidelity prototype focusing on core functionality | Maintained quality while increasing volume | Mapped all stakeholder needs and pain points,Realized that forest ecosystems solved a similar problem by using emergent properties,"layered networks, swarm behavior, modular design",Achieved 86% improvement in primary metric while reducing costs by 14%,5,Traffic Engineer,2017,beginner,case_study
CPS-00023,healthcare,system_design,Bridging healthcare access gaps in rural areas,Must achieve 50% improvement over current state; Limited to 6 team members; Cannot use established technology/approach,"Quantified baseline metrics for success measurement | Pivoted approach based on evidence, not assumptions | Established success metrics and monitoring plan | Gradually expanded to more challenging contexts | Addressed concerns through transparent communication",Discovered that the real problem was different from the stated problem,educational scaffolding,Became industry standard practice within 5 years,6,Medical Doctor,2018,advanced,peer_reviewed
CPS-00024,urban_planning,system_design,Reducing traffic congestion without expanding roads,Must comply with multiple regulations; Must comply with strict regulations,Built low-fidelity prototype focusing on core functionality | Conducted comparative analysis of 12 similar cases | Facilitated co-design workshops with end users,Recognized that a limitation could become a feature if viewed differently,"circulatory systems, layered networks, forest ecosystems",Reduced waste by 45% while improving efficiency,6,Urban Designer,2012,advanced,industry_validated
CPS-00025,arts_creativity,efficiency,Making art accessible to diverse audiences,Must achieve 100% improvement over current state; Must be implemented within 3 months; Must work with existing minimal infrastructure,"Addressed concerns through transparent communication | Pivoted approach based on evidence, not assumptions | Built low-fidelity prototype focusing on core functionality | Maintained quality while increasing volume",Understood that timing and sequence mattered more than individual components,"scientific experimentation, narrative structures, architectural constraints",Became industry standard practice within 8 years,5,Creative Director,2018,intermediate,peer_reviewed
CPS-00026,business_innovation,resource_constraint,Pivoting business models during market disruption,Must comply with strict regulations; Requires approval from 3 stakeholder groups; Limited to 8 team members,Adapted solution to changing conditions | Created training and support materials | Started with controlled pilot in optimal conditions | Identified key patterns from evolutionary adaptation in nature/other fields | Tested assumption riskiest first,Found that combining two unrelated approaches created synergistic effects,"tournament structures, evolutionary adaptation, open source communities",Generated 6x ROI within first year of implementation,9,Innovation Consultant,2016,advanced,peer_reviewed
CPS-00027,urban_planning,accessibility,Improving public transportation adoption,Requires approval from 5 stakeholder groups; Requires approval from 2 stakeholder groups,Measured both quantitative metrics and qualitative feedback | Developed phased rollout strategy | Quantified baseline metrics for success measurement,Understood that timing and sequence mattered more than individual components,"swarm behavior, circulatory systems, forest ecosystems",Generated 7x ROI within first year of implementation,7,Urban Designer,2016,beginner,industry_validated
CPS-00028,software_architecture,sustainability,Reducing technical debt while delivering features,Must comply with strict regulations; Limited to 8 team members; Must be implemented within 6 months; Limited to 6 team members,Developed phased rollout strategy | Identified key patterns from biological immune systems in nature/other fields | Measured both quantitative metrics and qualitative feedback | Tested assumption riskiest first,Saw that solutions from 2 different domains could be integrated,"biological immune systems, city infrastructure, library organization",Achieved 156% improvement in primary metric while reducing costs by 39%,8,DevOps Engineer,2020,advanced,industry_validated
CPS-00029,biomimicry,efficiency,Developing adhesive materials without chemicals,Requires approval from 5 stakeholder groups; Must achieve 20% improvement over current state,Documented learnings and iteration rationale | Established continuous feedback mechanisms | Mapped all stakeholder needs and pain points,Discovered that the real problem was different from the stated problem,honeycomb structures,Generated 4x ROI within first year of implementation,9,Ecological Engineer,2019,intermediate,industry_validated
CPS-00030,sustainability,accessibility,Encouraging sustainable consumer behavior,Must comply with strict regulations; Must comply with strict regulations; Must comply with strict regulations,Started with controlled pilot in optimal conditions | Refined solution to work within all constraints | Incorporated constraints as design features rather than limitations | Created training and support materials | Documented transferable principles for future use,Found that combining two unrelated approaches created synergistic effects,"nutrient cycles, cradle-to-cradle design",Reduced waste by 58% while improving quality,9,Policy Analyst,2024,beginner,industry_validated
CPS-00031,software_architecture,accessibility,Reducing technical debt while delivering features,Cannot use expensive technology/approach; Cannot use established technology/approach,Refined solution to work within all constraints | Documented learnings and iteration rationale | Created feedback loops for continuous input,Understood that timing and sequence mattered more than individual components,"assembly lines, city infrastructure, biological immune systems",Became industry standard practice within 9 years,5,System Architect,2014,expert,peer_reviewed
CPS-00032,arts_creativity,behavior_change,Overcoming creative blocks systematically,Must comply with strict regulations; Limited to 2 team members; Limited to 6 team members,Addressed concerns through transparent communication | Refined solution to work within all constraints | Conducted comparative analysis of 7 similar cases | Tested assumption riskiest first,Recognized that a limitation could become a feature if viewed differently,narrative structures,Generated 8x ROI within first year of implementation,9,Creative Director,2010,intermediate,peer_reviewed
CPS-00033,education,optimization,Supporting students with varying background knowledge,Must comply with multiple regulations; Limited to 3 team members; Must be implemented within 18 months; Must comply with strict regulations,Established success metrics and monitoring plan | Adapted solution to changing conditions | Maintained quality while increasing volume | Mapped all stakeholder needs and pain points | Created feedback loops for continuous input,Realized that apprenticeship models solved a similar problem by reframing the constraint,"sports coaching, game design, apprenticeship models",Became industry standard practice within 7 years,5,Technology Integration Specialist,2013,advanced,industry_validated
CPS-00034,biomimicry,scalability,Developing adhesive materials without chemicals,Must comply with international regulations; Limited to 7 team members,Ran 5 rapid test cycles with real users | Tested assumption riskiest first | Facilitated co-design workshops with end users | Documented transferable principles for future use,Recognized that a limitation could become a feature if viewed differently,gecko feet,Achieved 187% improvement in primary metric while reducing costs by 37%,6,Ecological Engineer,2020,expert,case_study
CPS-00035,software_architecture,behavior_change,Scaling systems under unpredictable load,Must comply with evolving regulations; Limited to 6 team members; Budget limited to 60% of typical solutions; Must achieve 50% improvement over current state,"Pivoted approach based on evidence, not assumptions | Identified key patterns from biological immune systems in nature/other fields | Developed phased rollout strategy | Built coalition of early adopters and champions",Recognized that a limitation could become a feature if viewed differently,biological immune systems,Achieved 64% improvement in primary metric while reducing costs by 14%,9,Security Specialist,2014,advanced,peer_reviewed
CPS-00036,software_architecture,efficiency,Ensuring security without compromising usability,Must be implemented within 6 months; Cannot use expensive technology/approach,Conducted comparative analysis of 12 similar cases | Documented learnings and iteration rationale | Developed phased rollout strategy | Captured and shared learnings across teams,Discovered that the real problem was different from the stated problem,"neural networks, city infrastructure, biological immune systems",Solution adopted by 8 organizations across 15 countries,7,Security Specialist,2013,advanced,industry_validated
CPS-00037,urban_planning,behavior_change,Improving public transportation adoption,Requires approval from 3 stakeholder groups; Requires approval from 2 stakeholder groups; Cannot use expensive technology/approach; Cannot use proprietary technology/approach,Quantified baseline metrics for success measurement | Adapted solution to changing conditions | Captured and shared learnings across teams | Developed phased rollout strategy | Documented learnings and iteration rationale,Discovered that the real problem was different from the stated problem,"swarm behavior, layered networks",Achieved 132% improvement in primary metric while reducing costs by 18%,7,Traffic Engineer,2013,intermediate,case_study
CPS-00038,biomimicry,accessibility,Developing adhesive materials without chemicals,Limited to 3 team members; Cannot use proprietary technology/approach; Must comply with multiple regulations; Cannot use established technology/approach,Measured both quantitative metrics and qualitative feedback | Established continuous feedback mechanisms | Documented learnings and iteration rationale | Captured and shared learnings across teams | Quantified baseline metrics for success measurement,Realized that lotus leaves solved a similar problem by using emergent properties,"Namib desert beetle, termite mounds, honeycomb structures",Solution adopted by 9 organizations across 8 countries,5,Materials Scientist,2015,advanced,industry_validated
CPS-00039,software_architecture,resilience,Maintaining legacy systems while innovating,Limited to 6 team members; Budget limited to 50% of typical solutions; Budget limited to 60% of typical solutions; Must comply with international regulations,"Pivoted approach based on evidence, not assumptions | Created feedback loops for continuous input | Established success metrics and monitoring plan | Maintained quality while increasing volume | Adapted solution to changing conditions",Discovered that the real problem was different from the stated problem,"biological immune systems, assembly lines, neural networks",Solution adopted by 44 organizations across 14 countries,5,DevOps Engineer,2015,expert,peer_reviewed
CPS-00040,arts_creativity,accessibility,Collaborating across different artistic mediums,Must achieve 20% improvement over current state; Cannot use expensive technology/approach; Must comply with international regulations; Limited to 4 team members,"Pivoted approach based on evidence, not assumptions | Established success metrics and monitoring plan | Incorporated constraints as design features rather than limitations","Learned that user behavior, not technology, was the key bottleneck","narrative structures, architectural constraints",Solution adopted by 22 organizations across 6 countries,7,Visual Artist,2014,beginner,industry_validated
CPS-00041,business_innovation,collaboration,Fostering innovation in risk-averse organizations,Must work with existing limited infrastructure; Requires approval from 4 stakeholder groups; Cannot use conventional technology/approach,Gradually expanded to more challenging contexts | Built contingency plans for common failure modes | Built coalition of early adopters and champions | Regularly reviewed performance against metrics | Conducted comparative analysis of 9 similar cases,Understood that timing and sequence mattered more than individual components,"evolutionary adaptation, ecosystem niches, open source communities",Became industry standard practice within 9 years,9,Market Researcher,2011,advanced,industry_validated
CPS-00042,business_innovation,efficiency,Competing with free alternatives,Cannot use established technology/approach; Requires approval from 3 stakeholder groups; Must be implemented within 9 months,Maintained quality while increasing volume | Refined solution to work within all constraints | Documented learnings and iteration rationale,Discovered that the real problem was different from the stated problem,"platform ecosystems, ecosystem niches",Became industry standard practice within 9 years,10,Innovation Consultant,2021,intermediate,case_study
CPS-00043,urban_planning,scalability,Managing waste in high-density populations,Limited to 7 team members; Requires approval from 2 stakeholder groups,Incorporated constraints as design features rather than limitations | Regularly reviewed performance against metrics | Built contingency plans for common failure modes | Facilitated co-design workshops with end users | Identified key patterns from layered networks in nature/other fields,Recognized that a limitation could become a feature if viewed differently,forest ecosystems,Generated 2x ROI within first year of implementation,9,Urban Designer,2018,expert,industry_validated
CPS-00044,biomimicry,scalability,Optimizing structural strength with minimal material,Must work with existing legacy infrastructure; Budget limited to 80% of typical solutions,Captured and shared learnings across teams | Quantified baseline metrics for success measurement | Built contingency plans for common failure modes | Adapted solution to changing conditions,Recognized that a limitation could become a feature if viewed differently,"termite mounds, Namib desert beetle, lotus leaves",Generated 8x ROI within first year of implementation,7,Biologist,2014,intermediate,case_study
CPS-00045,biomimicry,resilience,Optimizing structural strength with minimal material,Must work with existing limited infrastructure; Must be implemented within 3 months,Identified key patterns from honeycomb structures in nature/other fields | Measured both quantitative metrics and qualitative feedback | Established success metrics and monitoring plan | Regularly reviewed performance against metrics | Gradually expanded to more challenging contexts,Recognized that a limitation could become a feature if viewed differently,gecko feet,Solution adopted by 38 organizations across 7 countries,9,Materials Scientist,2013,intermediate,industry_validated
CPS-00046,software_architecture,optimization,Managing distributed team collaboration,Limited to 5 team members; Cannot use established technology/approach; Must work with existing aging infrastructure; Must work with existing aging infrastructure,Conducted comparative analysis of 8 similar cases | Measured both quantitative metrics and qualitative feedback | Built low-fidelity prototype focusing on user experience | Documented transferable principles for future use | Built contingency plans for common failure modes,Saw that solutions from 2 different domains could be integrated,"assembly lines, neural networks",Generated 10x ROI within first year of implementation,7,System Architect,2015,advanced,experimental
CPS-00047,biomimicry,behavior_change,Water collection in arid environments,Cannot use conventional technology/approach; Requires approval from 5 stakeholder groups; Requires approval from 3 stakeholder groups; Must work with existing aging infrastructure,"Pivoted approach based on evidence, not assumptions | Built contingency plans for common failure modes | Built coalition of early adopters and champions",Discovered that the real problem was different from the stated problem,"lotus leaves, Namib desert beetle, honeycomb structures",Reduced time by 40% while improving satisfaction,8,Materials Scientist,2010,expert,experimental
CPS-00048,biomimicry,efficiency,Designing self-cleaning surfaces,Limited to 2 team members; Budget limited to 70% of typical solutions; Requires approval from 2 stakeholder groups; Limited to 8 team members,Mapped all stakeholder needs and pain points | Adapted solution to changing conditions | Created training and support materials,Saw that solutions from 3 different domains could be integrated,"lotus leaves, Namib desert beetle, termite mounds",Generated 2x ROI within first year of implementation,10,Materials Scientist,2019,beginner,case_study
CPS-00049,healthcare,collaboration,Reducing hospital-acquired infections,Must achieve 50% improvement over current state; Budget limited to 50% of typical solutions; Requires approval from 2 stakeholder groups; Cannot use proprietary technology/approach,Built coalition of early adopters and champions | Established success metrics and monitoring plan | Established continuous feedback mechanisms,Realized that logistics optimization solved a similar problem by reframing the constraint,"quality control systems, preventive maintenance",Generated 7x ROI within first year of implementation,8,Medical Doctor,2015,expert,experimental
CPS-00050,software_architecture,adaptation,Reducing technical debt while delivering features,Must be implemented within 18 months; Requires approval from 3 stakeholder groups; Must be implemented within 3 months,Facilitated co-design workshops with end users | Ran 5 rapid test cycles with real users | Documented transferable principles for future use | Started with controlled pilot in optimal conditions,Understood that timing and sequence mattered more than individual components,neural networks,Reduced errors by 89% while improving quality,6,Security Specialist,2018,intermediate,experimental
CPS-00051,software_architecture,scalability,Maintaining legacy systems while innovating,Requires approval from 5 stakeholder groups; Cannot use conventional technology/approach; Cannot use established technology/approach,Refined solution to work within all constraints | Built low-fidelity prototype focusing on core functionality | Adapted solution to changing conditions | Mapped all stakeholder needs and pain points,Found that combining two unrelated approaches created synergistic effects,"neural networks, city infrastructure",Became industry standard practice within 7 years,8,DevOps Engineer,2023,expert,industry_validated
CPS-00052,urban_planning,behavior_change,Balancing development with historical preservation,Cannot use conventional technology/approach; Must achieve 30% improvement over current state; Must achieve 50% improvement over current state; Must be implemented within 12 months,Refined solution to work within all constraints | Created feedback loops for continuous input | Built low-fidelity prototype focusing on technical feasibility | Started with controlled pilot in optimal conditions | Adapted solution to changing conditions,Understood that timing and sequence mattered more than individual components,"modular design, swarm behavior, forest ecosystems",Generated 10x ROI within first year of implementation,8,Community Planner,2019,intermediate,industry_validated
CPS-00053,biomimicry,resource_constraint,Optimizing structural strength with minimal material,Limited to 2 team members; Must be implemented within 6 months; Must comply with evolving regulations,Refined solution to work within all constraints | Facilitated co-design workshops with end users | Created training and support materials | Regularly reviewed performance against metrics,Recognized that a limitation could become a feature if viewed differently,honeycomb structures,Generated 8x ROI within first year of implementation,9,Materials Scientist,2016,beginner,peer_reviewed
CPS-00054,healthcare,collaboration,Optimizing emergency room wait times,Must be implemented within 18 months; Cannot use proprietary technology/approach,Addressed concerns through transparent communication | Ran 6 rapid test cycles with real users | Identified key patterns from logistics optimization in nature/other fields | Built low-fidelity prototype focusing on technical feasibility,Realized that quality control systems solved a similar problem by using emergent properties,logistics optimization,Reduced errors by 66% while improving satisfaction,8,Public Health Specialist,2012,expert,peer_reviewed
CPS-00055,software_architecture,scalability,Managing distributed team collaboration,Cannot use proprietary technology/approach; Must achieve 20% improvement over current state,Quantified baseline metrics for success measurement | Refined solution to work within all constraints | Facilitated co-design workshops with end users | Created training and support materials,Saw that solutions from 4 different domains could be integrated,"neural networks, assembly lines",Generated 6x ROI within first year of implementation,9,System Architect,2016,beginner,peer_reviewed
CPS-00056,education,sustainability,Engaging students with diverse learning styles,Must comply with strict regulations; Must achieve 20% improvement over current state; Must work with existing limited infrastructure,Developed phased rollout strategy | Gradually expanded to more challenging contexts | Incorporated constraints as design features rather than limitations | Ran 6 rapid test cycles with real users | Identified key patterns from apprenticeship models in nature/other fields,Saw that solutions from 2 different domains could be integrated,"sports coaching, exploration expeditions, game design",Generated 8x ROI within first year of implementation,9,Technology Integration Specialist,2014,advanced,experimental
CPS-00057,business_innovation,resilience,Fostering innovation in risk-averse organizations,Must be implemented within 12 months; Must comply with strict regulations,Measured both quantitative metrics and qualitative feedback | Facilitated co-design workshops with end users | Established continuous feedback mechanisms | Started with controlled pilot in optimal conditions | Established success metrics and monitoring plan,"Learned that user behavior, not technology, was the key bottleneck","platform ecosystems, evolutionary adaptation",Achieved 125% improvement in primary metric while reducing costs by 20%,5,Product Manager,2017,beginner,peer_reviewed
CPS-00058,healthcare,adaptation,Bridging healthcare access gaps in rural areas,Budget limited to 50% of typical solutions; Must comply with strict regulations; Limited to 7 team members,Ran 3 rapid test cycles with real users | Quantified baseline metrics for success measurement | Facilitated co-design workshops with end users,Found that combining two unrelated approaches created synergistic effects,"quality control systems, educational scaffolding, community networks",Became industry standard practice within 3 years,8,Public Health Specialist,2022,intermediate,peer_reviewed
CPS-00059,education,behavior_change,Engaging students with diverse learning styles,Requires approval from 2 stakeholder groups; Requires approval from 3 stakeholder groups; Must work with existing minimal infrastructure; Requires approval from 2 stakeholder groups,Ran 7 rapid test cycles with real users | Regularly reviewed performance against metrics | Identified key patterns from exploration expeditions in nature/other fields,Understood that timing and sequence mattered more than individual components,game design,Generated 10x ROI within first year of implementation,10,Educational Psychologist,2011,intermediate,industry_validated
CPS-00060,urban_planning,resource_constraint,Improving public transportation adoption,Must work with existing limited infrastructure; Must comply with international regulations; Must be implemented within 9 months; Limited to 7 team members,Conducted comparative analysis of 11 similar cases | Built coalition of early adopters and champions | Adapted solution to changing conditions,"Learned that user behavior, not technology, was the key bottleneck","circulatory systems, layered networks",Reduced waste by 71% while improving innovation,7,Urban Designer,2017,intermediate,industry_validated
CPS-00061,software_architecture,resource_constraint,Ensuring security without compromising usability,Must be implemented within 6 months; Budget limited to 50% of typical solutions; Budget limited to 60% of typical solutions; Budget limited to 80% of typical solutions,Measured both quantitative metrics and qualitative feedback | Addressed concerns through transparent communication | Gradually expanded to more challenging contexts | Conducted comparative analysis of 8 similar cases,Found that combining two unrelated approaches created synergistic effects,neural networks,Reduced time by 69% while improving efficiency,8,System Architect,2021,intermediate,peer_reviewed
CPS-00062,biomimicry,optimization,Optimizing structural strength with minimal material,Must comply with strict regulations; Must comply with strict regulations,Ran 6 rapid test cycles with real users | Gradually expanded to more challenging contexts | Documented learnings and iteration rationale | Identified key patterns from Namib desert beetle in nature/other fields | Established continuous feedback mechanisms,Found that combining two unrelated approaches created synergistic effects,"gecko feet, honeycomb structures",Solution adopted by 33 organizations across 6 countries,5,Biologist,2017,expert,industry_validated
CPS-00063,arts_creativity,efficiency,Overcoming creative blocks systematically,Must work with existing minimal infrastructure; Requires approval from 5 stakeholder groups; Requires approval from 2 stakeholder groups,Built coalition of early adopters and champions | Started with controlled pilot in optimal conditions | Built low-fidelity prototype focusing on user experience,"Learned that user behavior, not technology, was the key bottleneck","collage techniques, improvisational jazz, scientific experimentation",Became industry standard practice within 2 years,10,Creative Director,2020,beginner,industry_validated
CPS-00064,urban_planning,resource_constraint,Reducing traffic congestion without expanding roads,Must achieve 30% improvement over current state; Must be implemented within 9 months,Quantified baseline metrics for success measurement | Refined solution to work within all constraints | Adapted solution to changing conditions,Realized that modular design solved a similar problem by reframing the constraint,"layered networks, forest ecosystems, swarm behavior",Solution adopted by 31 organizations across 10 countries,8,Urban Designer,2020,intermediate,case_study
CPS-00065,arts_creativity,sustainability,Balancing artistic vision with commercial viability,Must achieve 50% improvement over current state; Must comply with international regulations; Requires approval from 3 stakeholder groups; Budget limited to 70% of typical solutions,Built coalition of early adopters and champions | Mapped all stakeholder needs and pain points | Documented learnings and iteration rationale | Maintained quality while increasing volume | Adapted solution to changing conditions,Understood that timing and sequence mattered more than individual components,architectural constraints,Achieved 168% improvement in primary metric while reducing costs by 29%,9,Music Composer,2010,advanced,peer_reviewed
CPS-00066,software_architecture,collaboration,Ensuring security without compromising usability,Must comply with strict regulations; Budget limited to 60% of typical solutions,Maintained quality while increasing volume | Created feedback loops for continuous input | Identified key patterns from assembly lines in nature/other fields | Tested assumption riskiest first | Established success metrics and monitoring plan,Realized that city infrastructure solved a similar problem by leveraging distributed intelligence,"neural networks, assembly lines, library organization",Achieved 38% improvement in primary metric while reducing costs by 21%,6,DevOps Engineer,2015,intermediate,case_study
CPS-00067,sustainability,optimization,Measuring true environmental costs of products,Must work with existing limited infrastructure; Must be implemented within 9 months; Requires approval from 2 stakeholder groups,Quantified baseline metrics for success measurement | Documented transferable principles for future use | Ran 6 rapid test cycles with real users | Established success metrics and monitoring plan | Documented learnings and iteration rationale,Realized that natural ecosystems solved a similar problem by leveraging distributed intelligence,"cradle-to-cradle design, sharing economies",Solution adopted by 46 organizations across 4 countries,6,Circular Economy Designer,2021,advanced,industry_validated
CPS-00068,education,resource_constraint,Assessing critical thinking skills objectively,Limited to 6 team members; Must achieve 30% improvement over current state,Documented learnings and iteration rationale | Identified key patterns from game design in nature/other fields | Ran 6 rapid test cycles with real users,Recognized that a limitation could become a feature if viewed differently,"studio critiques, game design, exploration expeditions",Became industry standard practice within 8 years,8,Educational Psychologist,2014,intermediate,industry_validated
CPS-00069,biomimicry,collaboration,Creating energy-efficient cooling systems,Must be implemented within 3 months; Must comply with international regulations; Must work with existing legacy infrastructure; Limited to 8 team members,Ran 8 rapid test cycles with real users | Created training and support materials | Regularly reviewed performance against metrics | Facilitated co-design workshops with end users | Gradually expanded to more challenging contexts,"Learned that user behavior, not technology, was the key bottleneck",lotus leaves,Achieved 129% improvement in primary metric while reducing costs by 45%,8,Biologist,2012,beginner,case_study
CPS-00070,urban_planning,efficiency,Improving public transportation adoption,Limited to 4 team members; Limited to 7 team members; Must achieve 100% improvement over current state,Created feedback loops for continuous input | Tested assumption riskiest first | Ran 5 rapid test cycles with real users,Found that combining two unrelated approaches created synergistic effects,"circulatory systems, forest ecosystems",Solution adopted by 33 organizations across 14 countries,8,Urban Designer,2024,expert,experimental
CPS-00071,sustainability,efficiency,Reducing plastic waste in supply chains,Must be implemented within 9 months; Limited to 3 team members,Developed phased rollout strategy | Quantified baseline metrics for success measurement | Facilitated co-design workshops with end users | Documented transferable principles for future use | Maintained quality while increasing volume,"Learned that user behavior, not technology, was the key bottleneck","natural ecosystems, repair cultures, cradle-to-cradle design",Became industry standard practice within 5 years,10,Circular Economy Designer,2018,beginner,case_study
CPS-00072,business_innovation,adaptation,Pivoting business models during market disruption,Budget limited to 60% of typical solutions; Requires approval from 4 stakeholder groups,"Captured and shared learnings across teams | Established continuous feedback mechanisms | Incorporated constraints as design features rather than limitations | Pivoted approach based on evidence, not assumptions | Addressed concerns through transparent communication",Saw that solutions from 2 different domains could be integrated,evolutionary adaptation,Generated 2x ROI within first year of implementation,8,Innovation Consultant,2021,beginner,peer_reviewed
CPS-00073,sustainability,adaptation,Converting waste streams into valuable resources,Must achieve 50% improvement over current state; Requires approval from 3 stakeholder groups; Cannot use proprietary technology/approach; Must be implemented within 12 months,Gradually expanded to more challenging contexts | Documented learnings and iteration rationale | Established success metrics and monitoring plan,Realized that natural ecosystems solved a similar problem by using emergent properties,"cradle-to-cradle design, natural ecosystems, nutrient cycles",Solution adopted by 12 organizations across 15 countries,6,Environmental Scientist,2015,expert,experimental
CPS-00074,software_architecture,collaboration,Ensuring security without compromising usability,Must be implemented within 12 months; Must comply with multiple regulations,Gradually expanded to more challenging contexts | Quantified baseline metrics for success measurement | Documented transferable principles for future use | Measured both quantitative metrics and qualitative feedback,Found that combining two unrelated approaches created synergistic effects,"city infrastructure, biological immune systems, library organization",Reduced time by 46% while improving innovation,9,DevOps Engineer,2012,beginner,case_study
CPS-00075,education,sustainability,Integrating technology meaningfully in classrooms,Must comply with international regulations; Cannot use proprietary technology/approach; Must achieve 50% improvement over current state; Must work with existing limited infrastructure,Identified key patterns from game design in nature/other fields | Facilitated co-design workshops with end users | Started with controlled pilot in optimal conditions | Developed phased rollout strategy,Recognized that a limitation could become a feature if viewed differently,"game design, studio critiques",Reduced errors by 82% while improving quality,7,Technology Integration Specialist,2019,intermediate,experimental
CPS-00076,urban_planning,collaboration,Balancing development with historical preservation,Must be implemented within 9 months; Must be implemented within 3 months; Must achieve 30% improvement over current state; Must work with existing aging infrastructure,Created feedback loops for continuous input | Built low-fidelity prototype focusing on core functionality | Measured both quantitative metrics and qualitative feedback | Started with controlled pilot in optimal conditions | Mapped all stakeholder needs and pain points,Saw that solutions from 3 different domains could be integrated,circulatory systems,Achieved 104% improvement in primary metric while reducing costs by 33%,6,Community Planner,2020,intermediate,industry_validated
CPS-00077,sustainability,resilience,Measuring true environmental costs of products,Must be implemented within 9 months; Must comply with multiple regulations; Must be implemented within 12 months,Ran 4 rapid test cycles with real users | Documented learnings and iteration rationale | Documented transferable principles for future use | Created training and support materials,Recognized that a limitation could become a feature if viewed differently,"natural ecosystems, cradle-to-cradle design",Generated 5x ROI within first year of implementation,10,Policy Analyst,2013,expert,industry_validated
CPS-00078,arts_creativity,efficiency,Collaborating across different artistic mediums,Budget limited to 50% of typical solutions; Cannot use established technology/approach; Must achieve 30% improvement over current state; Must be implemented within 12 months,Created feedback loops for continuous input | Documented learnings and iteration rationale | Captured and shared learnings across teams | Conducted comparative analysis of 10 similar cases,Realized that architectural constraints solved a similar problem by using emergent properties,"scientific experimentation, improvisational jazz, architectural constraints",Became industry standard practice within 10 years,7,Visual Artist,2023,intermediate,experimental
CPS-00079,sustainability,resilience,Designing products for complete recyclability,Must achieve 50% improvement over current state; Must achieve 20% improvement over current state; Must be implemented within 6 months; Budget limited to 70% of typical solutions,Regularly reviewed performance against metrics | Gradually expanded to more challenging contexts | Documented learnings and iteration rationale | Developed phased rollout strategy,Saw that solutions from 4 different domains could be integrated,"sharing economies, nutrient cycles",Reduced errors by 77% while improving innovation,6,Policy Analyst,2019,intermediate,peer_reviewed
CPS-00080,urban_planning,adaptation,Managing waste in high-density populations,Must comply with international regulations; Limited to 6 team members; Must work with existing aging infrastructure; Limited to 4 team members,"Pivoted approach based on evidence, not assumptions | Addressed concerns through transparent communication | Gradually expanded to more challenging contexts | Adapted solution to changing conditions",Understood that timing and sequence mattered more than individual components,"layered networks, modular design",Solution adopted by 32 organizations across 14 countries,5,Community Planner,2010,intermediate,industry_validated
CPS-00081,software_architecture,adaptation,Ensuring security without compromising usability,Cannot use conventional technology/approach; Requires approval from 3 stakeholder groups; Budget limited to 70% of typical solutions,Mapped all stakeholder needs and pain points | Built contingency plans for common failure modes | Started with controlled pilot in optimal conditions | Built coalition of early adopters and champions,Understood that timing and sequence mattered more than individual components,"neural networks, city infrastructure, library organization",Generated 4x ROI within first year of implementation,5,DevOps Engineer,2014,advanced,peer_reviewed
CPS-00082,software_architecture,scalability,Reducing technical debt while delivering features,Must comply with international regulations; Cannot use conventional technology/approach,Documented learnings and iteration rationale | Established success metrics and monitoring plan | Conducted comparative analysis of 13 similar cases,Understood that timing and sequence mattered more than individual components,"assembly lines, biological immune systems, city infrastructure",Reduced costs by 53% while improving innovation,10,System Architect,2011,advanced,experimental
CPS-00083,healthcare,resilience,Bridging healthcare access gaps in rural areas,Budget limited to 70% of typical solutions; Limited to 8 team members,Refined solution to work within all constraints | Tested assumption riskiest first | Created training and support materials,"Learned that user behavior, not technology, was the key bottleneck",quality control systems,Solution adopted by 48 organizations across 8 countries,5,Public Health Specialist,2021,advanced,case_study
CPS-00084,urban_planning,optimization,Reducing traffic congestion without expanding roads,Requires approval from 2 stakeholder groups; Must work with existing aging infrastructure,Ran 8 rapid test cycles with real users | Established continuous feedback mechanisms | Maintained quality while increasing volume | Established success metrics and monitoring plan,Saw that solutions from 4 different domains could be integrated,"modular design, layered networks",Reduced time by 87% while improving innovation,7,Community Planner,2012,advanced,industry_validated
CPS-00085,biomimicry,efficiency,Water collection in arid environments,Must be implemented within 3 months; Budget limited to 80% of typical solutions,Created training and support materials | Mapped all stakeholder needs and pain points | Built low-fidelity prototype focusing on core functionality | Facilitated co-design workshops with end users | Regularly reviewed performance against metrics,Found that combining two unrelated approaches created synergistic effects,"termite mounds, Namib desert beetle",Reduced errors by 68% while improving efficiency,10,Materials Scientist,2021,intermediate,industry_validated
CPS-00086,sustainability,system_design,Measuring true environmental costs of products,Must comply with multiple regulations; Must work with existing minimal infrastructure,Adapted solution to changing conditions | Built low-fidelity prototype focusing on core functionality | Addressed concerns through transparent communication | Started with controlled pilot in optimal conditions,Understood that timing and sequence mattered more than individual components,"cradle-to-cradle design, nutrient cycles",Solution adopted by 21 organizations across 10 countries,9,Policy Analyst,2023,advanced,peer_reviewed
CPS-00087,business_innovation,efficiency,Competing with free alternatives,Limited to 4 team members; Budget limited to 60% of typical solutions,"Gradually expanded to more challenging contexts | Created feedback loops for continuous input | Created training and support materials | Documented transferable principles for future use | Pivoted approach based on evidence, not assumptions",Saw that solutions from 2 different domains could be integrated,"platform ecosystems, ecosystem niches",Reduced costs by 64% while improving satisfaction,8,Innovation Consultant,2023,advanced,experimental
CPS-00088,business_innovation,optimization,Competing with free alternatives,Cannot use established technology/approach; Cannot use expensive technology/approach; Must be implemented within 18 months; Requires approval from 3 stakeholder groups,Created feedback loops for continuous input | Documented transferable principles for future use | Documented learnings and iteration rationale,Discovered that the real problem was different from the stated problem,"tournament structures, ecosystem niches, evolutionary adaptation",Reduced time by 56% while improving satisfaction,8,Market Researcher,2019,beginner,industry_validated
CPS-00089,urban_planning,sustainability,Creating green spaces in dense urban areas,Must achieve 100% improvement over current state; Cannot use expensive technology/approach; Limited to 6 team members; Cannot use expensive technology/approach,Started with controlled pilot in optimal conditions | Developed phased rollout strategy | Documented learnings and iteration rationale | Created feedback loops for continuous input | Established continuous feedback mechanisms,Discovered that the real problem was different from the stated problem,"layered networks, circulatory systems, swarm behavior",Generated 2x ROI within first year of implementation,7,Community Planner,2022,beginner,experimental
CPS-00090,software_architecture,sustainability,Ensuring security without compromising usability,Must be implemented within 9 months; Limited to 4 team members,Conducted comparative analysis of 14 similar cases | Captured and shared learnings across teams | Adapted solution to changing conditions,Understood that timing and sequence mattered more than individual components,"neural networks, library organization",Became industry standard practice within 10 years,7,Security Specialist,2015,expert,peer_reviewed
CPS-00091,urban_planning,sustainability,Creating green spaces in dense urban areas,Cannot use conventional technology/approach; Must work with existing minimal infrastructure; Must comply with strict regulations; Cannot use established technology/approach,Identified key patterns from circulatory systems in nature/other fields | Documented transferable principles for future use | Addressed concerns through transparent communication | Refined solution to work within all constraints | Incorporated constraints as design features rather than limitations,Understood that timing and sequence mattered more than individual components,"forest ecosystems, layered networks, swarm behavior",Became industry standard practice within 2 years,10,Traffic Engineer,2016,intermediate,case_study
CPS-00092,urban_planning,efficiency,Reducing traffic congestion without expanding roads,Must comply with evolving regulations; Requires approval from 3 stakeholder groups; Must work with existing minimal infrastructure,Developed phased rollout strategy | Mapped all stakeholder needs and pain points | Documented learnings and iteration rationale | Addressed concerns through transparent communication,Saw that solutions from 3 different domains could be integrated,modular design,Reduced costs by 66% while improving efficiency,9,Urban Designer,2021,advanced,peer_reviewed
CPS-00093,education,accessibility,Engaging students with diverse learning styles,Must comply with strict regulations; Cannot use established technology/approach; Must comply with evolving regulations; Must work with existing aging infrastructure,Gradually expanded to more challenging contexts | Regularly reviewed performance against metrics | Facilitated co-design workshops with end users,Realized that sports coaching solved a similar problem by leveraging distributed intelligence,"game design, sports coaching, apprenticeship models",Generated 9x ROI within first year of implementation,6,Technology Integration Specialist,2012,beginner,experimental
CPS-00094,business_innovation,optimization,Competing with free alternatives,Must comply with international regulations; Cannot use established technology/approach; Must be implemented within 18 months; Must achieve 50% improvement over current state,"Mapped all stakeholder needs and pain points | Adapted solution to changing conditions | Built coalition of early adopters and champions | Pivoted approach based on evidence, not assumptions | Tested assumption riskiest first","Learned that user behavior, not technology, was the key bottleneck",evolutionary adaptation,Generated 5x ROI within first year of implementation,5,Product Manager,2016,expert,peer_reviewed
CPS-00095,sustainability,scalability,Measuring true environmental costs of products,Budget limited to 80% of typical solutions; Must be implemented within 6 months; Budget limited to 60% of typical solutions,"Pivoted approach based on evidence, not assumptions | Maintained quality while increasing volume | Identified key patterns from cradle-to-cradle design in nature/other fields | Documented transferable principles for future use",Recognized that a limitation could become a feature if viewed differently,"repair cultures, sharing economies, cradle-to-cradle design",Solution adopted by 45 organizations across 14 countries,7,Environmental Scientist,2015,advanced,industry_validated
CPS-00096,education,adaptation,Preparing students for jobs that don't exist yet,Requires approval from 5 stakeholder groups; Must comply with international regulations; Limited to 3 team members,Established continuous feedback mechanisms | Conducted comparative analysis of 8 similar cases | Facilitated co-design workshops with end users,Realized that exploration expeditions solved a similar problem by reframing the constraint,"exploration expeditions, apprenticeship models",Solution adopted by 24 organizations across 5 countries,9,Curriculum Designer,2010,beginner,industry_validated
CPS-00097,sustainability,sustainability,Measuring true environmental costs of products,Requires approval from 5 stakeholder groups; Cannot use expensive technology/approach; Must achieve 100% improvement over current state; Requires approval from 4 stakeholder groups,Created training and support materials | Built coalition of early adopters and champions | Conducted comparative analysis of 10 similar cases | Refined solution to work within all constraints,Saw that solutions from 3 different domains could be integrated,cradle-to-cradle design,Generated 8x ROI within first year of implementation,6,Circular Economy Designer,2011,expert,peer_reviewed
CPS-00098,education,adaptation,Integrating technology meaningfully in classrooms,Requires approval from 5 stakeholder groups; Must work with existing legacy infrastructure; Cannot use expensive technology/approach; Requires approval from 2 stakeholder groups,Ran 5 rapid test cycles with real users | Created training and support materials | Documented transferable principles for future use | Built low-fidelity prototype focusing on core functionality | Maintained quality while increasing volume,"Learned that user behavior, not technology, was the key bottleneck",studio critiques,Became industry standard practice within 8 years,8,Curriculum Designer,2011,intermediate,experimental
CPS-00099,business_innovation,collaboration,Pivoting business models during market disruption,Must work with existing minimal infrastructure; Must be implemented within 18 months,Facilitated co-design workshops with end users | Measured both quantitative metrics and qualitative feedback | Started with controlled pilot in optimal conditions | Tested assumption riskiest first | Regularly reviewed performance against metrics,Saw that solutions from 2 different domains could be integrated,"open source communities, ecosystem niches, tournament structures",Solution adopted by 15 organizations across 9 countries,10,Market Researcher,2022,beginner,peer_reviewed
CPS-00100,business_innovation,integration,Pivoting business models during market disruption,Must comply with international regulations; Must work with existing legacy infrastructure; Limited to 4 team members; Cannot use proprietary technology/approach,Refined solution to work within all constraints | Maintained quality while increasing volume | Regularly reviewed performance against metrics,Recognized that a limitation could become a feature if viewed differently,"platform ecosystems, tournament structures",Reduced waste by 79% while improving efficiency,6,Innovation Consultant,2021,beginner,experimental
CPS-00101,healthcare,adaptation,Bridging healthcare access gaps in rural areas,Cannot use proprietary technology/approach; Must comply with international regulations; Must comply with strict regulations,Created training and support materials | Started with controlled pilot in optimal conditions | Mapped all stakeholder needs and pain points,Understood that timing and sequence mattered more than individual components,"preventive maintenance, educational scaffolding, community networks",Reduced errors by 63% while improving quality,7,Healthcare Administrator,2010,beginner,industry_validated
CPS-00102,urban_planning,efficiency,Creating green spaces in dense urban areas,Must be implemented within 6 months; Limited to 3 team members,Built contingency plans for common failure modes | Captured and shared learnings across teams | Built coalition of early adopters and champions,Found that combining two unrelated approaches created synergistic effects,"forest ecosystems, modular design, layered networks",Reduced errors by 86% while improving efficiency,6,Community Planner,2018,intermediate,experimental
CPS-00103,education,sustainability,Integrating technology meaningfully in classrooms,Limited to 2 team members; Budget limited to 70% of typical solutions; Budget limited to 60% of typical solutions,Identified key patterns from game design in nature/other fields | Tested assumption riskiest first | Built coalition of early adopters and champions | Built contingency plans for common failure modes,Realized that apprenticeship models solved a similar problem by leveraging distributed intelligence,"studio critiques, sports coaching, game design",Became industry standard practice within 6 years,7,Educational Psychologist,2016,beginner,peer_reviewed
CPS-00104,biomimicry,optimization,Optimizing structural strength with minimal material,Budget limited to 70% of typical solutions; Cannot use proprietary technology/approach; Must work with existing limited infrastructure,Started with controlled pilot in optimal conditions | Regularly reviewed performance against metrics | Ran 6 rapid test cycles with real users,Realized that honeycomb structures solved a similar problem by using emergent properties,"Namib desert beetle, honeycomb structures",Reduced errors by 81% while improving satisfaction,9,Ecological Engineer,2018,intermediate,peer_reviewed
CPS-00105,urban_planning,accessibility,Improving public transportation adoption,Must be implemented within 3 months; Limited to 5 team members; Must comply with evolving regulations,Incorporated constraints as design features rather than limitations | Documented transferable principles for future use | Established success metrics and monitoring plan,"Learned that user behavior, not technology, was the key bottleneck",forest ecosystems,Achieved 188% improvement in primary metric while reducing costs by 19%,7,Urban Designer,2021,intermediate,peer_reviewed
CPS-00106,education,sustainability,Preparing students for jobs that don't exist yet,Cannot use conventional technology/approach; Limited to 6 team members; Budget limited to 70% of typical solutions; Cannot use conventional technology/approach,Facilitated co-design workshops with end users | Maintained quality while increasing volume | Built contingency plans for common failure modes | Built low-fidelity prototype focusing on technical feasibility,Understood that timing and sequence mattered more than individual components,apprenticeship models,Became industry standard practice within 2 years,8,Educational Psychologist,2021,intermediate,case_study
CPS-00107,sustainability,integration,Encouraging sustainable consumer behavior,Requires approval from 3 stakeholder groups; Requires approval from 2 stakeholder groups; Requires approval from 5 stakeholder groups; Budget limited to 70% of typical solutions,Created feedback loops for continuous input | Tested assumption riskiest first | Refined solution to work within all constraints,Recognized that a limitation could become a feature if viewed differently,"nutrient cycles, cradle-to-cradle design, repair cultures",Generated 4x ROI within first year of implementation,6,Policy Analyst,2024,intermediate,industry_validated
CPS-00108,urban_planning,efficiency,Balancing development with historical preservation,Must be implemented within 6 months; Must comply with multiple regulations; Budget limited to 70% of typical solutions; Limited to 5 team members,Ran 4 rapid test cycles with real users | Gradually expanded to more challenging contexts | Built low-fidelity prototype focusing on core functionality | Built coalition of early adopters and champions,"Learned that user behavior, not technology, was the key bottleneck","swarm behavior, forest ecosystems, modular design",Became industry standard practice within 5 years,8,Urban Designer,2021,intermediate,peer_reviewed
CPS-00109,urban_planning,sustainability,Creating green spaces in dense urban areas,Must achieve 50% improvement over current state; Must achieve 30% improvement over current state; Limited to 5 team members; Budget limited to 80% of typical solutions,Tested assumption riskiest first | Ran 8 rapid test cycles with real users | Developed phased rollout strategy | Mapped all stakeholder needs and pain points | Adapted solution to changing conditions,Understood that timing and sequence mattered more than individual components,modular design,Generated 3x ROI within first year of implementation,8,Traffic Engineer,2017,beginner,peer_reviewed
CPS-00110,business_innovation,collaboration,Competing with free alternatives,Must achieve 20% improvement over current state; Requires approval from 4 stakeholder groups,Started with controlled pilot in optimal conditions | Regularly reviewed performance against metrics | Built coalition of early adopters and champions | Identified key patterns from tournament structures in nature/other fields | Refined solution to work within all constraints,Saw that solutions from 3 different domains could be integrated,"platform ecosystems, ecosystem niches",Reduced errors by 71% while improving innovation,5,Market Researcher,2024,expert,peer_reviewed
CPS-00111,healthcare,adaptation,Bridging healthcare access gaps in rural areas,Must achieve 100% improvement over current state; Must achieve 20% improvement over current state; Budget limited to 60% of typical solutions,Incorporated constraints as design features rather than limitations | Established success metrics and monitoring plan | Captured and shared learnings across teams | Built coalition of early adopters and champions | Conducted comparative analysis of 12 similar cases,Recognized that a limitation could become a feature if viewed differently,community networks,Reduced costs by 61% while improving innovation,6,Healthcare Administrator,2013,beginner,case_study
CPS-00112,urban_planning,collaboration,Managing waste in high-density populations,Requires approval from 5 stakeholder groups; Must comply with evolving regulations; Must comply with multiple regulations; Must achieve 100% improvement over current state,Established continuous feedback mechanisms | Created feedback loops for continuous input | Created training and support materials | Maintained quality while increasing volume,Understood that timing and sequence mattered more than individual components,"swarm behavior, circulatory systems, modular design",Generated 4x ROI within first year of implementation,8,Urban Designer,2020,intermediate,experimental
CPS-00113,software_architecture,efficiency,Managing distributed team collaboration,Must achieve 100% improvement over current state; Budget limited to 70% of typical solutions; Must comply with strict regulations,Developed phased rollout strategy | Gradually expanded to more challenging contexts | Built low-fidelity prototype focusing on user experience,Realized that library organization solved a similar problem by leveraging distributed intelligence,"assembly lines, biological immune systems",Became industry standard practice within 6 years,5,System Architect,2024,beginner,experimental
CPS-00114,biomimicry,efficiency,Optimizing structural strength with minimal material,Must work with existing aging infrastructure; Must achieve 50% improvement over current state,Facilitated co-design workshops with end users | Conducted comparative analysis of 5 similar cases | Established success metrics and monitoring plan | Regularly reviewed performance against metrics,Found that combining two unrelated approaches created synergistic effects,"Namib desert beetle, gecko feet",Solution adopted by 22 organizations across 4 countries,9,Materials Scientist,2018,advanced,industry_validated
CPS-00115,software_architecture,resilience,Ensuring security without compromising usability,Cannot use conventional technology/approach; Requires approval from 4 stakeholder groups,Ran 6 rapid test cycles with real users | Quantified baseline metrics for success measurement | Built coalition of early adopters and champions | Gradually expanded to more challenging contexts | Established success metrics and monitoring plan,Discovered that the real problem was different from the stated problem,city infrastructure,Achieved 187% improvement in primary metric while reducing costs by 26%,5,DevOps Engineer,2011,advanced,experimental
CPS-00116,business_innovation,scalability,Pivoting business models during market disruption,Cannot use conventional technology/approach; Limited to 8 team members; Must be implemented within 9 months,Gradually expanded to more challenging contexts | Conducted comparative analysis of 13 similar cases | Documented learnings and iteration rationale | Measured both quantitative metrics and qualitative feedback | Created feedback loops for continuous input,Recognized that a limitation could become a feature if viewed differently,"tournament structures, evolutionary adaptation",Achieved 143% improvement in primary metric while reducing costs by 21%,5,Product Manager,2023,intermediate,case_study
CPS-00117,software_architecture,sustainability,Maintaining legacy systems while innovating,Requires approval from 5 stakeholder groups; Must achieve 30% improvement over current state; Must work with existing aging infrastructure; Requires approval from 4 stakeholder groups,Maintained quality while increasing volume | Built low-fidelity prototype focusing on technical feasibility | Conducted comparative analysis of 13 similar cases | Built contingency plans for common failure modes,Recognized that a limitation could become a feature if viewed differently,"assembly lines, neural networks",Became industry standard practice within 9 years,8,System Architect,2014,intermediate,peer_reviewed
CPS-00118,biomimicry,adaptation,Designing self-cleaning surfaces,Cannot use established technology/approach; Limited to 3 team members,Built coalition of early adopters and champions | Captured and shared learnings across teams | Refined solution to work within all constraints,Recognized that a limitation could become a feature if viewed differently,"termite mounds, gecko feet, Namib desert beetle",Achieved 169% improvement in primary metric while reducing costs by 46%,6,Ecological Engineer,2021,advanced,experimental
CPS-00119,urban_planning,resilience,Balancing development with historical preservation,Must work with existing minimal infrastructure; Must be implemented within 18 months,"Documented learnings and iteration rationale | Established success metrics and monitoring plan | Mapped all stakeholder needs and pain points | Documented transferable principles for future use | Pivoted approach based on evidence, not assumptions",Found that combining two unrelated approaches created synergistic effects,"circulatory systems, forest ecosystems",Achieved 159% improvement in primary metric while reducing costs by 14%,9,Urban Designer,2024,intermediate,experimental
CPS-00120,sustainability,scalability,Converting waste streams into valuable resources,Must work with existing minimal infrastructure; Cannot use conventional technology/approach; Must comply with strict regulations; Cannot use expensive technology/approach,Regularly reviewed performance against metrics | Ran 5 rapid test cycles with real users | Gradually expanded to more challenging contexts | Created feedback loops for continuous input,Recognized that a limitation could become a feature if viewed differently,"sharing economies, cradle-to-cradle design, nutrient cycles",Reduced errors by 83% while improving efficiency,10,Environmental Scientist,2011,advanced,experimental
CPS-00121,education,scalability,Integrating technology meaningfully in classrooms,Must be implemented within 9 months; Limited to 5 team members; Must work with existing limited infrastructure,Documented learnings and iteration rationale | Captured and shared learnings across teams | Addressed concerns through transparent communication | Established continuous feedback mechanisms | Ran 4 rapid test cycles with real users,Saw that solutions from 4 different domains could be integrated,"apprenticeship models, sports coaching, studio critiques",Generated 6x ROI within first year of implementation,7,Educational Psychologist,2021,advanced,industry_validated
CPS-00122,software_architecture,scalability,Scaling systems under unpredictable load,Limited to 5 team members; Must comply with strict regulations,Documented transferable principles for future use | Documented learnings and iteration rationale | Created feedback loops for continuous input | Ran 3 rapid test cycles with real users,Realized that library organization solved a similar problem by using emergent properties,"city infrastructure, biological immune systems",Generated 8x ROI within first year of implementation,8,DevOps Engineer,2023,beginner,peer_reviewed
CPS-00123,biomimicry,collaboration,Optimizing structural strength with minimal material,Must be implemented within 18 months; Must comply with evolving regulations; Requires approval from 5 stakeholder groups,Captured and shared learnings across teams | Established continuous feedback mechanisms | Quantified baseline metrics for success measurement,Realized that gecko feet solved a similar problem by using emergent properties,"honeycomb structures, termite mounds, lotus leaves",Generated 9x ROI within first year of implementation,9,Materials Scientist,2010,beginner,industry_validated
CPS-00124,biomimicry,collaboration,Developing adhesive materials without chemicals,Limited to 2 team members; Must work with existing minimal infrastructure,Established continuous feedback mechanisms | Created training and support materials | Addressed concerns through transparent communication | Started with controlled pilot in optimal conditions | Identified key patterns from lotus leaves in nature/other fields,Found that combining two unrelated approaches created synergistic effects,"honeycomb structures, gecko feet, lotus leaves",Achieved 177% improvement in primary metric while reducing costs by 44%,7,Biologist,2022,expert,peer_reviewed
CPS-00125,sustainability,system_design,Designing products for complete recyclability,Must work with existing legacy infrastructure; Cannot use conventional technology/approach; Limited to 8 team members,Mapped all stakeholder needs and pain points | Measured both quantitative metrics and qualitative feedback | Documented transferable principles for future use,"Learned that user behavior, not technology, was the key bottleneck",cradle-to-cradle design,Solution adopted by 44 organizations across 3 countries,5,Policy Analyst,2011,advanced,peer_reviewed
CPS-00126,business_innovation,scalability,Pivoting business models during market disruption,Must work with existing legacy infrastructure; Cannot use established technology/approach,Created feedback loops for continuous input | Established continuous feedback mechanisms | Identified key patterns from evolutionary adaptation in nature/other fields | Developed phased rollout strategy,Understood that timing and sequence mattered more than individual components,"open source communities, ecosystem niches",Solution adopted by 12 organizations across 7 countries,8,Product Manager,2011,expert,experimental
CPS-00127,biomimicry,system_design,Optimizing structural strength with minimal material,Must achieve 30% improvement over current state; Limited to 4 team members,"Pivoted approach based on evidence, not assumptions | Started with controlled pilot in optimal conditions | Created feedback loops for continuous input",Discovered that the real problem was different from the stated problem,"Namib desert beetle, termite mounds",Solution adopted by 15 organizations across 11 countries,9,Materials Scientist,2023,expert,industry_validated
CPS-00128,biomimicry,collaboration,Optimizing structural strength with minimal material,Must work with existing aging infrastructure; Limited to 6 team members,Built contingency plans for common failure modes | Created feedback loops for continuous input | Regularly reviewed performance against metrics,"Learned that user behavior, not technology, was the key bottleneck","honeycomb structures, termite mounds, lotus leaves",Solution adopted by 20 organizations across 12 countries,10,Materials Scientist,2023,beginner,experimental
CPS-00129,business_innovation,collaboration,Pivoting business models during market disruption,Cannot use proprietary technology/approach; Must achieve 20% improvement over current state; Must be implemented within 12 months,Tested assumption riskiest first | Developed phased rollout strategy | Quantified baseline metrics for success measurement | Adapted solution to changing conditions | Facilitated co-design workshops with end users,Found that combining two unrelated approaches created synergistic effects,tournament structures,Reduced costs by 62% while improving efficiency,10,Innovation Consultant,2014,beginner,case_study
CPS-00130,sustainability,sustainability,Encouraging sustainable consumer behavior,Must be implemented within 12 months; Requires approval from 5 stakeholder groups; Must comply with strict regulations,Ran 3 rapid test cycles with real users | Identified key patterns from repair cultures in nature/other fields | Started with controlled pilot in optimal conditions,Understood that timing and sequence mattered more than individual components,sharing economies,Solution adopted by 33 organizations across 13 countries,9,Policy Analyst,2015,expert,industry_validated
CPS-00131,sustainability,resilience,Measuring true environmental costs of products,Must achieve 100% improvement over current state; Requires approval from 3 stakeholder groups; Requires approval from 3 stakeholder groups; Requires approval from 3 stakeholder groups,Tested assumption riskiest first | Regularly reviewed performance against metrics | Mapped all stakeholder needs and pain points | Addressed concerns through transparent communication,"Learned that user behavior, not technology, was the key bottleneck",repair cultures,Generated 4x ROI within first year of implementation,8,Environmental Scientist,2017,advanced,peer_reviewed
CPS-00132,biomimicry,efficiency,Water collection in arid environments,Requires approval from 5 stakeholder groups; Requires approval from 3 stakeholder groups; Must achieve 50% improvement over current state,Conducted comparative analysis of 15 similar cases | Maintained quality while increasing volume | Measured both quantitative metrics and qualitative feedback | Regularly reviewed performance against metrics | Developed phased rollout strategy,Recognized that a limitation could become a feature if viewed differently,"Namib desert beetle, lotus leaves",Became industry standard practice within 8 years,7,Materials Scientist,2014,expert,case_study
CPS-00133,healthcare,collaboration,Managing chronic diseases with limited resources,Must achieve 50% improvement over current state; Cannot use established technology/approach; Limited to 3 team members,Built contingency plans for common failure modes | Mapped all stakeholder needs and pain points | Built coalition of early adopters and champions | Documented transferable principles for future use | Refined solution to work within all constraints,Realized that community networks solved a similar problem by reframing the constraint,quality control systems,Generated 3x ROI within first year of implementation,10,Healthcare Administrator,2013,beginner,case_study
CPS-00134,education,resource_constraint,Supporting students with varying background knowledge,Must comply with international regulations; Limited to 8 team members; Requires approval from 5 stakeholder groups; Must be implemented within 9 months,Captured and shared learnings across teams | Established success metrics and monitoring plan | Conducted comparative analysis of 10 similar cases | Built low-fidelity prototype focusing on technical feasibility | Established continuous feedback mechanisms,Found that combining two unrelated approaches created synergistic effects,"studio critiques, exploration expeditions",Became industry standard practice within 7 years,8,Educational Psychologist,2015,intermediate,case_study
CPS-00135,healthcare,efficiency,Reducing hospital-acquired infections,Must work with existing legacy infrastructure; Limited to 5 team members,Mapped all stakeholder needs and pain points | Addressed concerns through transparent communication | Established continuous feedback mechanisms,Discovered that the real problem was different from the stated problem,"quality control systems, logistics optimization, preventive maintenance",Generated 3x ROI within first year of implementation,5,Medical Doctor,2011,beginner,case_study
CPS-00136,business_innovation,scalability,Identifying unmet customer needs,Must be implemented within 9 months; Budget limited to 50% of typical solutions,Developed phased rollout strategy | Addressed concerns through transparent communication | Regularly reviewed performance against metrics,Realized that tournament structures solved a similar problem by reframing the constraint,"evolutionary adaptation, ecosystem niches, platform ecosystems",Became industry standard practice within 10 years,10,Market Researcher,2012,expert,case_study
CPS-00137,software_architecture,accessibility,Ensuring security without compromising usability,Must work with existing limited infrastructure; Limited to 2 team members; Must comply with strict regulations,Conducted comparative analysis of 10 similar cases | Built contingency plans for common failure modes | Addressed concerns through transparent communication | Refined solution to work within all constraints,Saw that solutions from 3 different domains could be integrated,assembly lines,Achieved 124% improvement in primary metric while reducing costs by 21%,6,DevOps Engineer,2016,beginner,peer_reviewed
CPS-00138,urban_planning,behavior_change,Improving public transportation adoption,Must work with existing minimal infrastructure; Must be implemented within 6 months; Limited to 7 team members,Documented learnings and iteration rationale | Captured and shared learnings across teams | Built contingency plans for common failure modes | Established continuous feedback mechanisms,Realized that modular design solved a similar problem by leveraging distributed intelligence,modular design,Solution adopted by 14 organizations across 6 countries,7,Community Planner,2017,expert,industry_validated
CPS-00139,sustainability,efficiency,Designing products for complete recyclability,Budget limited to 80% of typical solutions; Must be implemented within 12 months,"Incorporated constraints as design features rather than limitations | Pivoted approach based on evidence, not assumptions | Captured and shared learnings across teams | Built contingency plans for common failure modes",Understood that timing and sequence mattered more than individual components,sharing economies,Reduced costs by 43% while improving quality,5,Environmental Scientist,2023,advanced,industry_validated
CPS-00140,biomimicry,accessibility,Developing adhesive materials without chemicals,Limited to 4 team members; Must comply with international regulations,Conducted comparative analysis of 8 similar cases | Started with controlled pilot in optimal conditions | Created feedback loops for continuous input | Developed phased rollout strategy,Realized that honeycomb structures solved a similar problem by leveraging distributed intelligence,"honeycomb structures, Namib desert beetle",Reduced time by 61% while improving innovation,10,Materials Scientist,2012,advanced,industry_validated
CPS-00141,arts_creativity,sustainability,Collaborating across different artistic mediums,Must be implemented within 18 months; Must work with existing aging infrastructure; Requires approval from 2 stakeholder groups; Requires approval from 5 stakeholder groups,Established success metrics and monitoring plan | Captured and shared learnings across teams | Mapped all stakeholder needs and pain points,"Learned that user behavior, not technology, was the key bottleneck","narrative structures, collage techniques, architectural constraints",Reduced time by 41% while improving satisfaction,8,Visual Artist,2020,expert,industry_validated
CPS-00142,arts_creativity,collaboration,Making art accessible to diverse audiences,Budget limited to 60% of typical solutions; Must comply with international regulations; Cannot use expensive technology/approach; Cannot use proprietary technology/approach,Measured both quantitative metrics and qualitative feedback | Tested assumption riskiest first | Identified key patterns from collage techniques in nature/other fields | Created feedback loops for continuous input,Discovered that the real problem was different from the stated problem,"collage techniques, improvisational jazz",Achieved 96% improvement in primary metric while reducing costs by 27%,5,Music Composer,2019,advanced,case_study
CPS-00143,arts_creativity,adaptation,Balancing artistic vision with commercial viability,Must be implemented within 12 months; Cannot use expensive technology/approach; Must be implemented within 18 months; Must be implemented within 18 months,Adapted solution to changing conditions | Created training and support materials | Gradually expanded to more challenging contexts | Incorporated constraints as design features rather than limitations | Addressed concerns through transparent communication,Understood that timing and sequence mattered more than individual components,"architectural constraints, collage techniques",Achieved 101% improvement in primary metric while reducing costs by 19%,10,Creative Director,2013,advanced,experimental
CPS-00144,education,adaptation,Integrating technology meaningfully in classrooms,Must work with existing minimal infrastructure; Limited to 2 team members,Incorporated constraints as design features rather than limitations | Established continuous feedback mechanisms | Mapped all stakeholder needs and pain points | Addressed concerns through transparent communication,Recognized that a limitation could become a feature if viewed differently,"exploration expeditions, studio critiques, apprenticeship models",Solution adopted by 46 organizations across 12 countries,10,Educational Psychologist,2015,beginner,case_study
CPS-00145,software_architecture,efficiency,Maintaining legacy systems while innovating,Cannot use established technology/approach; Must comply with international regulations; Must achieve 30% improvement over current state; Requires approval from 3 stakeholder groups,Built contingency plans for common failure modes | Tested assumption riskiest first | Gradually expanded to more challenging contexts | Addressed concerns through transparent communication | Conducted comparative analysis of 7 similar cases,Saw that solutions from 2 different domains could be integrated,"assembly lines, biological immune systems",Generated 6x ROI within first year of implementation,6,Security Specialist,2013,advanced,peer_reviewed
CPS-00146,arts_creativity,accessibility,Collaborating across different artistic mediums,Budget limited to 70% of typical solutions; Requires approval from 3 stakeholder groups,Refined solution to work within all constraints | Created feedback loops for continuous input | Built low-fidelity prototype focusing on core functionality | Adapted solution to changing conditions | Conducted comparative analysis of 14 similar cases,Understood that timing and sequence mattered more than individual components,"narrative structures, architectural constraints",Became industry standard practice within 4 years,8,Visual Artist,2011,advanced,experimental
CPS-00147,software_architecture,resource_constraint,Ensuring security without compromising usability,Budget limited to 60% of typical solutions; Must achieve 50% improvement over current state; Must comply with international regulations,Documented learnings and iteration rationale | Built contingency plans for common failure modes | Regularly reviewed performance against metrics | Gradually expanded to more challenging contexts,Realized that assembly lines solved a similar problem by using emergent properties,"biological immune systems, assembly lines",Achieved 121% improvement in primary metric while reducing costs by 45%,6,DevOps Engineer,2012,intermediate,industry_validated
CPS-00148,healthcare,optimization,Bridging healthcare access gaps in rural areas,Cannot use established technology/approach; Must be implemented within 6 months; Must achieve 20% improvement over current state; Must comply with strict regulations,Gradually expanded to more challenging contexts | Documented transferable principles for future use | Conducted comparative analysis of 12 similar cases | Refined solution to work within all constraints,Discovered that the real problem was different from the stated problem,logistics optimization,Solution adopted by 9 organizations across 10 countries,8,Medical Doctor,2010,intermediate,peer_reviewed
CPS-00149,arts_creativity,scalability,Preserving cultural heritage while innovating,Cannot use conventional technology/approach; Requires approval from 5 stakeholder groups; Limited to 7 team members; Requires approval from 3 stakeholder groups,Maintained quality while increasing volume | Quantified baseline metrics for success measurement | Documented learnings and iteration rationale | Created feedback loops for continuous input,"Learned that user behavior, not technology, was the key bottleneck","collage techniques, architectural constraints, narrative structures",Solution adopted by 10 organizations across 6 countries,6,Creative Director,2024,advanced,peer_reviewed
CPS-00150,arts_creativity,resilience,Balancing artistic vision with commercial viability,Must be implemented within 3 months; Must be implemented within 18 months,Ran 3 rapid test cycles with real users | Quantified baseline metrics for success measurement | Adapted solution to changing conditions | Documented learnings and iteration rationale,Saw that solutions from 4 different domains could be integrated,collage techniques,Achieved 77% improvement in primary metric while reducing costs by 15%,5,Visual Artist,2020,expert,experimental
CPS-00151,arts_creativity,collaboration,Making art accessible to diverse audiences,Requires approval from 4 stakeholder groups; Limited to 8 team members; Requires approval from 2 stakeholder groups,Facilitated co-design workshops with end users | Identified key patterns from architectural constraints in nature/other fields | Adapted solution to changing conditions,Recognized that a limitation could become a feature if viewed differently,improvisational jazz,Solution adopted by 49 organizations across 9 countries,7,Creative Director,2023,expert,case_study
CPS-00152,sustainability,resource_constraint,Reducing plastic waste in supply chains,Limited to 5 team members; Must achieve 50% improvement over current state; Budget limited to 80% of typical solutions; Limited to 5 team members,"Established success metrics and monitoring plan | Captured and shared learnings across teams | Adapted solution to changing conditions | Pivoted approach based on evidence, not assumptions | Identified key patterns from sharing economies in nature/other fields","Learned that user behavior, not technology, was the key bottleneck","cradle-to-cradle design, sharing economies",Became industry standard practice within 8 years,10,Policy Analyst,2011,expert,peer_reviewed
CPS-00153,software_architecture,system_design,Maintaining legacy systems while innovating,Must achieve 20% improvement over current state; Limited to 5 team members; Requires approval from 3 stakeholder groups; Must work with existing legacy infrastructure,Built low-fidelity prototype focusing on core functionality | Regularly reviewed performance against metrics | Maintained quality while increasing volume,Saw that solutions from 3 different domains could be integrated,"library organization, city infrastructure, neural networks",Achieved 161% improvement in primary metric while reducing costs by 48%,9,Security Specialist,2022,beginner,case_study
CPS-00154,urban_planning,adaptation,Creating green spaces in dense urban areas,Must work with existing aging infrastructure; Cannot use proprietary technology/approach,Ran 4 rapid test cycles with real users | Created training and support materials | Regularly reviewed performance against metrics | Quantified baseline metrics for success measurement | Captured and shared learnings across teams,Recognized that a limitation could become a feature if viewed differently,"modular design, swarm behavior",Became industry standard practice within 2 years,8,Urban Designer,2016,beginner,experimental
CPS-00155,biomimicry,resilience,Creating energy-efficient cooling systems,Requires approval from 5 stakeholder groups; Limited to 7 team members,Built contingency plans for common failure modes | Documented learnings and iteration rationale | Started with controlled pilot in optimal conditions | Regularly reviewed performance against metrics | Conducted comparative analysis of 13 similar cases,Understood that timing and sequence mattered more than individual components,"termite mounds, lotus leaves",Achieved 37% improvement in primary metric while reducing costs by 44%,7,Materials Scientist,2020,advanced,case_study
CPS-00156,biomimicry,sustainability,Designing self-cleaning surfaces,Budget limited to 80% of typical solutions; Must comply with multiple regulations; Must work with existing aging infrastructure,Built low-fidelity prototype focusing on technical feasibility | Maintained quality while increasing volume | Built contingency plans for common failure modes | Created feedback loops for continuous input,Recognized that a limitation could become a feature if viewed differently,gecko feet,Generated 8x ROI within first year of implementation,8,Ecological Engineer,2024,expert,experimental
CPS-00157,software_architecture,efficiency,Maintaining legacy systems while innovating,Must achieve 100% improvement over current state; Cannot use conventional technology/approach,"Created feedback loops for continuous input | Pivoted approach based on evidence, not assumptions | Maintained quality while increasing volume | Quantified baseline metrics for success measurement | Documented learnings and iteration rationale",Discovered that the real problem was different from the stated problem,assembly lines,Reduced errors by 70% while improving efficiency,8,DevOps Engineer,2022,expert,experimental
CPS-00158,software_architecture,efficiency,Maintaining legacy systems while innovating,Must achieve 100% improvement over current state; Must achieve 30% improvement over current state; Must comply with strict regulations; Limited to 5 team members,Ran 5 rapid test cycles with real users | Incorporated constraints as design features rather than limitations | Developed phased rollout strategy,Understood that timing and sequence mattered more than individual components,neural networks,Solution adopted by 35 organizations across 10 countries,6,Security Specialist,2023,expert,case_study
CPS-00159,sustainability,resilience,Measuring true environmental costs of products,Must achieve 20% improvement over current state; Must comply with international regulations,Ran 3 rapid test cycles with real users | Identified key patterns from cradle-to-cradle design in nature/other fields | Established success metrics and monitoring plan,Understood that timing and sequence mattered more than individual components,"nutrient cycles, natural ecosystems",Generated 4x ROI within first year of implementation,5,Environmental Scientist,2013,intermediate,peer_reviewed
CPS-00160,business_innovation,efficiency,Competing with free alternatives,Must be implemented within 9 months; Budget limited to 70% of typical solutions; Must achieve 100% improvement over current state,Ran 5 rapid test cycles with real users | Mapped all stakeholder needs and pain points | Regularly reviewed performance against metrics,Discovered that the real problem was different from the stated problem,tournament structures,Achieved 138% improvement in primary metric while reducing costs by 45%,5,Innovation Consultant,2014,advanced,experimental
CPS-00161,sustainability,resilience,Converting waste streams into valuable resources,Requires approval from 2 stakeholder groups; Cannot use conventional technology/approach; Requires approval from 2 stakeholder groups; Limited to 7 team members,Adapted solution to changing conditions | Created feedback loops for continuous input | Established success metrics and monitoring plan,Found that combining two unrelated approaches created synergistic effects,nutrient cycles,Generated 2x ROI within first year of implementation,9,Environmental Scientist,2022,beginner,case_study
CPS-00162,business_innovation,integration,Identifying unmet customer needs,Must comply with international regulations; Cannot use conventional technology/approach; Must be implemented within 12 months,"Addressed concerns through transparent communication | Pivoted approach based on evidence, not assumptions | Conducted comparative analysis of 8 similar cases | Regularly reviewed performance against metrics",Recognized that a limitation could become a feature if viewed differently,platform ecosystems,Achieved 175% improvement in primary metric while reducing costs by 42%,6,Innovation Consultant,2024,intermediate,industry_validated
CPS-00163,healthcare,collaboration,Improving patient compliance with treatment plans,Requires approval from 5 stakeholder groups; Budget limited to 80% of typical solutions; Budget limited to 70% of typical solutions; Limited to 8 team members,Tested assumption riskiest first | Quantified baseline metrics for success measurement | Established success metrics and monitoring plan | Measured both quantitative metrics and qualitative feedback,Discovered that the real problem was different from the stated problem,quality control systems,Reduced errors by 67% while improving quality,10,Public Health Specialist,2023,advanced,peer_reviewed
CPS-00164,urban_planning,behavior_change,Managing waste in high-density populations,Budget limited to 70% of typical solutions; Must work with existing legacy infrastructure; Must achieve 20% improvement over current state,Ran 8 rapid test cycles with real users | Established success metrics and monitoring plan | Conducted comparative analysis of 14 similar cases | Captured and shared learnings across teams | Established continuous feedback mechanisms,Saw that solutions from 3 different domains could be integrated,"layered networks, circulatory systems",Reduced waste by 46% while improving quality,10,Urban Designer,2019,intermediate,peer_reviewed
CPS-00165,education,accessibility,Integrating technology meaningfully in classrooms,Must achieve 30% improvement over current state; Must work with existing limited infrastructure; Budget limited to 50% of typical solutions,Tested assumption riskiest first | Established success metrics and monitoring plan | Measured both quantitative metrics and qualitative feedback,Saw that solutions from 2 different domains could be integrated,"game design, sports coaching, apprenticeship models",Generated 7x ROI within first year of implementation,9,Technology Integration Specialist,2015,advanced,industry_validated
CPS-00166,arts_creativity,system_design,Balancing artistic vision with commercial viability,Must achieve 20% improvement over current state; Must achieve 30% improvement over current state,Captured and shared learnings across teams | Built coalition of early adopters and champions | Adapted solution to changing conditions,Discovered that the real problem was different from the stated problem,"architectural constraints, collage techniques",Solution adopted by 28 organizations across 2 countries,7,Creative Director,2012,advanced,peer_reviewed
CPS-00167,software_architecture,optimization,Maintaining legacy systems while innovating,Requires approval from 2 stakeholder groups; Budget limited to 60% of typical solutions,Maintained quality while increasing volume | Quantified baseline metrics for success measurement | Tested assumption riskiest first | Addressed concerns through transparent communication,"Learned that user behavior, not technology, was the key bottleneck",biological immune systems,Achieved 187% improvement in primary metric while reducing costs by 47%,10,DevOps Engineer,2023,intermediate,experimental
CPS-00168,healthcare,sustainability,Improving patient compliance with treatment plans,Must be implemented within 6 months; Limited to 8 team members; Must comply with international regulations; Must achieve 30% improvement over current state,Captured and shared learnings across teams | Tested assumption riskiest first | Built contingency plans for common failure modes | Measured both quantitative metrics and qualitative feedback,Realized that logistics optimization solved a similar problem by leveraging distributed intelligence,preventive maintenance,Generated 2x ROI within first year of implementation,8,Public Health Specialist,2016,expert,industry_validated
CPS-00169,business_innovation,scalability,Fostering innovation in risk-averse organizations,Budget limited to 60% of typical solutions; Must achieve 30% improvement over current state; Requires approval from 2 stakeholder groups,Conducted comparative analysis of 9 similar cases | Incorporated constraints as design features rather than limitations | Established success metrics and monitoring plan | Adapted solution to changing conditions,Saw that solutions from 2 different domains could be integrated,"open source communities, tournament structures",Solution adopted by 35 organizations across 12 countries,8,Product Manager,2018,expert,experimental
CPS-00170,sustainability,integration,Reducing plastic waste in supply chains,Limited to 8 team members; Limited to 3 team members,Ran 5 rapid test cycles with real users | Built contingency plans for common failure modes | Mapped all stakeholder needs and pain points | Built low-fidelity prototype focusing on core functionality,Understood that timing and sequence mattered more than individual components,"cradle-to-cradle design, sharing economies, nutrient cycles",Reduced errors by 46% while improving efficiency,8,Policy Analyst,2024,advanced,case_study
CPS-00171,software_architecture,adaptation,Scaling systems under unpredictable load,Cannot use conventional technology/approach; Must achieve 20% improvement over current state; Cannot use expensive technology/approach; Must be implemented within 12 months,Facilitated co-design workshops with end users | Regularly reviewed performance against metrics | Documented learnings and iteration rationale | Identified key patterns from assembly lines in nature/other fields,"Learned that user behavior, not technology, was the key bottleneck","city infrastructure, library organization",Generated 6x ROI within first year of implementation,5,DevOps Engineer,2019,intermediate,industry_validated
CPS-00172,business_innovation,sustainability,Building platforms that create network effects,Budget limited to 50% of typical solutions; Requires approval from 5 stakeholder groups; Must comply with evolving regulations; Limited to 6 team members,Measured both quantitative metrics and qualitative feedback | Facilitated co-design workshops with end users | Maintained quality while increasing volume,"Learned that user behavior, not technology, was the key bottleneck","ecosystem niches, open source communities, tournament structures",Solution adopted by 28 organizations across 3 countries,7,Product Manager,2018,beginner,experimental
CPS-00173,biomimicry,adaptation,Designing self-cleaning surfaces,Must achieve 100% improvement over current state; Must comply with international regulations; Must work with existing minimal infrastructure; Budget limited to 50% of typical solutions,Conducted comparative analysis of 15 similar cases | Captured and shared learnings across teams | Built coalition of early adopters and champions | Incorporated constraints as design features rather than limitations,Recognized that a limitation could become a feature if viewed differently,lotus leaves,Reduced time by 85% while improving quality,6,Materials Scientist,2021,beginner,case_study
CPS-00174,arts_creativity,sustainability,Balancing artistic vision with commercial viability,Budget limited to 50% of typical solutions; Limited to 8 team members,Facilitated co-design workshops with end users | Built low-fidelity prototype focusing on core functionality | Regularly reviewed performance against metrics,Realized that architectural constraints solved a similar problem by leveraging distributed intelligence,"narrative structures, collage techniques",Became industry standard practice within 8 years,7,Visual Artist,2010,expert,industry_validated
CPS-00175,biomimicry,behavior_change,Optimizing structural strength with minimal material,Must work with existing legacy infrastructure; Requires approval from 4 stakeholder groups; Budget limited to 50% of typical solutions,Measured both quantitative metrics and qualitative feedback | Documented learnings and iteration rationale | Established success metrics and monitoring plan,Found that combining two unrelated approaches created synergistic effects,Namib desert beetle,Reduced waste by 54% while improving quality,5,Materials Scientist,2013,expert,peer_reviewed
CPS-00176,urban_planning,system_design,Reducing traffic congestion without expanding roads,Must achieve 50% improvement over current state; Must work with existing limited infrastructure; Limited to 3 team members,Conducted comparative analysis of 10 similar cases | Facilitated co-design workshops with end users | Created training and support materials | Measured both quantitative metrics and qualitative feedback | Tested assumption riskiest first,Saw that solutions from 3 different domains could be integrated,"circulatory systems, forest ecosystems",Solution adopted by 14 organizations across 5 countries,9,Urban Designer,2016,expert,industry_validated
CPS-00177,software_architecture,behavior_change,Maintaining legacy systems while innovating,Cannot use expensive technology/approach; Requires approval from 4 stakeholder groups; Must achieve 30% improvement over current state,Documented transferable principles for future use | Refined solution to work within all constraints | Quantified baseline metrics for success measurement | Tested assumption riskiest first,Recognized that a limitation could become a feature if viewed differently,"library organization, assembly lines",Solution adopted by 40 organizations across 11 countries,6,System Architect,2010,beginner,industry_validated
CPS-00178,business_innovation,accessibility,Building platforms that create network effects,Must comply with international regulations; Must achieve 50% improvement over current state; Must be implemented within 12 months,"Mapped all stakeholder needs and pain points | Pivoted approach based on evidence, not assumptions | Created training and support materials",Saw that solutions from 2 different domains could be integrated,"evolutionary adaptation, ecosystem niches",Achieved 96% improvement in primary metric while reducing costs by 48%,5,Product Manager,2020,expert,experimental
CPS-00179,urban_planning,behavior_change,Balancing development with historical preservation,Cannot use established technology/approach; Requires approval from 4 stakeholder groups; Limited to 6 team members,Maintained quality while increasing volume | Ran 5 rapid test cycles with real users | Conducted comparative analysis of 7 similar cases | Established success metrics and monitoring plan,Discovered that the real problem was different from the stated problem,"forest ecosystems, layered networks",Achieved 80% improvement in primary metric while reducing costs by 41%,10,Urban Designer,2022,intermediate,industry_validated
CPS-00180,arts_creativity,adaptation,Preserving cultural heritage while innovating,Must be implemented within 6 months; Must be implemented within 9 months; Must be implemented within 12 months; Must be implemented within 9 months,Built low-fidelity prototype focusing on user experience | Conducted comparative analysis of 5 similar cases | Built contingency plans for common failure modes,Recognized that a limitation could become a feature if viewed differently,"narrative structures, architectural constraints",Generated 5x ROI within first year of implementation,9,Visual Artist,2015,advanced,case_study
CPS-00181,biomimicry,collaboration,Optimizing structural strength with minimal material,Cannot use conventional technology/approach; Must be implemented within 18 months; Requires approval from 3 stakeholder groups,"Pivoted approach based on evidence, not assumptions | Established success metrics and monitoring plan | Documented transferable principles for future use | Captured and shared learnings across teams",Recognized that a limitation could become a feature if viewed differently,"Namib desert beetle, termite mounds",Became industry standard practice within 10 years,10,Ecological Engineer,2023,expert,peer_reviewed
CPS-00182,business_innovation,sustainability,Identifying unmet customer needs,Must work with existing limited infrastructure; Must work with existing limited infrastructure; Must be implemented within 3 months; Limited to 7 team members,Created feedback loops for continuous input | Documented learnings and iteration rationale | Ran 7 rapid test cycles with real users,"Learned that user behavior, not technology, was the key bottleneck","open source communities, tournament structures, evolutionary adaptation",Achieved 87% improvement in primary metric while reducing costs by 26%,9,Innovation Consultant,2012,advanced,experimental
CPS-00183,biomimicry,optimization,Developing adhesive materials without chemicals,Must work with existing minimal infrastructure; Limited to 4 team members; Must comply with multiple regulations; Must work with existing legacy infrastructure,Quantified baseline metrics for success measurement | Developed phased rollout strategy | Ran 7 rapid test cycles with real users | Tested assumption riskiest first,Recognized that a limitation could become a feature if viewed differently,gecko feet,Became industry standard practice within 2 years,10,Biologist,2010,expert,industry_validated
CPS-00184,arts_creativity,integration,Preserving cultural heritage while innovating,Limited to 2 team members; Requires approval from 4 stakeholder groups; Must work with existing minimal infrastructure,Built coalition of early adopters and champions | Documented learnings and iteration rationale | Created training and support materials,"Learned that user behavior, not technology, was the key bottleneck","improvisational jazz, collage techniques, architectural constraints",Reduced time by 43% while improving quality,10,Music Composer,2019,expert,peer_reviewed
CPS-00185,arts_creativity,optimization,Collaborating across different artistic mediums,Must work with existing minimal infrastructure; Must achieve 50% improvement over current state,Built contingency plans for common failure modes | Facilitated co-design workshops with end users | Measured both quantitative metrics and qualitative feedback | Quantified baseline metrics for success measurement | Captured and shared learnings across teams,Understood that timing and sequence mattered more than individual components,improvisational jazz,Generated 4x ROI within first year of implementation,9,Creative Director,2022,expert,case_study
CPS-00186,urban_planning,adaptation,Creating green spaces in dense urban areas,Cannot use expensive technology/approach; Budget limited to 80% of typical solutions,Mapped all stakeholder needs and pain points | Adapted solution to changing conditions | Facilitated co-design workshops with end users | Established success metrics and monitoring plan,Discovered that the real problem was different from the stated problem,"modular design, swarm behavior, layered networks",Solution adopted by 39 organizations across 10 countries,6,Traffic Engineer,2023,intermediate,peer_reviewed
CPS-00187,healthcare,integration,Bridging healthcare access gaps in rural areas,Cannot use established technology/approach; Must be implemented within 18 months; Requires approval from 4 stakeholder groups,Gradually expanded to more challenging contexts | Addressed concerns through transparent communication | Measured both quantitative metrics and qualitative feedback | Built contingency plans for common failure modes,Realized that educational scaffolding solved a similar problem by reframing the constraint,"preventive maintenance, educational scaffolding",Solution adopted by 9 organizations across 7 countries,6,Public Health Specialist,2010,beginner,experimental
CPS-00188,healthcare,resource_constraint,Managing chronic diseases with limited resources,Cannot use proprietary technology/approach; Must achieve 20% improvement over current state,"Tested assumption riskiest first | Captured and shared learnings across teams | Developed phased rollout strategy | Regularly reviewed performance against metrics | Pivoted approach based on evidence, not assumptions",Saw that solutions from 2 different domains could be integrated,educational scaffolding,Reduced costs by 57% while improving innovation,10,Medical Doctor,2014,beginner,industry_validated
CPS-00189,arts_creativity,resource_constraint,Balancing artistic vision with commercial viability,Must be implemented within 3 months; Must work with existing legacy infrastructure; Cannot use conventional technology/approach; Must be implemented within 9 months,Ran 8 rapid test cycles with real users | Conducted comparative analysis of 11 similar cases | Regularly reviewed performance against metrics | Facilitated co-design workshops with end users | Created training and support materials,Saw that solutions from 2 different domains could be integrated,scientific experimentation,Solution adopted by 32 organizations across 9 countries,9,Visual Artist,2014,advanced,experimental
CPS-00190,education,behavior_change,Integrating technology meaningfully in classrooms,Limited to 3 team members; Requires approval from 2 stakeholder groups,Established success metrics and monitoring plan | Measured both quantitative metrics and qualitative feedback | Quantified baseline metrics for success measurement | Tested assumption riskiest first,Realized that game design solved a similar problem by using emergent properties,studio critiques,Achieved 87% improvement in primary metric while reducing costs by 40%,8,Technology Integration Specialist,2023,expert,peer_reviewed
CPS-00191,software_architecture,collaboration,Ensuring security without compromising usability,Budget limited to 70% of typical solutions; Must work with existing legacy infrastructure; Must work with existing aging infrastructure,Built coalition of early adopters and champions | Refined solution to work within all constraints | Gradually expanded to more challenging contexts,"Learned that user behavior, not technology, was the key bottleneck","assembly lines, city infrastructure, biological immune systems",Achieved 57% improvement in primary metric while reducing costs by 11%,10,DevOps Engineer,2016,beginner,experimental
CPS-00192,business_innovation,scalability,Fostering innovation in risk-averse organizations,Must be implemented within 12 months; Must work with existing limited infrastructure; Cannot use expensive technology/approach,Established continuous feedback mechanisms | Identified key patterns from tournament structures in nature/other fields | Built low-fidelity prototype focusing on core functionality | Facilitated co-design workshops with end users,Saw that solutions from 4 different domains could be integrated,open source communities,Achieved 134% improvement in primary metric while reducing costs by 43%,9,Innovation Consultant,2020,beginner,industry_validated
CPS-00193,urban_planning,integration,Improving public transportation adoption,Must comply with international regulations; Must work with existing aging infrastructure; Budget limited to 60% of typical solutions,Conducted comparative analysis of 8 similar cases | Adapted solution to changing conditions | Built low-fidelity prototype focusing on core functionality,Found that combining two unrelated approaches created synergistic effects,"swarm behavior, layered networks",Achieved 90% improvement in primary metric while reducing costs by 27%,9,Community Planner,2023,intermediate,peer_reviewed
CPS-00194,business_innovation,resource_constraint,Identifying unmet customer needs,Must comply with evolving regulations; Must achieve 30% improvement over current state; Cannot use conventional technology/approach; Cannot use expensive technology/approach,Developed phased rollout strategy | Started with controlled pilot in optimal conditions | Tested assumption riskiest first | Regularly reviewed performance against metrics,"Learned that user behavior, not technology, was the key bottleneck","tournament structures, evolutionary adaptation, open source communities",Achieved 142% improvement in primary metric while reducing costs by 42%,6,Market Researcher,2013,beginner,experimental
CPS-00195,education,behavior_change,Integrating technology meaningfully in classrooms,Requires approval from 2 stakeholder groups; Cannot use expensive technology/approach; Budget limited to 60% of typical solutions,Identified key patterns from studio critiques in nature/other fields | Maintained quality while increasing volume | Facilitated co-design workshops with end users | Documented learnings and iteration rationale,Realized that studio critiques solved a similar problem by using emergent properties,"game design, studio critiques, exploration expeditions",Reduced errors by 81% while improving efficiency,9,Curriculum Designer,2023,expert,peer_reviewed
CPS-00196,sustainability,behavior_change,Encouraging sustainable consumer behavior,Limited to 3 team members; Must achieve 30% improvement over current state; Limited to 4 team members; Cannot use established technology/approach,Refined solution to work within all constraints | Built coalition of early adopters and champions | Regularly reviewed performance against metrics,Recognized that a limitation could become a feature if viewed differently,sharing economies,Generated 4x ROI within first year of implementation,8,Environmental Scientist,2011,beginner,case_study
CPS-00197,software_architecture,resource_constraint,Maintaining legacy systems while innovating,Cannot use conventional technology/approach; Budget limited to 50% of typical solutions; Must comply with strict regulations,"Created feedback loops for continuous input | Pivoted approach based on evidence, not assumptions | Developed phased rollout strategy",Realized that neural networks solved a similar problem by using emergent properties,"assembly lines, city infrastructure, biological immune systems",Solution adopted by 19 organizations across 8 countries,10,DevOps Engineer,2020,beginner,experimental
CPS-00198,software_architecture,behavior_change,Scaling systems under unpredictable load,Requires approval from 4 stakeholder groups; Must be implemented within 18 months,Mapped all stakeholder needs and pain points | Tested assumption riskiest first | Adapted solution to changing conditions | Established success metrics and monitoring plan,Saw that solutions from 3 different domains could be integrated,city infrastructure,Became industry standard practice within 9 years,6,System Architect,2015,intermediate,peer_reviewed
CPS-00199,arts_creativity,integration,Balancing artistic vision with commercial viability,Limited to 5 team members; Limited to 6 team members; Must comply with multiple regulations,Built coalition of early adopters and champions | Refined solution to work within all constraints | Gradually expanded to more challenging contexts | Created training and support materials | Tested assumption riskiest first,Found that combining two unrelated approaches created synergistic effects,narrative structures,Achieved 147% improvement in primary metric while reducing costs by 19%,10,Creative Director,2012,expert,case_study
CPS-00200,arts_creativity,optimization,Balancing artistic vision with commercial viability,Must be implemented within 18 months; Must be implemented within 12 months; Cannot use conventional technology/approach; Cannot use proprietary technology/approach,Identified key patterns from scientific experimentation in nature/other fields | Addressed concerns through transparent communication | Documented transferable principles for future use,Realized that improvisational jazz solved a similar problem by using emergent properties,improvisational jazz,Generated 10x ROI within first year of implementation,10,Music Composer,2018,advanced,industry_validated
CPS-00201,healthcare,system_design,Managing chronic diseases with limited resources,Must be implemented within 18 months; Limited to 3 team members; Must work with existing minimal infrastructure,Quantified baseline metrics for success measurement | Created feedback loops for continuous input | Refined solution to work within all constraints | Started with controlled pilot in optimal conditions | Tested assumption riskiest first,Realized that quality control systems solved a similar problem by leveraging distributed intelligence,quality control systems,Achieved 182% improvement in primary metric while reducing costs by 10%,9,Healthcare Administrator,2010,expert,case_study
CPS-00202,biomimicry,resource_constraint,Developing adhesive materials without chemicals,Budget limited to 70% of typical solutions; Requires approval from 5 stakeholder groups; Must work with existing aging infrastructure,Started with controlled pilot in optimal conditions | Documented learnings and iteration rationale | Built coalition of early adopters and champions | Conducted comparative analysis of 7 similar cases,Saw that solutions from 4 different domains could be integrated,"termite mounds, Namib desert beetle, gecko feet",Became industry standard practice within 7 years,9,Materials Scientist,2010,expert,peer_reviewed
CPS-00203,healthcare,resilience,Bridging healthcare access gaps in rural areas,Cannot use established technology/approach; Must be implemented within 3 months,Adapted solution to changing conditions | Incorporated constraints as design features rather than limitations | Developed phased rollout strategy,Recognized that a limitation could become a feature if viewed differently,"community networks, quality control systems",Generated 6x ROI within first year of implementation,7,Healthcare Administrator,2023,advanced,industry_validated
CPS-00204,urban_planning,efficiency,Managing waste in high-density populations,Requires approval from 2 stakeholder groups; Budget limited to 60% of typical solutions; Budget limited to 60% of typical solutions,Documented learnings and iteration rationale | Refined solution to work within all constraints | Facilitated co-design workshops with end users,Saw that solutions from 2 different domains could be integrated,"forest ecosystems, modular design",Generated 5x ROI within first year of implementation,5,Community Planner,2012,expert,peer_reviewed
CPS-00205,healthcare,resilience,Optimizing emergency room wait times,Limited to 2 team members; Must comply with international regulations,Built coalition of early adopters and champions | Quantified baseline metrics for success measurement | Documented transferable principles for future use | Gradually expanded to more challenging contexts,Found that combining two unrelated approaches created synergistic effects,"quality control systems, educational scaffolding",Achieved 119% improvement in primary metric while reducing costs by 36%,9,Healthcare Administrator,2013,beginner,peer_reviewed
CPS-00206,sustainability,optimization,Encouraging sustainable consumer behavior,Must achieve 30% improvement over current state; Must achieve 50% improvement over current state,Documented transferable principles for future use | Started with controlled pilot in optimal conditions | Refined solution to work within all constraints,Understood that timing and sequence mattered more than individual components,"nutrient cycles, repair cultures",Became industry standard practice within 2 years,9,Environmental Scientist,2021,expert,experimental
CPS-00207,arts_creativity,integration,Preserving cultural heritage while innovating,Limited to 6 team members; Must comply with strict regulations; Cannot use established technology/approach,Documented learnings and iteration rationale | Facilitated co-design workshops with end users | Developed phased rollout strategy | Started with controlled pilot in optimal conditions,Understood that timing and sequence mattered more than individual components,narrative structures,Generated 10x ROI within first year of implementation,5,Music Composer,2022,expert,experimental
CPS-00208,arts_creativity,integration,Overcoming creative blocks systematically,Requires approval from 4 stakeholder groups; Requires approval from 4 stakeholder groups,Maintained quality while increasing volume | Built coalition of early adopters and champions | Quantified baseline metrics for success measurement | Ran 6 rapid test cycles with real users,"Learned that user behavior, not technology, was the key bottleneck","collage techniques, architectural constraints",Reduced time by 72% while improving quality,8,Creative Director,2024,advanced,peer_reviewed
CPS-00209,sustainability,resource_constraint,Converting waste streams into valuable resources,Budget limited to 80% of typical solutions; Budget limited to 60% of typical solutions,Created training and support materials | Gradually expanded to more challenging contexts | Documented transferable principles for future use,Realized that natural ecosystems solved a similar problem by using emergent properties,natural ecosystems,Became industry standard practice within 9 years,6,Environmental Scientist,2011,expert,industry_validated
CPS-00210,healthcare,resource_constraint,Managing chronic diseases with limited resources,Budget limited to 80% of typical solutions; Must be implemented within 12 months; Must be implemented within 6 months,Ran 4 rapid test cycles with real users | Established continuous feedback mechanisms | Built low-fidelity prototype focusing on technical feasibility | Started with controlled pilot in optimal conditions | Mapped all stakeholder needs and pain points,Found that combining two unrelated approaches created synergistic effects,quality control systems,Generated 5x ROI within first year of implementation,10,Public Health Specialist,2016,expert,peer_reviewed
CPS-00211,education,behavior_change,Assessing critical thinking skills objectively,Requires approval from 5 stakeholder groups; Must be implemented within 18 months; Requires approval from 3 stakeholder groups; Must work with existing minimal infrastructure,Refined solution to work within all constraints | Adapted solution to changing conditions | Developed phased rollout strategy | Incorporated constraints as design features rather than limitations,Recognized that a limitation could become a feature if viewed differently,game design,Became industry standard practice within 4 years,7,Curriculum Designer,2022,advanced,case_study
CPS-00212,biomimicry,collaboration,Developing adhesive materials without chemicals,Must comply with multiple regulations; Must achieve 50% improvement over current state,"Created training and support materials | Conducted comparative analysis of 6 similar cases | Pivoted approach based on evidence, not assumptions",Realized that termite mounds solved a similar problem by reframing the constraint,"honeycomb structures, lotus leaves",Solution adopted by 12 organizations across 3 countries,9,Biologist,2014,beginner,case_study
CPS-00213,business_innovation,system_design,Fostering innovation in risk-averse organizations,Budget limited to 50% of typical solutions; Must comply with strict regulations; Must be implemented within 12 months,Established continuous feedback mechanisms | Ran 7 rapid test cycles with real users | Documented learnings and iteration rationale,Understood that timing and sequence mattered more than individual components,evolutionary adaptation,Achieved 87% improvement in primary metric while reducing costs by 13%,6,Market Researcher,2024,advanced,case_study
CPS-00214,biomimicry,optimization,Developing adhesive materials without chemicals,Budget limited to 70% of typical solutions; Must be implemented within 9 months,Started with controlled pilot in optimal conditions | Built contingency plans for common failure modes | Measured both quantitative metrics and qualitative feedback | Incorporated constraints as design features rather than limitations,Realized that honeycomb structures solved a similar problem by reframing the constraint,"gecko feet, lotus leaves",Solution adopted by 20 organizations across 12 countries,5,Ecological Engineer,2013,expert,experimental
CPS-00215,healthcare,resource_constraint,Managing chronic diseases with limited resources,Must work with existing aging infrastructure; Requires approval from 5 stakeholder groups; Cannot use conventional technology/approach,Created feedback loops for continuous input | Tested assumption riskiest first | Ran 8 rapid test cycles with real users,"Learned that user behavior, not technology, was the key bottleneck",quality control systems,Achieved 34% improvement in primary metric while reducing costs by 39%,9,Medical Doctor,2015,expert,peer_reviewed
CPS-00216,software_architecture,efficiency,Managing distributed team collaboration,Must comply with strict regulations; Must achieve 50% improvement over current state; Must comply with strict regulations,Gradually expanded to more challenging contexts | Refined solution to work within all constraints | Established continuous feedback mechanisms,Discovered that the real problem was different from the stated problem,biological immune systems,Reduced waste by 57% while improving satisfaction,10,Security Specialist,2016,expert,experimental
CPS-00217,urban_planning,collaboration,Creating green spaces in dense urban areas,Requires approval from 5 stakeholder groups; Must work with existing limited infrastructure; Must work with existing aging infrastructure; Requires approval from 4 stakeholder groups,Conducted comparative analysis of 9 similar cases | Regularly reviewed performance against metrics | Facilitated co-design workshops with end users | Ran 4 rapid test cycles with real users | Built low-fidelity prototype focusing on user experience,Realized that forest ecosystems solved a similar problem by using emergent properties,circulatory systems,Achieved 175% improvement in primary metric while reducing costs by 28%,7,Community Planner,2015,expert,experimental
CPS-00218,sustainability,scalability,Designing products for complete recyclability,Must achieve 50% improvement over current state; Must comply with international regulations; Budget limited to 70% of typical solutions; Requires approval from 4 stakeholder groups,Established continuous feedback mechanisms | Gradually expanded to more challenging contexts | Built contingency plans for common failure modes | Measured both quantitative metrics and qualitative feedback | Quantified baseline metrics for success measurement,"Learned that user behavior, not technology, was the key bottleneck","repair cultures, sharing economies",Generated 2x ROI within first year of implementation,8,Policy Analyst,2022,advanced,industry_validated
CPS-00219,urban_planning,sustainability,Reducing traffic congestion without expanding roads,Cannot use established technology/approach; Cannot use proprietary technology/approach; Cannot use proprietary technology/approach; Must achieve 50% improvement over current state,Established continuous feedback mechanisms | Documented learnings and iteration rationale | Identified key patterns from circulatory systems in nature/other fields,"Learned that user behavior, not technology, was the key bottleneck","forest ecosystems, circulatory systems, swarm behavior",Became industry standard practice within 3 years,6,Community Planner,2020,expert,experimental
CPS-00220,arts_creativity,scalability,Overcoming creative blocks systematically,Requires approval from 3 stakeholder groups; Limited to 7 team members; Must comply with multiple regulations,Established continuous feedback mechanisms | Built coalition of early adopters and champions | Documented learnings and iteration rationale | Maintained quality while increasing volume | Refined solution to work within all constraints,Understood that timing and sequence mattered more than individual components,architectural constraints,Achieved 52% improvement in primary metric while reducing costs by 18%,8,Visual Artist,2016,beginner,experimental
CPS-00221,business_innovation,resource_constraint,Identifying unmet customer needs,Requires approval from 2 stakeholder groups; Must comply with strict regulations,Developed phased rollout strategy | Refined solution to work within all constraints | Tested assumption riskiest first | Quantified baseline metrics for success measurement,Realized that ecosystem niches solved a similar problem by reframing the constraint,ecosystem niches,Reduced waste by 70% while improving quality,8,Innovation Consultant,2010,beginner,industry_validated
CPS-00222,arts_creativity,system_design,Preserving cultural heritage while innovating,Requires approval from 5 stakeholder groups; Must be implemented within 12 months,Gradually expanded to more challenging contexts | Conducted comparative analysis of 12 similar cases | Addressed concerns through transparent communication,Saw that solutions from 3 different domains could be integrated,architectural constraints,Achieved 136% improvement in primary metric while reducing costs by 37%,9,Music Composer,2010,expert,case_study
CPS-00223,sustainability,sustainability,Converting waste streams into valuable resources,Must achieve 50% improvement over current state; Budget limited to 60% of typical solutions; Must comply with multiple regulations; Must comply with international regulations,"Identified key patterns from repair cultures in nature/other fields | Created feedback loops for continuous input | Gradually expanded to more challenging contexts | Incorporated constraints as design features rather than limitations | Pivoted approach based on evidence, not assumptions",Realized that cradle-to-cradle design solved a similar problem by using emergent properties,natural ecosystems,Solution adopted by 11 organizations across 12 countries,5,Environmental Scientist,2021,expert,experimental
CPS-00224,urban_planning,resilience,Reducing traffic congestion without expanding roads,Must be implemented within 3 months; Must be implemented within 12 months; Must comply with strict regulations,Tested assumption riskiest first | Mapped all stakeholder needs and pain points | Refined solution to work within all constraints,Understood that timing and sequence mattered more than individual components,circulatory systems,Reduced waste by 61% while improving satisfaction,8,Urban Designer,2023,intermediate,experimental
CPS-00225,sustainability,resilience,Encouraging sustainable consumer behavior,Cannot use conventional technology/approach; Must achieve 100% improvement over current state; Limited to 8 team members; Must be implemented within 18 months,Facilitated co-design workshops with end users | Created training and support materials | Incorporated constraints as design features rather than limitations,Realized that nutrient cycles solved a similar problem by using emergent properties,"cradle-to-cradle design, nutrient cycles, repair cultures",Became industry standard practice within 2 years,10,Environmental Scientist,2010,advanced,experimental
CPS-00226,education,integration,Assessing critical thinking skills objectively,Cannot use expensive technology/approach; Must comply with strict regulations,Refined solution to work within all constraints | Quantified baseline metrics for success measurement | Developed phased rollout strategy,Discovered that the real problem was different from the stated problem,"studio critiques, sports coaching, apprenticeship models",Reduced errors by 83% while improving quality,8,Curriculum Designer,2016,expert,peer_reviewed
CPS-00227,arts_creativity,efficiency,Preserving cultural heritage while innovating,Must be implemented within 12 months; Must be implemented within 18 months,Built low-fidelity prototype focusing on core functionality | Facilitated co-design workshops with end users | Established continuous feedback mechanisms | Ran 5 rapid test cycles with real users,"Learned that user behavior, not technology, was the key bottleneck",narrative structures,Generated 3x ROI within first year of implementation,10,Creative Director,2023,advanced,peer_reviewed
CPS-00228,business_innovation,integration,Fostering innovation in risk-averse organizations,Requires approval from 3 stakeholder groups; Requires approval from 4 stakeholder groups; Must be implemented within 3 months; Must comply with international regulations,Created training and support materials | Ran 4 rapid test cycles with real users | Built low-fidelity prototype focusing on technical feasibility | Mapped all stakeholder needs and pain points | Started with controlled pilot in optimal conditions,Recognized that a limitation could become a feature if viewed differently,open source communities,Reduced time by 82% while improving innovation,5,Market Researcher,2014,beginner,industry_validated
CPS-00229,biomimicry,integration,Water collection in arid environments,Must work with existing legacy infrastructure; Must comply with international regulations; Limited to 8 team members,Captured and shared learnings across teams | Identified key patterns from Namib desert beetle in nature/other fields | Regularly reviewed performance against metrics | Ran 5 rapid test cycles with real users | Documented learnings and iteration rationale,Found that combining two unrelated approaches created synergistic effects,"gecko feet, lotus leaves",Achieved 61% improvement in primary metric while reducing costs by 29%,8,Biologist,2017,beginner,industry_validated
CPS-00230,business_innovation,behavior_change,Competing with free alternatives,Budget limited to 50% of typical solutions; Requires approval from 4 stakeholder groups; Must be implemented within 12 months,Tested assumption riskiest first | Regularly reviewed performance against metrics | Captured and shared learnings across teams,Understood that timing and sequence mattered more than individual components,"ecosystem niches, evolutionary adaptation, platform ecosystems",Became industry standard practice within 7 years,5,Product Manager,2018,expert,case_study
CPS-00231,urban_planning,behavior_change,Creating green spaces in dense urban areas,Must comply with international regulations; Must be implemented within 12 months; Requires approval from 3 stakeholder groups,Documented learnings and iteration rationale | Established success metrics and monitoring plan | Established continuous feedback mechanisms,Saw that solutions from 2 different domains could be integrated,"layered networks, swarm behavior",Reduced waste by 44% while improving satisfaction,9,Community Planner,2020,expert,case_study
CPS-00232,biomimicry,sustainability,Water collection in arid environments,Must achieve 50% improvement over current state; Requires approval from 3 stakeholder groups; Requires approval from 3 stakeholder groups; Must comply with multiple regulations,Addressed concerns through transparent communication | Ran 7 rapid test cycles with real users | Documented learnings and iteration rationale | Identified key patterns from termite mounds in nature/other fields,Discovered that the real problem was different from the stated problem,"gecko feet, Namib desert beetle, termite mounds",Solution adopted by 10 organizations across 8 countries,6,Materials Scientist,2010,intermediate,case_study
CPS-00233,arts_creativity,efficiency,Balancing artistic vision with commercial viability,Must achieve 20% improvement over current state; Cannot use conventional technology/approach; Limited to 2 team members; Cannot use conventional technology/approach,Created training and support materials | Established continuous feedback mechanisms | Refined solution to work within all constraints,Saw that solutions from 3 different domains could be integrated,"narrative structures, architectural constraints",Generated 3x ROI within first year of implementation,8,Music Composer,2017,intermediate,industry_validated
CPS-00234,urban_planning,scalability,Creating green spaces in dense urban areas,Must comply with strict regulations; Limited to 4 team members; Must comply with international regulations,Adapted solution to changing conditions | Facilitated co-design workshops with end users | Gradually expanded to more challenging contexts | Conducted comparative analysis of 7 similar cases,Realized that swarm behavior solved a similar problem by reframing the constraint,layered networks,Achieved 160% improvement in primary metric while reducing costs by 20%,7,Urban Designer,2014,expert,experimental
CPS-00235,software_architecture,scalability,Managing distributed team collaboration,Must be implemented within 12 months; Limited to 5 team members,Conducted comparative analysis of 10 similar cases | Addressed concerns through transparent communication | Incorporated constraints as design features rather than limitations | Adapted solution to changing conditions,Saw that solutions from 2 different domains could be integrated,"biological immune systems, neural networks, assembly lines",Generated 5x ROI within first year of implementation,6,Security Specialist,2017,advanced,peer_reviewed
CPS-00236,healthcare,efficiency,Improving patient compliance with treatment plans,Must work with existing legacy infrastructure; Limited to 2 team members; Must achieve 30% improvement over current state; Cannot use conventional technology/approach,Maintained quality while increasing volume | Incorporated constraints as design features rather than limitations | Built contingency plans for common failure modes | Refined solution to work within all constraints,Realized that preventive maintenance solved a similar problem by reframing the constraint,"community networks, educational scaffolding",Became industry standard practice within 3 years,10,Public Health Specialist,2021,intermediate,experimental
CPS-00237,business_innovation,accessibility,Competing with free alternatives,Must work with existing legacy infrastructure; Requires approval from 4 stakeholder groups; Must work with existing minimal infrastructure; Budget limited to 70% of typical solutions,Started with controlled pilot in optimal conditions | Incorporated constraints as design features rather than limitations | Refined solution to work within all constraints | Created training and support materials,Understood that timing and sequence mattered more than individual components,"ecosystem niches, evolutionary adaptation",Reduced waste by 81% while improving quality,6,Innovation Consultant,2018,intermediate,peer_reviewed
CPS-00238,arts_creativity,scalability,Collaborating across different artistic mediums,Must comply with evolving regulations; Limited to 3 team members,Captured and shared learnings across teams | Facilitated co-design workshops with end users | Conducted comparative analysis of 8 similar cases | Established success metrics and monitoring plan | Refined solution to work within all constraints,Saw that solutions from 2 different domains could be integrated,"scientific experimentation, collage techniques, improvisational jazz",Became industry standard practice within 6 years,7,Music Composer,2013,beginner,industry_validated
CPS-00239,business_innovation,scalability,Building platforms that create network effects,Must be implemented within 6 months; Limited to 6 team members; Requires approval from 5 stakeholder groups,Captured and shared learnings across teams | Built contingency plans for common failure modes | Regularly reviewed performance against metrics | Facilitated co-design workshops with end users,Discovered that the real problem was different from the stated problem,"evolutionary adaptation, tournament structures, platform ecosystems",Reduced time by 65% while improving innovation,10,Market Researcher,2022,intermediate,case_study
CPS-00240,business_innovation,accessibility,Fostering innovation in risk-averse organizations,Must comply with multiple regulations; Budget limited to 70% of typical solutions; Limited to 8 team members,Incorporated constraints as design features rather than limitations | Captured and shared learnings across teams | Facilitated co-design workshops with end users,Realized that open source communities solved a similar problem by leveraging distributed intelligence,"ecosystem niches, evolutionary adaptation",Generated 9x ROI within first year of implementation,6,Market Researcher,2022,expert,peer_reviewed
CPS-00241,arts_creativity,optimization,Preserving cultural heritage while innovating,Must be implemented within 12 months; Requires approval from 4 stakeholder groups; Must comply with evolving regulations,Maintained quality while increasing volume | Created feedback loops for continuous input | Regularly reviewed performance against metrics | Built low-fidelity prototype focusing on technical feasibility | Refined solution to work within all constraints,"Learned that user behavior, not technology, was the key bottleneck",collage techniques,Achieved 54% improvement in primary metric while reducing costs by 44%,7,Creative Director,2018,intermediate,industry_validated
CPS-00242,biomimicry,scalability,Creating energy-efficient cooling systems,Limited to 6 team members; Requires approval from 4 stakeholder groups; Limited to 4 team members,Established success metrics and monitoring plan | Gradually expanded to more challenging contexts | Addressed concerns through transparent communication | Quantified baseline metrics for success measurement | Tested assumption riskiest first,Discovered that the real problem was different from the stated problem,honeycomb structures,Became industry standard practice within 4 years,7,Ecological Engineer,2022,beginner,peer_reviewed
CPS-00243,arts_creativity,accessibility,Preserving cultural heritage while innovating,Must achieve 50% improvement over current state; Requires approval from 4 stakeholder groups; Must be implemented within 18 months; Must work with existing limited infrastructure,Established continuous feedback mechanisms | Tested assumption riskiest first | Addressed concerns through transparent communication | Measured both quantitative metrics and qualitative feedback | Started with controlled pilot in optimal conditions,Understood that timing and sequence mattered more than individual components,improvisational jazz,Achieved 180% improvement in primary metric while reducing costs by 29%,10,Music Composer,2020,expert,experimental
CPS-00244,biomimicry,scalability,Developing adhesive materials without chemicals,Budget limited to 50% of typical solutions; Must achieve 100% improvement over current state; Must achieve 30% improvement over current state; Must achieve 20% improvement over current state,Documented learnings and iteration rationale | Conducted comparative analysis of 6 similar cases | Created training and support materials,Realized that Namib desert beetle solved a similar problem by leveraging distributed intelligence,"gecko feet, termite mounds",Reduced waste by 44% while improving satisfaction,6,Ecological Engineer,2014,beginner,peer_reviewed
CPS-00245,business_innovation,scalability,Identifying unmet customer needs,Must work with existing minimal infrastructure; Cannot use conventional technology/approach; Requires approval from 4 stakeholder groups; Must comply with strict regulations,Ran 4 rapid test cycles with real users | Developed phased rollout strategy | Mapped all stakeholder needs and pain points | Adapted solution to changing conditions,Saw that solutions from 4 different domains could be integrated,"ecosystem niches, platform ecosystems, evolutionary adaptation",Became industry standard practice within 4 years,6,Product Manager,2014,advanced,experimental
CPS-00246,education,sustainability,Engaging students with diverse learning styles,Must comply with evolving regulations; Must achieve 30% improvement over current state; Budget limited to 80% of typical solutions,Established success metrics and monitoring plan | Adapted solution to changing conditions | Built coalition of early adopters and champions,Realized that studio critiques solved a similar problem by reframing the constraint,"apprenticeship models, sports coaching, game design",Became industry standard practice within 8 years,5,Curriculum Designer,2016,expert,industry_validated
CPS-00247,sustainability,system_design,Reducing plastic waste in supply chains,Requires approval from 3 stakeholder groups; Must achieve 30% improvement over current state; Budget limited to 80% of typical solutions,"Pivoted approach based on evidence, not assumptions | Built contingency plans for common failure modes | Started with controlled pilot in optimal conditions | Documented transferable principles for future use | Tested assumption riskiest first",Understood that timing and sequence mattered more than individual components,cradle-to-cradle design,Became industry standard practice within 2 years,8,Circular Economy Designer,2012,expert,case_study
CPS-00248,software_architecture,system_design,Maintaining legacy systems while innovating,Requires approval from 2 stakeholder groups; Cannot use expensive technology/approach; Must work with existing minimal infrastructure,Captured and shared learnings across teams | Created feedback loops for continuous input | Documented transferable principles for future use,Recognized that a limitation could become a feature if viewed differently,library organization,Reduced waste by 62% while improving innovation,5,System Architect,2024,intermediate,peer_reviewed
CPS-00249,sustainability,integration,Encouraging sustainable consumer behavior,Budget limited to 80% of typical solutions; Must be implemented within 6 months; Cannot use established technology/approach; Must work with existing legacy infrastructure,Documented learnings and iteration rationale | Refined solution to work within all constraints | Identified key patterns from repair cultures in nature/other fields,Recognized that a limitation could become a feature if viewed differently,repair cultures,Achieved 55% improvement in primary metric while reducing costs by 35%,8,Policy Analyst,2020,expert,experimental
CPS-00250,biomimicry,accessibility,Developing adhesive materials without chemicals,Must be implemented within 18 months; Must achieve 50% improvement over current state; Must achieve 50% improvement over current state,Incorporated constraints as design features rather than limitations | Quantified baseline metrics for success measurement | Facilitated co-design workshops with end users | Ran 5 rapid test cycles with real users | Adapted solution to changing conditions,Understood that timing and sequence mattered more than individual components,"termite mounds, gecko feet",Became industry standard practice within 7 years,10,Biologist,2018,expert,peer_reviewed
CPS-00251,software_architecture,efficiency,Scaling systems under unpredictable load,Cannot use expensive technology/approach; Must achieve 100% improvement over current state,Built low-fidelity prototype focusing on user experience | Ran 4 rapid test cycles with real users | Established success metrics and monitoring plan | Facilitated co-design workshops with end users,"Learned that user behavior, not technology, was the key bottleneck","biological immune systems, assembly lines, neural networks",Became industry standard practice within 10 years,9,DevOps Engineer,2013,expert,industry_validated
CPS-00252,software_architecture,efficiency,Ensuring security without compromising usability,Budget limited to 80% of typical solutions; Cannot use proprietary technology/approach; Requires approval from 2 stakeholder groups; Limited to 3 team members,"Adapted solution to changing conditions | Pivoted approach based on evidence, not assumptions | Created feedback loops for continuous input",Understood that timing and sequence mattered more than individual components,"neural networks, assembly lines",Generated 7x ROI within first year of implementation,10,DevOps Engineer,2013,intermediate,experimental
CPS-00253,education,optimization,Supporting students with varying background knowledge,Must be implemented within 12 months; Must comply with strict regulations; Must work with existing aging infrastructure; Requires approval from 4 stakeholder groups,"Pivoted approach based on evidence, not assumptions | Maintained quality while increasing volume | Regularly reviewed performance against metrics | Quantified baseline metrics for success measurement",Understood that timing and sequence mattered more than individual components,"apprenticeship models, exploration expeditions",Achieved 132% improvement in primary metric while reducing costs by 45%,10,Technology Integration Specialist,2020,advanced,experimental
CPS-00254,healthcare,sustainability,Managing chronic diseases with limited resources,Requires approval from 5 stakeholder groups; Cannot use expensive technology/approach; Limited to 4 team members,Built contingency plans for common failure modes | Tested assumption riskiest first | Measured both quantitative metrics and qualitative feedback,Realized that educational scaffolding solved a similar problem by leveraging distributed intelligence,"educational scaffolding, community networks, preventive maintenance",Reduced costs by 41% while improving innovation,9,Medical Doctor,2023,intermediate,experimental
CPS-00255,sustainability,system_design,Converting waste streams into valuable resources,Must work with existing aging infrastructure; Cannot use proprietary technology/approach; Must be implemented within 3 months,"Created training and support materials | Pivoted approach based on evidence, not assumptions | Started with controlled pilot in optimal conditions","Learned that user behavior, not technology, was the key bottleneck","cradle-to-cradle design, sharing economies",Achieved 128% improvement in primary metric while reducing costs by 14%,7,Circular Economy Designer,2023,beginner,industry_validated
CPS-00256,arts_creativity,adaptation,Making art accessible to diverse audiences,Must achieve 100% improvement over current state; Must be implemented within 3 months; Cannot use proprietary technology/approach; Must be implemented within 6 months,Ran 5 rapid test cycles with real users | Captured and shared learnings across teams | Documented learnings and iteration rationale | Addressed concerns through transparent communication,Discovered that the real problem was different from the stated problem,"narrative structures, improvisational jazz, architectural constraints",Generated 6x ROI within first year of implementation,10,Music Composer,2020,advanced,peer_reviewed
CPS-00257,software_architecture,resilience,Maintaining legacy systems while innovating,Limited to 4 team members; Must work with existing legacy infrastructure; Must work with existing aging infrastructure,Built contingency plans for common failure modes | Identified key patterns from neural networks in nature/other fields | Incorporated constraints as design features rather than limitations,Discovered that the real problem was different from the stated problem,"assembly lines, city infrastructure, neural networks",Solution adopted by 47 organizations across 3 countries,7,Security Specialist,2022,beginner,peer_reviewed
CPS-00258,sustainability,sustainability,Measuring true environmental costs of products,Budget limited to 60% of typical solutions; Must work with existing aging infrastructure; Budget limited to 80% of typical solutions; Must be implemented within 9 months,Identified key patterns from cradle-to-cradle design in nature/other fields | Tested assumption riskiest first | Established success metrics and monitoring plan | Regularly reviewed performance against metrics | Ran 5 rapid test cycles with real users,Understood that timing and sequence mattered more than individual components,"sharing economies, cradle-to-cradle design, natural ecosystems",Achieved 167% improvement in primary metric while reducing costs by 13%,8,Environmental Scientist,2011,intermediate,experimental
CPS-00259,education,optimization,Preparing students for jobs that don't exist yet,Limited to 8 team members; Must be implemented within 12 months; Must work with existing minimal infrastructure; Budget limited to 70% of typical solutions,"Established success metrics and monitoring plan | Tested assumption riskiest first | Pivoted approach based on evidence, not assumptions | Created feedback loops for continuous input",Recognized that a limitation could become a feature if viewed differently,"apprenticeship models, exploration expeditions",Solution adopted by 48 organizations across 6 countries,5,Curriculum Designer,2013,advanced,industry_validated
CPS-00260,sustainability,sustainability,Designing products for complete recyclability,Requires approval from 3 stakeholder groups; Cannot use proprietary technology/approach,Addressed concerns through transparent communication | Refined solution to work within all constraints | Adapted solution to changing conditions,Found that combining two unrelated approaches created synergistic effects,"repair cultures, cradle-to-cradle design, nutrient cycles",Became industry standard practice within 8 years,10,Environmental Scientist,2017,advanced,case_study
CPS-00261,healthcare,adaptation,Reducing hospital-acquired infections,Requires approval from 4 stakeholder groups; Must comply with strict regulations; Must comply with international regulations; Limited to 4 team members,Developed phased rollout strategy | Captured and shared learnings across teams | Created feedback loops for continuous input | Documented transferable principles for future use | Incorporated constraints as design features rather than limitations,Recognized that a limitation could become a feature if viewed differently,"preventive maintenance, community networks",Reduced time by 77% while improving efficiency,6,Healthcare Administrator,2011,expert,peer_reviewed
CPS-00262,sustainability,efficiency,Designing products for complete recyclability,Requires approval from 4 stakeholder groups; Budget limited to 60% of typical solutions; Must be implemented within 9 months; Must comply with international regulations,"Addressed concerns through transparent communication | Regularly reviewed performance against metrics | Documented learnings and iteration rationale | Pivoted approach based on evidence, not assumptions | Mapped all stakeholder needs and pain points",Understood that timing and sequence mattered more than individual components,"natural ecosystems, cradle-to-cradle design",Reduced time by 72% while improving quality,8,Policy Analyst,2020,intermediate,case_study
CPS-00263,arts_creativity,sustainability,Balancing artistic vision with commercial viability,Cannot use proprietary technology/approach; Must be implemented within 6 months; Must comply with international regulations,"Documented transferable principles for future use | Captured and shared learnings across teams | Pivoted approach based on evidence, not assumptions | Identified key patterns from architectural constraints in nature/other fields | Built coalition of early adopters and champions",Found that combining two unrelated approaches created synergistic effects,improvisational jazz,Became industry standard practice within 2 years,6,Creative Director,2013,intermediate,industry_validated
CPS-00264,software_architecture,scalability,Managing distributed team collaboration,Must work with existing aging infrastructure; Budget limited to 60% of typical solutions,Quantified baseline metrics for success measurement | Ran 6 rapid test cycles with real users | Established continuous feedback mechanisms | Maintained quality while increasing volume,Discovered that the real problem was different from the stated problem,biological immune systems,Generated 3x ROI within first year of implementation,8,DevOps Engineer,2023,beginner,industry_validated
CPS-00265,sustainability,resource_constraint,Encouraging sustainable consumer behavior,Requires approval from 3 stakeholder groups; Must be implemented within 12 months; Must achieve 20% improvement over current state,Started with controlled pilot in optimal conditions | Documented transferable principles for future use | Incorporated constraints as design features rather than limitations | Quantified baseline metrics for success measurement,Discovered that the real problem was different from the stated problem,"nutrient cycles, repair cultures, natural ecosystems",Achieved 71% improvement in primary metric while reducing costs by 11%,5,Circular Economy Designer,2010,expert,case_study
CPS-00266,software_architecture,optimization,Managing distributed team collaboration,Limited to 8 team members; Cannot use expensive technology/approach; Must be implemented within 3 months; Must comply with multiple regulations,Refined solution to work within all constraints | Mapped all stakeholder needs and pain points | Maintained quality while increasing volume,Understood that timing and sequence mattered more than individual components,"biological immune systems, assembly lines, city infrastructure",Achieved 176% improvement in primary metric while reducing costs by 22%,10,DevOps Engineer,2014,beginner,peer_reviewed
CPS-00267,healthcare,system_design,Optimizing emergency room wait times,Requires approval from 4 stakeholder groups; Must achieve 50% improvement over current state; Cannot use proprietary technology/approach; Limited to 4 team members,Built coalition of early adopters and champions | Built contingency plans for common failure modes | Quantified baseline metrics for success measurement | Refined solution to work within all constraints | Incorporated constraints as design features rather than limitations,"Learned that user behavior, not technology, was the key bottleneck","educational scaffolding, logistics optimization",Became industry standard practice within 9 years,9,Public Health Specialist,2011,advanced,experimental
CPS-00268,biomimicry,system_design,Water collection in arid environments,Must work with existing minimal infrastructure; Must be implemented within 3 months,Gradually expanded to more challenging contexts | Tested assumption riskiest first | Addressed concerns through transparent communication | Established continuous feedback mechanisms | Created training and support materials,"Learned that user behavior, not technology, was the key bottleneck",Namib desert beetle,Became industry standard practice within 8 years,8,Ecological Engineer,2016,expert,experimental
CPS-00269,sustainability,collaboration,Converting waste streams into valuable resources,Budget limited to 50% of typical solutions; Requires approval from 4 stakeholder groups; Must work with existing legacy infrastructure,Documented transferable principles for future use | Measured both quantitative metrics and qualitative feedback | Addressed concerns through transparent communication,"Learned that user behavior, not technology, was the key bottleneck","cradle-to-cradle design, nutrient cycles, natural ecosystems",Reduced waste by 73% while improving efficiency,5,Policy Analyst,2019,expert,peer_reviewed
CPS-00270,business_innovation,resource_constraint,Fostering innovation in risk-averse organizations,Must achieve 30% improvement over current state; Must be implemented within 9 months; Requires approval from 2 stakeholder groups; Limited to 8 team members,Quantified baseline metrics for success measurement | Started with controlled pilot in optimal conditions | Refined solution to work within all constraints | Developed phased rollout strategy,"Learned that user behavior, not technology, was the key bottleneck","platform ecosystems, open source communities, tournament structures",Solution adopted by 10 organizations across 2 countries,9,Innovation Consultant,2020,advanced,case_study
CPS-00271,business_innovation,resilience,Competing with free alternatives,Limited to 6 team members; Limited to 2 team members; Must be implemented within 18 months; Must be implemented within 18 months,Conducted comparative analysis of 14 similar cases | Facilitated co-design workshops with end users | Tested assumption riskiest first,"Learned that user behavior, not technology, was the key bottleneck","evolutionary adaptation, platform ecosystems",Became industry standard practice within 6 years,8,Product Manager,2015,expert,industry_validated
CPS-00272,software_architecture,efficiency,Maintaining legacy systems while innovating,Must comply with international regulations; Must comply with multiple regulations; Must achieve 20% improvement over current state; Must comply with evolving regulations,Established success metrics and monitoring plan | Captured and shared learnings across teams | Addressed concerns through transparent communication | Tested assumption riskiest first | Adapted solution to changing conditions,Saw that solutions from 4 different domains could be integrated,"neural networks, city infrastructure, assembly lines",Reduced costs by 49% while improving efficiency,7,DevOps Engineer,2012,expert,case_study
CPS-00273,education,resilience,Preparing students for jobs that don't exist yet,Must comply with multiple regulations; Must achieve 20% improvement over current state,Created training and support materials | Built coalition of early adopters and champions | Built low-fidelity prototype focusing on user experience,Recognized that a limitation could become a feature if viewed differently,"exploration expeditions, apprenticeship models, sports coaching",Became industry standard practice within 8 years,7,Curriculum Designer,2015,advanced,case_study
CPS-00274,software_architecture,collaboration,Ensuring security without compromising usability,Cannot use conventional technology/approach; Must achieve 50% improvement over current state,Adapted solution to changing conditions | Built contingency plans for common failure modes | Built coalition of early adopters and champions,Understood that timing and sequence mattered more than individual components,"biological immune systems, library organization, city infrastructure",Reduced costs by 86% while improving quality,8,DevOps Engineer,2021,intermediate,experimental
CPS-00275,healthcare,scalability,Managing chronic diseases with limited resources,Requires approval from 4 stakeholder groups; Must work with existing minimal infrastructure; Cannot use proprietary technology/approach; Budget limited to 50% of typical solutions,Regularly reviewed performance against metrics | Tested assumption riskiest first | Established success metrics and monitoring plan | Quantified baseline metrics for success measurement | Measured both quantitative metrics and qualitative feedback,Found that combining two unrelated approaches created synergistic effects,"quality control systems, community networks",Achieved 94% improvement in primary metric while reducing costs by 41%,7,Public Health Specialist,2022,beginner,industry_validated
CPS-00276,biomimicry,optimization,Water collection in arid environments,Budget limited to 70% of typical solutions; Must be implemented within 6 months; Budget limited to 50% of typical solutions; Budget limited to 70% of typical solutions,Documented learnings and iteration rationale | Conducted comparative analysis of 7 similar cases | Created training and support materials | Documented transferable principles for future use,Understood that timing and sequence mattered more than individual components,gecko feet,Solution adopted by 27 organizations across 12 countries,9,Biologist,2019,advanced,experimental
CPS-00277,arts_creativity,resource_constraint,Preserving cultural heritage while innovating,Must be implemented within 9 months; Must work with existing aging infrastructure; Cannot use expensive technology/approach; Must achieve 30% improvement over current state,Conducted comparative analysis of 15 similar cases | Documented learnings and iteration rationale | Regularly reviewed performance against metrics | Refined solution to work within all constraints,Realized that architectural constraints solved a similar problem by using emergent properties,"improvisational jazz, architectural constraints",Achieved 56% improvement in primary metric while reducing costs by 30%,9,Visual Artist,2013,beginner,industry_validated
CPS-00278,software_architecture,collaboration,Ensuring security without compromising usability,Budget limited to 50% of typical solutions; Requires approval from 5 stakeholder groups,Tested assumption riskiest first | Developed phased rollout strategy | Identified key patterns from biological immune systems in nature/other fields,"Learned that user behavior, not technology, was the key bottleneck",assembly lines,Became industry standard practice within 2 years,5,System Architect,2020,advanced,peer_reviewed
CPS-00279,arts_creativity,integration,Collaborating across different artistic mediums,Budget limited to 60% of typical solutions; Cannot use expensive technology/approach; Requires approval from 5 stakeholder groups,Built contingency plans for common failure modes | Captured and shared learnings across teams | Documented learnings and iteration rationale | Built coalition of early adopters and champions | Documented transferable principles for future use,Found that combining two unrelated approaches created synergistic effects,narrative structures,Generated 6x ROI within first year of implementation,6,Visual Artist,2018,expert,peer_reviewed
CPS-00280,software_architecture,optimization,Reducing technical debt while delivering features,Must achieve 20% improvement over current state; Must be implemented within 6 months; Budget limited to 80% of typical solutions,Quantified baseline metrics for success measurement | Gradually expanded to more challenging contexts | Established continuous feedback mechanisms,Discovered that the real problem was different from the stated problem,"assembly lines, city infrastructure",Solution adopted by 30 organizations across 8 countries,7,Security Specialist,2021,expert,case_study
CPS-00281,business_innovation,behavior_change,Identifying unmet customer needs,Requires approval from 3 stakeholder groups; Cannot use proprietary technology/approach; Budget limited to 50% of typical solutions; Must be implemented within 12 months,Developed phased rollout strategy | Conducted comparative analysis of 15 similar cases | Established continuous feedback mechanisms | Facilitated co-design workshops with end users | Documented learnings and iteration rationale,Recognized that a limitation could become a feature if viewed differently,"ecosystem niches, open source communities, platform ecosystems",Solution adopted by 45 organizations across 9 countries,6,Innovation Consultant,2020,intermediate,experimental
CPS-00282,education,integration,Assessing critical thinking skills objectively,Budget limited to 80% of typical solutions; Requires approval from 3 stakeholder groups; Budget limited to 80% of typical solutions; Limited to 7 team members,Documented transferable principles for future use | Created feedback loops for continuous input | Refined solution to work within all constraints | Gradually expanded to more challenging contexts | Incorporated constraints as design features rather than limitations,Found that combining two unrelated approaches created synergistic effects,"studio critiques, apprenticeship models, sports coaching",Solution adopted by 11 organizations across 10 countries,7,Technology Integration Specialist,2024,intermediate,experimental
CPS-00283,arts_creativity,sustainability,Collaborating across different artistic mediums,Must work with existing minimal infrastructure; Cannot use proprietary technology/approach,"Captured and shared learnings across teams | Developed phased rollout strategy | Facilitated co-design workshops with end users | Pivoted approach based on evidence, not assumptions | Tested assumption riskiest first",Understood that timing and sequence mattered more than individual components,"scientific experimentation, architectural constraints",Solution adopted by 50 organizations across 4 countries,6,Music Composer,2011,expert,peer_reviewed
CPS-00284,business_innovation,collaboration,Fostering innovation in risk-averse organizations,Must be implemented within 6 months; Must achieve 20% improvement over current state,Addressed concerns through transparent communication | Refined solution to work within all constraints | Maintained quality while increasing volume,Realized that evolutionary adaptation solved a similar problem by using emergent properties,ecosystem niches,Became industry standard practice within 4 years,10,Product Manager,2015,expert,case_study
CPS-00285,arts_creativity,integration,Collaborating across different artistic mediums,Must work with existing aging infrastructure; Budget limited to 80% of typical solutions; Must comply with multiple regulations,Started with controlled pilot in optimal conditions | Addressed concerns through transparent communication | Built low-fidelity prototype focusing on core functionality,Found that combining two unrelated approaches created synergistic effects,"collage techniques, architectural constraints",Generated 8x ROI within first year of implementation,10,Music Composer,2012,advanced,industry_validated
CPS-00286,healthcare,scalability,Managing chronic diseases with limited resources,Must be implemented within 12 months; Must be implemented within 9 months; Must be implemented within 3 months,Regularly reviewed performance against metrics | Conducted comparative analysis of 14 similar cases | Built coalition of early adopters and champions,Saw that solutions from 4 different domains could be integrated,"preventive maintenance, educational scaffolding",Achieved 44% improvement in primary metric while reducing costs by 18%,8,Healthcare Administrator,2013,intermediate,case_study
CPS-00287,urban_planning,integration,Managing waste in high-density populations,Must work with existing minimal infrastructure; Must work with existing minimal infrastructure; Cannot use established technology/approach; Requires approval from 2 stakeholder groups,Built coalition of early adopters and champions | Established success metrics and monitoring plan | Mapped all stakeholder needs and pain points | Maintained quality while increasing volume,Saw that solutions from 2 different domains could be integrated,"forest ecosystems, circulatory systems",Became industry standard practice within 4 years,10,Urban Designer,2019,expert,case_study
CPS-00288,business_innovation,collaboration,Identifying unmet customer needs,Must be implemented within 9 months; Must comply with strict regulations; Requires approval from 4 stakeholder groups; Must achieve 50% improvement over current state,"Regularly reviewed performance against metrics | Pivoted approach based on evidence, not assumptions | Documented learnings and iteration rationale | Gradually expanded to more challenging contexts | Addressed concerns through transparent communication",Found that combining two unrelated approaches created synergistic effects,open source communities,Generated 5x ROI within first year of implementation,6,Innovation Consultant,2015,intermediate,case_study
CPS-00289,business_innovation,system_design,Building platforms that create network effects,Requires approval from 3 stakeholder groups; Must work with existing minimal infrastructure; Must achieve 100% improvement over current state,"Documented transferable principles for future use | Created feedback loops for continuous input | Pivoted approach based on evidence, not assumptions | Mapped all stakeholder needs and pain points",Understood that timing and sequence mattered more than individual components,tournament structures,Achieved 63% improvement in primary metric while reducing costs by 43%,5,Innovation Consultant,2015,expert,peer_reviewed
CPS-00290,healthcare,collaboration,Optimizing emergency room wait times,Must comply with international regulations; Requires approval from 4 stakeholder groups,Regularly reviewed performance against metrics | Built low-fidelity prototype focusing on technical feasibility | Built coalition of early adopters and champions | Built contingency plans for common failure modes | Ran 5 rapid test cycles with real users,Saw that solutions from 3 different domains could be integrated,"quality control systems, logistics optimization",Reduced costs by 79% while improving innovation,6,Public Health Specialist,2015,expert,industry_validated
CPS-00291,healthcare,resilience,Reducing hospital-acquired infections,Must be implemented within 9 months; Budget limited to 60% of typical solutions; Requires approval from 3 stakeholder groups; Limited to 5 team members,Documented transferable principles for future use | Quantified baseline metrics for success measurement | Documented learnings and iteration rationale | Established success metrics and monitoring plan | Gradually expanded to more challenging contexts,Realized that quality control systems solved a similar problem by using emergent properties,preventive maintenance,Generated 7x ROI within first year of implementation,10,Public Health Specialist,2016,intermediate,industry_validated
CPS-00292,biomimicry,integration,Developing adhesive materials without chemicals,Budget limited to 50% of typical solutions; Cannot use established technology/approach; Must be implemented within 3 months; Cannot use expensive technology/approach,Developed phased rollout strategy | Created feedback loops for continuous input | Captured and shared learnings across teams,Saw that solutions from 4 different domains could be integrated,termite mounds,Achieved 144% improvement in primary metric while reducing costs by 20%,10,Ecological Engineer,2013,expert,case_study
CPS-00293,biomimicry,behavior_change,Creating energy-efficient cooling systems,Cannot use proprietary technology/approach; Must comply with international regulations,Started with controlled pilot in optimal conditions | Measured both quantitative metrics and qualitative feedback | Conducted comparative analysis of 14 similar cases | Documented learnings and iteration rationale | Addressed concerns through transparent communication,Understood that timing and sequence mattered more than individual components,"termite mounds, Namib desert beetle",Generated 6x ROI within first year of implementation,5,Materials Scientist,2019,expert,peer_reviewed
CPS-00294,software_architecture,optimization,Scaling systems under unpredictable load,Must be implemented within 6 months; Must work with existing aging infrastructure; Must work with existing aging infrastructure,Ran 5 rapid test cycles with real users | Quantified baseline metrics for success measurement | Built coalition of early adopters and champions | Incorporated constraints as design features rather than limitations,Understood that timing and sequence mattered more than individual components,biological immune systems,Generated 6x ROI within first year of implementation,10,Security Specialist,2012,beginner,case_study
CPS-00295,sustainability,adaptation,Converting waste streams into valuable resources,Limited to 7 team members; Must comply with strict regulations,"Pivoted approach based on evidence, not assumptions | Started with controlled pilot in optimal conditions | Conducted comparative analysis of 12 similar cases | Incorporated constraints as design features rather than limitations",Understood that timing and sequence mattered more than individual components,"natural ecosystems, nutrient cycles",Generated 2x ROI within first year of implementation,8,Environmental Scientist,2010,beginner,case_study
CPS-00296,education,collaboration,Integrating technology meaningfully in classrooms,Must work with existing aging infrastructure; Budget limited to 70% of typical solutions; Must work with existing limited infrastructure,Ran 8 rapid test cycles with real users | Mapped all stakeholder needs and pain points | Maintained quality while increasing volume | Regularly reviewed performance against metrics | Documented learnings and iteration rationale,Saw that solutions from 3 different domains could be integrated,"apprenticeship models, sports coaching",Generated 6x ROI within first year of implementation,8,Technology Integration Specialist,2023,intermediate,case_study
CPS-00297,sustainability,adaptation,Designing products for complete recyclability,Must comply with multiple regulations; Cannot use expensive technology/approach,Ran 3 rapid test cycles with real users | Identified key patterns from cradle-to-cradle design in nature/other fields | Adapted solution to changing conditions | Captured and shared learnings across teams | Documented learnings and iteration rationale,"Learned that user behavior, not technology, was the key bottleneck","sharing economies, nutrient cycles, repair cultures",Solution adopted by 37 organizations across 14 countries,8,Circular Economy Designer,2023,intermediate,case_study
CPS-00298,healthcare,optimization,Improving patient compliance with treatment plans,Requires approval from 2 stakeholder groups; Must work with existing limited infrastructure,Conducted comparative analysis of 11 similar cases | Adapted solution to changing conditions | Documented learnings and iteration rationale | Refined solution to work within all constraints | Started with controlled pilot in optimal conditions,Saw that solutions from 3 different domains could be integrated,"preventive maintenance, community networks, logistics optimization",Achieved 180% improvement in primary metric while reducing costs by 49%,8,Public Health Specialist,2018,beginner,case_study
CPS-00299,healthcare,sustainability,Improving patient compliance with treatment plans,Must comply with multiple regulations; Must achieve 20% improvement over current state; Must comply with evolving regulations,Regularly reviewed performance against metrics | Started with controlled pilot in optimal conditions | Refined solution to work within all constraints | Facilitated co-design workshops with end users | Incorporated constraints as design features rather than limitations,Understood that timing and sequence mattered more than individual components,"community networks, preventive maintenance",Generated 5x ROI within first year of implementation,5,Public Health Specialist,2012,intermediate,industry_validated
CPS-00300,business_innovation,collaboration,Pivoting business models during market disruption,Must be implemented within 3 months; Cannot use expensive technology/approach; Cannot use conventional technology/approach,Ran 7 rapid test cycles with real users | Documented learnings and iteration rationale | Established continuous feedback mechanisms | Identified key patterns from platform ecosystems in nature/other fields,Discovered that the real problem was different from the stated problem,tournament structures,Solution adopted by 33 organizations across 12 countries,9,Innovation Consultant,2011,beginner,peer_reviewed
CPS-00301,healthcare,scalability,Reducing hospital-acquired infections,Limited to 2 team members; Must comply with strict regulations,Adapted solution to changing conditions | Quantified baseline metrics for success measurement | Gradually expanded to more challenging contexts | Built low-fidelity prototype focusing on technical feasibility | Ran 4 rapid test cycles with real users,Understood that timing and sequence mattered more than individual components,quality control systems,Achieved 190% improvement in primary metric while reducing costs by 36%,7,Public Health Specialist,2010,intermediate,industry_validated
CPS-00302,arts_creativity,resilience,Preserving cultural heritage while innovating,Cannot use established technology/approach; Limited to 7 team members,Created feedback loops for continuous input | Regularly reviewed performance against metrics | Built contingency plans for common failure modes | Incorporated constraints as design features rather than limitations | Captured and shared learnings across teams,Saw that solutions from 4 different domains could be integrated,"scientific experimentation, collage techniques, architectural constraints",Became industry standard practice within 7 years,7,Creative Director,2018,intermediate,industry_validated
CPS-00303,sustainability,resilience,Converting waste streams into valuable resources,Must comply with evolving regulations; Must work with existing aging infrastructure,"Maintained quality while increasing volume | Pivoted approach based on evidence, not assumptions | Tested assumption riskiest first | Created training and support materials | Documented transferable principles for future use",Recognized that a limitation could become a feature if viewed differently,"repair cultures, sharing economies, cradle-to-cradle design",Achieved 117% improvement in primary metric while reducing costs by 19%,5,Environmental Scientist,2022,advanced,experimental
CPS-00304,business_innovation,resilience,Competing with free alternatives,Limited to 3 team members; Requires approval from 2 stakeholder groups; Limited to 7 team members,"Created training and support materials | Conducted comparative analysis of 6 similar cases | Pivoted approach based on evidence, not assumptions | Documented transferable principles for future use",Understood that timing and sequence mattered more than individual components,evolutionary adaptation,Solution adopted by 44 organizations across 13 countries,9,Market Researcher,2019,advanced,industry_validated
CPS-00305,healthcare,optimization,Reducing hospital-acquired infections,Must comply with multiple regulations; Cannot use established technology/approach; Must work with existing legacy infrastructure; Cannot use conventional technology/approach,Gradually expanded to more challenging contexts | Created training and support materials | Incorporated constraints as design features rather than limitations | Refined solution to work within all constraints | Quantified baseline metrics for success measurement,Discovered that the real problem was different from the stated problem,"community networks, educational scaffolding, preventive maintenance",Generated 8x ROI within first year of implementation,9,Healthcare Administrator,2016,expert,peer_reviewed
CPS-00306,sustainability,collaboration,Converting waste streams into valuable resources,Limited to 3 team members; Limited to 3 team members,Tested assumption riskiest first | Regularly reviewed performance against metrics | Ran 8 rapid test cycles with real users,Found that combining two unrelated approaches created synergistic effects,"natural ecosystems, sharing economies",Became industry standard practice within 8 years,7,Circular Economy Designer,2012,intermediate,peer_reviewed
CPS-00307,healthcare,accessibility,Improving patient compliance with treatment plans,Budget limited to 60% of typical solutions; Must be implemented within 6 months; Must be implemented within 18 months,Created training and support materials | Quantified baseline metrics for success measurement | Tested assumption riskiest first | Gradually expanded to more challenging contexts | Regularly reviewed performance against metrics,Understood that timing and sequence mattered more than individual components,"preventive maintenance, educational scaffolding, community networks",Solution adopted by 39 organizations across 3 countries,9,Medical Doctor,2013,beginner,industry_validated
CPS-00308,software_architecture,efficiency,Ensuring security without compromising usability,Budget limited to 80% of typical solutions; Cannot use expensive technology/approach,"Pivoted approach based on evidence, not assumptions | Facilitated co-design workshops with end users | Started with controlled pilot in optimal conditions",Realized that assembly lines solved a similar problem by reframing the constraint,"assembly lines, neural networks",Reduced errors by 81% while improving efficiency,9,Security Specialist,2023,expert,industry_validated
CPS-00309,arts_creativity,efficiency,Collaborating across different artistic mediums,Cannot use conventional technology/approach; Must work with existing legacy infrastructure; Must comply with evolving regulations,Established success metrics and monitoring plan | Refined solution to work within all constraints | Gradually expanded to more challenging contexts,Discovered that the real problem was different from the stated problem,improvisational jazz,Generated 9x ROI within first year of implementation,6,Music Composer,2010,intermediate,peer_reviewed
CPS-00310,urban_planning,integration,Improving public transportation adoption,Must comply with international regulations; Limited to 7 team members,Quantified baseline metrics for success measurement | Established success metrics and monitoring plan | Tested assumption riskiest first | Gradually expanded to more challenging contexts,Realized that layered networks solved a similar problem by using emergent properties,"modular design, swarm behavior",Generated 6x ROI within first year of implementation,8,Traffic Engineer,2022,beginner,case_study
CPS-00311,software_architecture,integration,Managing distributed team collaboration,Must achieve 50% improvement over current state; Cannot use expensive technology/approach; Must work with existing legacy infrastructure; Limited to 4 team members,Built coalition of early adopters and champions | Mapped all stakeholder needs and pain points | Started with controlled pilot in optimal conditions | Documented learnings and iteration rationale,Realized that assembly lines solved a similar problem by reframing the constraint,"assembly lines, library organization, neural networks",Reduced costs by 80% while improving efficiency,6,Security Specialist,2020,advanced,peer_reviewed
CPS-00312,healthcare,accessibility,Improving patient compliance with treatment plans,Requires approval from 4 stakeholder groups; Requires approval from 5 stakeholder groups; Limited to 2 team members,Tested assumption riskiest first | Documented transferable principles for future use | Mapped all stakeholder needs and pain points | Created feedback loops for continuous input | Captured and shared learnings across teams,Recognized that a limitation could become a feature if viewed differently,"preventive maintenance, logistics optimization",Generated 9x ROI within first year of implementation,8,Medical Doctor,2014,intermediate,peer_reviewed
CPS-00313,sustainability,resilience,Converting waste streams into valuable resources,Limited to 8 team members; Must be implemented within 3 months; Must be implemented within 3 months,Quantified baseline metrics for success measurement | Addressed concerns through transparent communication | Developed phased rollout strategy | Ran 5 rapid test cycles with real users | Started with controlled pilot in optimal conditions,Saw that solutions from 2 different domains could be integrated,"natural ecosystems, repair cultures",Generated 3x ROI within first year of implementation,9,Circular Economy Designer,2012,beginner,experimental
CPS-00314,healthcare,optimization,Optimizing emergency room wait times,Must comply with multiple regulations; Must achieve 100% improvement over current state; Must comply with evolving regulations,Gradually expanded to more challenging contexts | Regularly reviewed performance against metrics | Ran 7 rapid test cycles with real users | Created training and support materials,Saw that solutions from 4 different domains could be integrated,"logistics optimization, quality control systems",Became industry standard practice within 10 years,6,Public Health Specialist,2013,advanced,case_study
CPS-00315,biomimicry,scalability,Designing self-cleaning surfaces,Cannot use established technology/approach; Must achieve 100% improvement over current state; Must comply with international regulations,Regularly reviewed performance against metrics | Built low-fidelity prototype focusing on user experience | Measured both quantitative metrics and qualitative feedback,Recognized that a limitation could become a feature if viewed differently,"termite mounds, Namib desert beetle",Achieved 136% improvement in primary metric while reducing costs by 12%,8,Ecological Engineer,2013,intermediate,peer_reviewed
CPS-00316,sustainability,scalability,Designing products for complete recyclability,Limited to 6 team members; Must work with existing minimal infrastructure; Budget limited to 80% of typical solutions; Requires approval from 5 stakeholder groups,Documented learnings and iteration rationale | Regularly reviewed performance against metrics | Mapped all stakeholder needs and pain points,"Learned that user behavior, not technology, was the key bottleneck","repair cultures, sharing economies, nutrient cycles",Generated 9x ROI within first year of implementation,5,Environmental Scientist,2022,advanced,experimental
CPS-00317,biomimicry,collaboration,Water collection in arid environments,Requires approval from 2 stakeholder groups; Must achieve 30% improvement over current state; Requires approval from 2 stakeholder groups; Must work with existing minimal infrastructure,Gradually expanded to more challenging contexts | Incorporated constraints as design features rather than limitations | Created feedback loops for continuous input | Created training and support materials | Conducted comparative analysis of 10 similar cases,Saw that solutions from 2 different domains could be integrated,termite mounds,Reduced waste by 72% while improving innovation,5,Materials Scientist,2020,advanced,case_study
CPS-00318,sustainability,integration,Reducing plastic waste in supply chains,Limited to 8 team members; Must work with existing aging infrastructure,Identified key patterns from repair cultures in nature/other fields | Built contingency plans for common failure modes | Regularly reviewed performance against metrics | Captured and shared learnings across teams | Refined solution to work within all constraints,Found that combining two unrelated approaches created synergistic effects,"repair cultures, nutrient cycles, natural ecosystems",Generated 2x ROI within first year of implementation,10,Environmental Scientist,2015,expert,case_study
CPS-00319,software_architecture,resilience,Scaling systems under unpredictable load,Must be implemented within 18 months; Cannot use established technology/approach; Must achieve 50% improvement over current state; Must be implemented within 18 months,Adapted solution to changing conditions | Gradually expanded to more challenging contexts | Incorporated constraints as design features rather than limitations,Found that combining two unrelated approaches created synergistic effects,assembly lines,Solution adopted by 31 organizations across 2 countries,9,Security Specialist,2019,beginner,industry_validated
CPS-00320,urban_planning,scalability,Reducing traffic congestion without expanding roads,Must comply with strict regulations; Cannot use expensive technology/approach; Must be implemented within 6 months,Incorporated constraints as design features rather than limitations | Established continuous feedback mechanisms | Established success metrics and monitoring plan,Realized that circulatory systems solved a similar problem by reframing the constraint,layered networks,Became industry standard practice within 9 years,6,Community Planner,2018,intermediate,case_study
CPS-00321,sustainability,system_design,Converting waste streams into valuable resources,Must be implemented within 3 months; Must achieve 30% improvement over current state; Cannot use expensive technology/approach; Must work with existing minimal infrastructure,Gradually expanded to more challenging contexts | Built contingency plans for common failure modes | Tested assumption riskiest first,Understood that timing and sequence mattered more than individual components,"repair cultures, nutrient cycles",Reduced waste by 47% while improving innovation,6,Policy Analyst,2014,intermediate,peer_reviewed
CPS-00322,urban_planning,system_design,Creating green spaces in dense urban areas,Budget limited to 60% of typical solutions; Must work with existing legacy infrastructure; Must be implemented within 12 months; Cannot use expensive technology/approach,Mapped all stakeholder needs and pain points | Developed phased rollout strategy | Adapted solution to changing conditions | Built coalition of early adopters and champions,Saw that solutions from 3 different domains could be integrated,"forest ecosystems, modular design, layered networks",Achieved 100% improvement in primary metric while reducing costs by 37%,10,Traffic Engineer,2018,advanced,peer_reviewed
CPS-00323,arts_creativity,scalability,Overcoming creative blocks systematically,Requires approval from 4 stakeholder groups; Cannot use established technology/approach,Measured both quantitative metrics and qualitative feedback | Built contingency plans for common failure modes | Identified key patterns from narrative structures in nature/other fields,Saw that solutions from 3 different domains could be integrated,architectural constraints,Reduced costs by 86% while improving efficiency,7,Creative Director,2011,advanced,industry_validated
CPS-00324,arts_creativity,resource_constraint,Overcoming creative blocks systematically,Must be implemented within 6 months; Requires approval from 4 stakeholder groups; Must work with existing limited infrastructure; Must achieve 20% improvement over current state,Quantified baseline metrics for success measurement | Incorporated constraints as design features rather than limitations | Created training and support materials,Saw that solutions from 4 different domains could be integrated,"scientific experimentation, narrative structures, improvisational jazz",Generated 7x ROI within first year of implementation,6,Creative Director,2015,expert,peer_reviewed
CPS-00325,arts_creativity,optimization,Making art accessible to diverse audiences,Must be implemented within 3 months; Cannot use expensive technology/approach; Limited to 8 team members; Budget limited to 60% of typical solutions,Measured both quantitative metrics and qualitative feedback | Developed phased rollout strategy | Quantified baseline metrics for success measurement | Captured and shared learnings across teams,Discovered that the real problem was different from the stated problem,"improvisational jazz, scientific experimentation, collage techniques",Reduced errors by 84% while improving efficiency,6,Creative Director,2022,beginner,experimental
CPS-00326,healthcare,integration,Managing chronic diseases with limited resources,Must be implemented within 18 months; Must work with existing aging infrastructure,Measured both quantitative metrics and qualitative feedback | Started with controlled pilot in optimal conditions | Tested assumption riskiest first,Discovered that the real problem was different from the stated problem,quality control systems,Achieved 80% improvement in primary metric while reducing costs by 18%,5,Healthcare Administrator,2024,intermediate,industry_validated
CPS-00327,education,system_design,Supporting students with varying background knowledge,Must be implemented within 6 months; Must achieve 100% improvement over current state; Budget limited to 60% of typical solutions; Must comply with strict regulations,"Created feedback loops for continuous input | Gradually expanded to more challenging contexts | Pivoted approach based on evidence, not assumptions | Identified key patterns from apprenticeship models in nature/other fields | Built contingency plans for common failure modes",Understood that timing and sequence mattered more than individual components,game design,Solution adopted by 23 organizations across 8 countries,5,Curriculum Designer,2021,beginner,experimental
CPS-00328,arts_creativity,collaboration,Making art accessible to diverse audiences,Cannot use conventional technology/approach; Cannot use expensive technology/approach; Cannot use expensive technology/approach; Budget limited to 50% of typical solutions,Established success metrics and monitoring plan | Regularly reviewed performance against metrics | Identified key patterns from architectural constraints in nature/other fields,Discovered that the real problem was different from the stated problem,"architectural constraints, improvisational jazz, collage techniques",Became industry standard practice within 7 years,5,Visual Artist,2022,beginner,case_study
CPS-00329,biomimicry,resource_constraint,Designing self-cleaning surfaces,Cannot use conventional technology/approach; Must be implemented within 6 months; Must achieve 20% improvement over current state,Regularly reviewed performance against metrics | Developed phased rollout strategy | Tested assumption riskiest first | Quantified baseline metrics for success measurement,Saw that solutions from 3 different domains could be integrated,termite mounds,Reduced errors by 70% while improving quality,8,Materials Scientist,2010,beginner,case_study
CPS-00330,biomimicry,behavior_change,Developing adhesive materials without chemicals,Must comply with evolving regulations; Must be implemented within 9 months; Requires approval from 3 stakeholder groups,Measured both quantitative metrics and qualitative feedback | Established success metrics and monitoring plan | Conducted comparative analysis of 9 similar cases | Facilitated co-design workshops with end users,Recognized that a limitation could become a feature if viewed differently,"Namib desert beetle, honeycomb structures, gecko feet",Became industry standard practice within 10 years,5,Biologist,2023,expert,industry_validated
CPS-00331,urban_planning,efficiency,Balancing development with historical preservation,Budget limited to 70% of typical solutions; Requires approval from 3 stakeholder groups; Must achieve 100% improvement over current state; Must work with existing limited infrastructure,Started with controlled pilot in optimal conditions | Addressed concerns through transparent communication | Established success metrics and monitoring plan | Identified key patterns from swarm behavior in nature/other fields,"Learned that user behavior, not technology, was the key bottleneck","layered networks, modular design, circulatory systems",Solution adopted by 21 organizations across 3 countries,7,Traffic Engineer,2022,advanced,case_study
CPS-00332,software_architecture,behavior_change,Managing distributed team collaboration,Must comply with evolving regulations; Cannot use proprietary technology/approach; Must work with existing legacy infrastructure; Must be implemented within 12 months,Built low-fidelity prototype focusing on technical feasibility | Measured both quantitative metrics and qualitative feedback | Documented transferable principles for future use | Established success metrics and monitoring plan,"Learned that user behavior, not technology, was the key bottleneck",library organization,Achieved 91% improvement in primary metric while reducing costs by 23%,8,Security Specialist,2013,intermediate,case_study
CPS-00333,urban_planning,collaboration,Reducing traffic congestion without expanding roads,Must achieve 100% improvement over current state; Must be implemented within 18 months; Budget limited to 60% of typical solutions; Must work with existing legacy infrastructure,Captured and shared learnings across teams | Created feedback loops for continuous input | Refined solution to work within all constraints | Regularly reviewed performance against metrics | Conducted comparative analysis of 8 similar cases,Understood that timing and sequence mattered more than individual components,layered networks,Became industry standard practice within 8 years,10,Traffic Engineer,2023,beginner,experimental
CPS-00334,biomimicry,adaptation,Water collection in arid environments,Limited to 4 team members; Must comply with multiple regulations,Mapped all stakeholder needs and pain points | Tested assumption riskiest first | Developed phased rollout strategy,Discovered that the real problem was different from the stated problem,termite mounds,Became industry standard practice within 4 years,7,Materials Scientist,2011,beginner,industry_validated
CPS-00335,biomimicry,system_design,Developing adhesive materials without chemicals,Limited to 7 team members; Budget limited to 70% of typical solutions; Budget limited to 70% of typical solutions; Must work with existing minimal infrastructure,Ran 3 rapid test cycles with real users | Adapted solution to changing conditions | Conducted comparative analysis of 11 similar cases | Developed phased rollout strategy,Discovered that the real problem was different from the stated problem,gecko feet,Generated 10x ROI within first year of implementation,10,Materials Scientist,2016,intermediate,peer_reviewed
CPS-00336,education,collaboration,Integrating technology meaningfully in classrooms,Must be implemented within 6 months; Requires approval from 2 stakeholder groups,Measured both quantitative metrics and qualitative feedback | Addressed concerns through transparent communication | Incorporated constraints as design features rather than limitations | Established success metrics and monitoring plan | Mapped all stakeholder needs and pain points,Realized that exploration expeditions solved a similar problem by reframing the constraint,"sports coaching, studio critiques, exploration expeditions",Achieved 72% improvement in primary metric while reducing costs by 35%,9,Educational Psychologist,2012,advanced,experimental
CPS-00337,healthcare,integration,Reducing hospital-acquired infections,Must be implemented within 9 months; Budget limited to 70% of typical solutions; Must work with existing limited infrastructure; Must work with existing legacy infrastructure,Established continuous feedback mechanisms | Created feedback loops for continuous input | Documented learnings and iteration rationale,Recognized that a limitation could become a feature if viewed differently,quality control systems,Reduced costs by 81% while improving satisfaction,6,Healthcare Administrator,2024,beginner,industry_validated
CPS-00338,biomimicry,accessibility,Developing adhesive materials without chemicals,Must be implemented within 6 months; Limited to 4 team members; Budget limited to 60% of typical solutions; Limited to 6 team members,"Built contingency plans for common failure modes | Started with controlled pilot in optimal conditions | Created feedback loops for continuous input | Pivoted approach based on evidence, not assumptions",Found that combining two unrelated approaches created synergistic effects,gecko feet,Achieved 132% improvement in primary metric while reducing costs by 44%,6,Materials Scientist,2022,intermediate,case_study
CPS-00339,biomimicry,accessibility,Water collection in arid environments,Limited to 5 team members; Must be implemented within 3 months; Must be implemented within 12 months; Must work with existing legacy infrastructure,Captured and shared learnings across teams | Addressed concerns through transparent communication | Developed phased rollout strategy,Recognized that a limitation could become a feature if viewed differently,"termite mounds, Namib desert beetle",Became industry standard practice within 4 years,5,Materials Scientist,2017,expert,industry_validated
CPS-00340,arts_creativity,optimization,Collaborating across different artistic mediums,Must achieve 30% improvement over current state; Limited to 8 team members; Limited to 7 team members; Cannot use expensive technology/approach,Identified key patterns from architectural constraints in nature/other fields | Developed phased rollout strategy | Adapted solution to changing conditions | Refined solution to work within all constraints,Found that combining two unrelated approaches created synergistic effects,"collage techniques, scientific experimentation",Solution adopted by 11 organizations across 9 countries,10,Visual Artist,2011,intermediate,case_study
CPS-00341,arts_creativity,behavior_change,Overcoming creative blocks systematically,Must work with existing aging infrastructure; Cannot use established technology/approach; Must achieve 50% improvement over current state,Mapped all stakeholder needs and pain points | Addressed concerns through transparent communication | Started with controlled pilot in optimal conditions | Ran 5 rapid test cycles with real users,"Learned that user behavior, not technology, was the key bottleneck","improvisational jazz, architectural constraints",Achieved 150% improvement in primary metric while reducing costs by 44%,6,Creative Director,2011,expert,peer_reviewed
CPS-00342,urban_planning,scalability,Creating green spaces in dense urban areas,Limited to 3 team members; Must comply with international regulations; Must achieve 30% improvement over current state; Limited to 8 team members,Adapted solution to changing conditions | Built contingency plans for common failure modes | Created feedback loops for continuous input,Recognized that a limitation could become a feature if viewed differently,"circulatory systems, modular design, forest ecosystems",Generated 2x ROI within first year of implementation,9,Urban Designer,2011,intermediate,peer_reviewed
CPS-00343,healthcare,integration,Optimizing emergency room wait times,Cannot use conventional technology/approach; Limited to 7 team members; Must comply with strict regulations; Must comply with international regulations,"Gradually expanded to more challenging contexts | Documented learnings and iteration rationale | Pivoted approach based on evidence, not assumptions",Understood that timing and sequence mattered more than individual components,"logistics optimization, preventive maintenance, community networks",Reduced errors by 86% while improving efficiency,7,Healthcare Administrator,2012,advanced,industry_validated
CPS-00344,urban_planning,scalability,Reducing traffic congestion without expanding roads,Must achieve 100% improvement over current state; Budget limited to 80% of typical solutions; Must be implemented within 9 months,Built coalition of early adopters and champions | Built contingency plans for common failure modes | Refined solution to work within all constraints,Recognized that a limitation could become a feature if viewed differently,"layered networks, forest ecosystems",Generated 4x ROI within first year of implementation,10,Urban Designer,2022,advanced,case_study
CPS-00345,arts_creativity,adaptation,Collaborating across different artistic mediums,Must work with existing aging infrastructure; Budget limited to 70% of typical solutions; Budget limited to 70% of typical solutions; Limited to 5 team members,Created training and support materials | Tested assumption riskiest first | Refined solution to work within all constraints | Mapped all stakeholder needs and pain points | Adapted solution to changing conditions,Understood that timing and sequence mattered more than individual components,"improvisational jazz, narrative structures, collage techniques",Solution adopted by 10 organizations across 12 countries,7,Music Composer,2012,intermediate,experimental
CPS-00346,healthcare,integration,Reducing hospital-acquired infections,Must comply with strict regulations; Must work with existing legacy infrastructure; Limited to 4 team members; Must comply with strict regulations,Refined solution to work within all constraints | Developed phased rollout strategy | Built low-fidelity prototype focusing on technical feasibility | Established continuous feedback mechanisms | Started with controlled pilot in optimal conditions,Found that combining two unrelated approaches created synergistic effects,"quality control systems, logistics optimization, preventive maintenance",Achieved 52% improvement in primary metric while reducing costs by 33%,7,Public Health Specialist,2013,beginner,peer_reviewed
CPS-00347,software_architecture,resilience,Ensuring security without compromising usability,Limited to 5 team members; Must be implemented within 6 months,Ran 8 rapid test cycles with real users | Tested assumption riskiest first | Conducted comparative analysis of 12 similar cases | Developed phased rollout strategy,Realized that city infrastructure solved a similar problem by using emergent properties,"library organization, city infrastructure",Reduced time by 48% while improving efficiency,8,DevOps Engineer,2010,advanced,experimental
CPS-00348,business_innovation,sustainability,Competing with free alternatives,Requires approval from 3 stakeholder groups; Cannot use established technology/approach; Must comply with evolving regulations,Maintained quality while increasing volume | Built low-fidelity prototype focusing on core functionality | Created training and support materials | Adapted solution to changing conditions | Measured both quantitative metrics and qualitative feedback,"Learned that user behavior, not technology, was the key bottleneck",platform ecosystems,Generated 7x ROI within first year of implementation,9,Market Researcher,2012,beginner,industry_validated
CPS-00349,education,efficiency,Integrating technology meaningfully in classrooms,Limited to 5 team members; Must achieve 30% improvement over current state; Must achieve 30% improvement over current state; Limited to 5 team members,Regularly reviewed performance against metrics | Measured both quantitative metrics and qualitative feedback | Tested assumption riskiest first | Gradually expanded to more challenging contexts | Conducted comparative analysis of 15 similar cases,Realized that sports coaching solved a similar problem by leveraging distributed intelligence,exploration expeditions,Reduced errors by 62% while improving quality,6,Educational Psychologist,2016,beginner,experimental
CPS-00350,software_architecture,integration,Maintaining legacy systems while innovating,Must achieve 50% improvement over current state; Requires approval from 4 stakeholder groups; Requires approval from 5 stakeholder groups,Ran 7 rapid test cycles with real users | Built coalition of early adopters and champions | Created training and support materials,"Learned that user behavior, not technology, was the key bottleneck","city infrastructure, biological immune systems",Solution adopted by 17 organizations across 9 countries,6,Security Specialist,2019,intermediate,experimental
CPS-00351,software_architecture,collaboration,Scaling systems under unpredictable load,Must comply with strict regulations; Requires approval from 3 stakeholder groups; Cannot use expensive technology/approach,Incorporated constraints as design features rather than limitations | Started with controlled pilot in optimal conditions | Documented transferable principles for future use,Found that combining two unrelated approaches created synergistic effects,biological immune systems,Reduced waste by 51% while improving innovation,9,DevOps Engineer,2010,intermediate,peer_reviewed
CPS-00352,business_innovation,system_design,Identifying unmet customer needs,Must comply with multiple regulations; Must achieve 100% improvement over current state,Identified key patterns from tournament structures in nature/other fields | Built coalition of early adopters and champions | Ran 8 rapid test cycles with real users | Built low-fidelity prototype focusing on core functionality | Documented transferable principles for future use,Saw that solutions from 4 different domains could be integrated,"open source communities, platform ecosystems, tournament structures",Achieved 83% improvement in primary metric while reducing costs by 33%,5,Product Manager,2010,advanced,industry_validated
CPS-00353,healthcare,adaptation,Managing chronic diseases with limited resources,Must comply with strict regulations; Must achieve 20% improvement over current state,Regularly reviewed performance against metrics | Facilitated co-design workshops with end users | Gradually expanded to more challenging contexts | Quantified baseline metrics for success measurement,"Learned that user behavior, not technology, was the key bottleneck","community networks, preventive maintenance, logistics optimization",Achieved 59% improvement in primary metric while reducing costs by 19%,10,Healthcare Administrator,2017,expert,experimental
CPS-00354,software_architecture,resource_constraint,Scaling systems under unpredictable load,Must be implemented within 3 months; Must be implemented within 12 months; Limited to 2 team members; Cannot use expensive technology/approach,Quantified baseline metrics for success measurement | Created training and support materials | Documented transferable principles for future use,Understood that timing and sequence mattered more than individual components,city infrastructure,Became industry standard practice within 4 years,5,Security Specialist,2020,expert,peer_reviewed
CPS-00355,sustainability,resilience,Reducing plastic waste in supply chains,Must comply with multiple regulations; Cannot use proprietary technology/approach; Limited to 3 team members; Budget limited to 60% of typical solutions,"Adapted solution to changing conditions | Built low-fidelity prototype focusing on user experience | Maintained quality while increasing volume | Pivoted approach based on evidence, not assumptions | Identified key patterns from repair cultures in nature/other fields",Realized that natural ecosystems solved a similar problem by using emergent properties,"nutrient cycles, natural ecosystems, sharing economies",Became industry standard practice within 7 years,5,Environmental Scientist,2019,beginner,experimental
CPS-00356,urban_planning,accessibility,Managing waste in high-density populations,Budget limited to 80% of typical solutions; Must work with existing limited infrastructure; Cannot use proprietary technology/approach; Must be implemented within 9 months,Built low-fidelity prototype focusing on core functionality | Created feedback loops for continuous input | Mapped all stakeholder needs and pain points | Maintained quality while increasing volume,Saw that solutions from 3 different domains could be integrated,forest ecosystems,Achieved 94% improvement in primary metric while reducing costs by 40%,9,Urban Designer,2022,beginner,case_study
CPS-00357,biomimicry,optimization,Creating energy-efficient cooling systems,Limited to 6 team members; Must work with existing legacy infrastructure; Must achieve 100% improvement over current state; Requires approval from 2 stakeholder groups,Addressed concerns through transparent communication | Ran 7 rapid test cycles with real users | Built contingency plans for common failure modes | Quantified baseline metrics for success measurement,Realized that lotus leaves solved a similar problem by reframing the constraint,"termite mounds, gecko feet",Generated 6x ROI within first year of implementation,6,Biologist,2021,intermediate,case_study
CPS-00358,biomimicry,accessibility,Water collection in arid environments,Must comply with evolving regulations; Must achieve 100% improvement over current state,"Pivoted approach based on evidence, not assumptions | Created training and support materials | Documented learnings and iteration rationale | Established continuous feedback mechanisms | Quantified baseline metrics for success measurement",Found that combining two unrelated approaches created synergistic effects,"honeycomb structures, Namib desert beetle",Reduced waste by 43% while improving innovation,8,Ecological Engineer,2017,beginner,industry_validated
CPS-00359,biomimicry,collaboration,Designing self-cleaning surfaces,Requires approval from 3 stakeholder groups; Must be implemented within 18 months; Requires approval from 2 stakeholder groups; Must comply with multiple regulations,Started with controlled pilot in optimal conditions | Quantified baseline metrics for success measurement | Tested assumption riskiest first | Created feedback loops for continuous input | Adapted solution to changing conditions,Realized that honeycomb structures solved a similar problem by using emergent properties,termite mounds,Became industry standard practice within 9 years,8,Biologist,2013,advanced,case_study
CPS-00360,business_innovation,resource_constraint,Identifying unmet customer needs,Requires approval from 3 stakeholder groups; Limited to 8 team members; Cannot use conventional technology/approach; Must work with existing minimal infrastructure,"Developed phased rollout strategy | Pivoted approach based on evidence, not assumptions | Adapted solution to changing conditions",Understood that timing and sequence mattered more than individual components,"tournament structures, open source communities, evolutionary adaptation",Achieved 58% improvement in primary metric while reducing costs by 15%,9,Innovation Consultant,2024,advanced,industry_validated
CPS-00361,software_architecture,resource_constraint,Maintaining legacy systems while innovating,Must comply with multiple regulations; Must achieve 50% improvement over current state; Must achieve 20% improvement over current state,Created feedback loops for continuous input | Quantified baseline metrics for success measurement | Captured and shared learnings across teams | Documented learnings and iteration rationale | Refined solution to work within all constraints,Recognized that a limitation could become a feature if viewed differently,"assembly lines, neural networks, library organization",Reduced waste by 56% while improving quality,8,System Architect,2015,expert,case_study
CPS-00362,business_innovation,adaptation,Competing with free alternatives,Cannot use established technology/approach; Requires approval from 3 stakeholder groups,Captured and shared learnings across teams | Refined solution to work within all constraints | Documented learnings and iteration rationale | Quantified baseline metrics for success measurement,Understood that timing and sequence mattered more than individual components,"ecosystem niches, evolutionary adaptation",Became industry standard practice within 7 years,9,Product Manager,2023,expert,industry_validated
CPS-00363,software_architecture,efficiency,Scaling systems under unpredictable load,Must work with existing aging infrastructure; Limited to 6 team members; Must work with existing legacy infrastructure; Limited to 3 team members,Ran 6 rapid test cycles with real users | Established continuous feedback mechanisms | Built coalition of early adopters and champions | Gradually expanded to more challenging contexts,Discovered that the real problem was different from the stated problem,assembly lines,Generated 2x ROI within first year of implementation,7,Security Specialist,2010,intermediate,industry_validated
CPS-00364,education,sustainability,Integrating technology meaningfully in classrooms,Requires approval from 2 stakeholder groups; Must be implemented within 12 months,Captured and shared learnings across teams | Conducted comparative analysis of 6 similar cases | Facilitated co-design workshops with end users | Documented learnings and iteration rationale,Realized that exploration expeditions solved a similar problem by reframing the constraint,"game design, sports coaching",Generated 5x ROI within first year of implementation,10,Educational Psychologist,2014,expert,peer_reviewed
CPS-00365,arts_creativity,efficiency,Making art accessible to diverse audiences,Requires approval from 5 stakeholder groups; Requires approval from 2 stakeholder groups; Must comply with evolving regulations,Tested assumption riskiest first | Documented transferable principles for future use | Quantified baseline metrics for success measurement | Developed phased rollout strategy | Refined solution to work within all constraints,Discovered that the real problem was different from the stated problem,"collage techniques, improvisational jazz",Achieved 161% improvement in primary metric while reducing costs by 47%,5,Creative Director,2020,advanced,peer_reviewed
CPS-00366,education,resilience,Preparing students for jobs that don't exist yet,Cannot use conventional technology/approach; Requires approval from 5 stakeholder groups; Limited to 7 team members,Adapted solution to changing conditions | Maintained quality while increasing volume | Built contingency plans for common failure modes | Refined solution to work within all constraints,Discovered that the real problem was different from the stated problem,"exploration expeditions, game design, apprenticeship models",Generated 8x ROI within first year of implementation,7,Technology Integration Specialist,2014,beginner,case_study
CPS-00367,arts_creativity,resilience,Balancing artistic vision with commercial viability,Must comply with multiple regulations; Budget limited to 50% of typical solutions; Limited to 3 team members; Cannot use conventional technology/approach,Created feedback loops for continuous input | Built low-fidelity prototype focusing on core functionality | Regularly reviewed performance against metrics,Found that combining two unrelated approaches created synergistic effects,"narrative structures, architectural constraints, improvisational jazz",Reduced errors by 70% while improving innovation,6,Visual Artist,2023,beginner,peer_reviewed
CPS-00368,sustainability,optimization,Measuring true environmental costs of products,Must achieve 30% improvement over current state; Limited to 8 team members; Requires approval from 3 stakeholder groups,Adapted solution to changing conditions | Refined solution to work within all constraints | Conducted comparative analysis of 10 similar cases | Built coalition of early adopters and champions | Incorporated constraints as design features rather than limitations,Understood that timing and sequence mattered more than individual components,"nutrient cycles, repair cultures, cradle-to-cradle design",Became industry standard practice within 8 years,10,Circular Economy Designer,2015,intermediate,peer_reviewed
CPS-00369,urban_planning,system_design,Reducing traffic congestion without expanding roads,Cannot use established technology/approach; Requires approval from 5 stakeholder groups,Established success metrics and monitoring plan | Started with controlled pilot in optimal conditions | Identified key patterns from layered networks in nature/other fields | Ran 8 rapid test cycles with real users | Created feedback loops for continuous input,Found that combining two unrelated approaches created synergistic effects,"forest ecosystems, circulatory systems, layered networks",Became industry standard practice within 10 years,6,Traffic Engineer,2010,beginner,case_study
CPS-00370,urban_planning,sustainability,Managing waste in high-density populations,Requires approval from 2 stakeholder groups; Limited to 4 team members; Cannot use proprietary technology/approach,Tested assumption riskiest first | Captured and shared learnings across teams | Established continuous feedback mechanisms | Developed phased rollout strategy,Understood that timing and sequence mattered more than individual components,"swarm behavior, modular design, layered networks",Became industry standard practice within 10 years,7,Traffic Engineer,2019,intermediate,experimental
CPS-00371,urban_planning,sustainability,Improving public transportation adoption,Cannot use proprietary technology/approach; Limited to 3 team members; Budget limited to 50% of typical solutions; Limited to 7 team members,Built coalition of early adopters and champions | Built low-fidelity prototype focusing on core functionality | Documented transferable principles for future use | Created training and support materials,Realized that layered networks solved a similar problem by leveraging distributed intelligence,"layered networks, forest ecosystems, circulatory systems",Achieved 67% improvement in primary metric while reducing costs by 17%,5,Urban Designer,2021,expert,experimental
CPS-00372,arts_creativity,resource_constraint,Preserving cultural heritage while innovating,Budget limited to 80% of typical solutions; Limited to 2 team members,Established success metrics and monitoring plan | Mapped all stakeholder needs and pain points | Built low-fidelity prototype focusing on technical feasibility,Saw that solutions from 3 different domains could be integrated,"collage techniques, scientific experimentation, architectural constraints",Generated 2x ROI within first year of implementation,8,Visual Artist,2010,advanced,industry_validated
CPS-00373,sustainability,accessibility,Designing products for complete recyclability,Must be implemented within 9 months; Budget limited to 50% of typical solutions; Limited to 5 team members,Ran 5 rapid test cycles with real users | Documented transferable principles for future use | Incorporated constraints as design features rather than limitations | Conducted comparative analysis of 14 similar cases | Captured and shared learnings across teams,Understood that timing and sequence mattered more than individual components,sharing economies,Achieved 166% improvement in primary metric while reducing costs by 46%,9,Environmental Scientist,2018,expert,case_study
CPS-00374,business_innovation,adaptation,Competing with free alternatives,Must achieve 20% improvement over current state; Must comply with strict regulations; Must comply with international regulations; Cannot use proprietary technology/approach,Regularly reviewed performance against metrics | Quantified baseline metrics for success measurement | Created training and support materials | Ran 3 rapid test cycles with real users,Realized that platform ecosystems solved a similar problem by reframing the constraint,"platform ecosystems, tournament structures",Solution adopted by 12 organizations across 9 countries,8,Innovation Consultant,2016,intermediate,case_study
CPS-00375,urban_planning,adaptation,Balancing development with historical preservation,Cannot use proprietary technology/approach; Must be implemented within 18 months; Limited to 3 team members; Limited to 4 team members,Facilitated co-design workshops with end users | Adapted solution to changing conditions | Established success metrics and monitoring plan,Recognized that a limitation could become a feature if viewed differently,swarm behavior,Reduced costs by 71% while improving quality,5,Community Planner,2010,beginner,experimental
CPS-00376,healthcare,accessibility,Optimizing emergency room wait times,Budget limited to 80% of typical solutions; Cannot use expensive technology/approach; Cannot use proprietary technology/approach,Created feedback loops for continuous input | Established success metrics and monitoring plan | Documented transferable principles for future use | Built low-fidelity prototype focusing on technical feasibility,Saw that solutions from 3 different domains could be integrated,"educational scaffolding, preventive maintenance",Became industry standard practice within 2 years,6,Public Health Specialist,2011,beginner,industry_validated
CPS-00377,healthcare,optimization,Managing chronic diseases with limited resources,Cannot use expensive technology/approach; Budget limited to 50% of typical solutions; Must achieve 20% improvement over current state; Limited to 6 team members,Maintained quality while increasing volume | Identified key patterns from logistics optimization in nature/other fields | Documented transferable principles for future use | Measured both quantitative metrics and qualitative feedback,Understood that timing and sequence mattered more than individual components,"logistics optimization, community networks",Reduced errors by 52% while improving efficiency,5,Medical Doctor,2024,beginner,case_study
CPS-00378,education,optimization,Integrating technology meaningfully in classrooms,Must comply with international regulations; Must work with existing limited infrastructure,Measured both quantitative metrics and qualitative feedback | Built low-fidelity prototype focusing on user experience | Facilitated co-design workshops with end users,Discovered that the real problem was different from the stated problem,"exploration expeditions, apprenticeship models, studio critiques",Solution adopted by 39 organizations across 10 countries,8,Technology Integration Specialist,2023,advanced,experimental
CPS-00379,software_architecture,optimization,Reducing technical debt while delivering features,Must comply with strict regulations; Must achieve 100% improvement over current state; Requires approval from 2 stakeholder groups,Tested assumption riskiest first | Ran 8 rapid test cycles with real users | Established success metrics and monitoring plan | Adapted solution to changing conditions,Understood that timing and sequence mattered more than individual components,city infrastructure,Solution adopted by 11 organizations across 9 countries,7,DevOps Engineer,2021,expert,experimental
CPS-00380,biomimicry,system_design,Creating energy-efficient cooling systems,Budget limited to 80% of typical solutions; Must comply with multiple regulations; Must comply with evolving regulations; Must be implemented within 6 months,Mapped all stakeholder needs and pain points | Started with controlled pilot in optimal conditions | Built coalition of early adopters and champions,Saw that solutions from 4 different domains could be integrated,"Namib desert beetle, gecko feet, termite mounds",Generated 6x ROI within first year of implementation,10,Biologist,2023,intermediate,experimental
CPS-00381,biomimicry,collaboration,Developing adhesive materials without chemicals,Must comply with strict regulations; Must work with existing legacy infrastructure; Budget limited to 50% of typical solutions; Limited to 4 team members,Established success metrics and monitoring plan | Facilitated co-design workshops with end users | Built low-fidelity prototype focusing on technical feasibility | Conducted comparative analysis of 6 similar cases | Measured both quantitative metrics and qualitative feedback,Saw that solutions from 4 different domains could be integrated,gecko feet,Generated 8x ROI within first year of implementation,8,Ecological Engineer,2019,beginner,case_study
CPS-00382,arts_creativity,accessibility,Making art accessible to diverse audiences,Budget limited to 50% of typical solutions; Limited to 7 team members; Must achieve 100% improvement over current state; Requires approval from 2 stakeholder groups,"Built coalition of early adopters and champions | Pivoted approach based on evidence, not assumptions | Built contingency plans for common failure modes | Incorporated constraints as design features rather than limitations | Maintained quality while increasing volume",Discovered that the real problem was different from the stated problem,"narrative structures, scientific experimentation",Solution adopted by 16 organizations across 6 countries,10,Creative Director,2021,intermediate,peer_reviewed
CPS-00383,healthcare,integration,Optimizing emergency room wait times,Must be implemented within 3 months; Budget limited to 50% of typical solutions,"Pivoted approach based on evidence, not assumptions | Started with controlled pilot in optimal conditions | Identified key patterns from community networks in nature/other fields | Incorporated constraints as design features rather than limitations | Built contingency plans for common failure modes",Realized that educational scaffolding solved a similar problem by reframing the constraint,educational scaffolding,Solution adopted by 24 organizations across 4 countries,5,Healthcare Administrator,2012,expert,industry_validated
CPS-00384,sustainability,system_design,Designing products for complete recyclability,Requires approval from 5 stakeholder groups; Must achieve 20% improvement over current state,Developed phased rollout strategy | Built coalition of early adopters and champions | Identified key patterns from cradle-to-cradle design in nature/other fields | Refined solution to work within all constraints | Documented transferable principles for future use,Recognized that a limitation could become a feature if viewed differently,cradle-to-cradle design,Solution adopted by 40 organizations across 10 countries,10,Policy Analyst,2011,expert,case_study
CPS-00385,biomimicry,behavior_change,Developing adhesive materials without chemicals,Must work with existing legacy infrastructure; Limited to 6 team members; Cannot use established technology/approach,Established continuous feedback mechanisms | Built contingency plans for common failure modes | Tested assumption riskiest first,Discovered that the real problem was different from the stated problem,"termite mounds, Namib desert beetle, gecko feet",Solution adopted by 21 organizations across 3 countries,10,Ecological Engineer,2021,beginner,case_study
CPS-00386,arts_creativity,resilience,Balancing artistic vision with commercial viability,Must work with existing legacy infrastructure; Cannot use conventional technology/approach; Cannot use conventional technology/approach; Must work with existing legacy infrastructure,Captured and shared learnings across teams | Regularly reviewed performance against metrics | Facilitated co-design workshops with end users | Established success metrics and monitoring plan,"Learned that user behavior, not technology, was the key bottleneck",narrative structures,Reduced errors by 77% while improving quality,9,Visual Artist,2012,beginner,case_study
CPS-00387,software_architecture,resource_constraint,Reducing technical debt while delivering features,Must be implemented within 12 months; Requires approval from 5 stakeholder groups; Budget limited to 60% of typical solutions,Maintained quality while increasing volume | Created training and support materials | Facilitated co-design workshops with end users | Conducted comparative analysis of 11 similar cases | Refined solution to work within all constraints,Recognized that a limitation could become a feature if viewed differently,assembly lines,Reduced costs by 43% while improving efficiency,7,DevOps Engineer,2014,beginner,experimental
CPS-00388,arts_creativity,behavior_change,Preserving cultural heritage while innovating,Requires approval from 3 stakeholder groups; Must work with existing minimal infrastructure; Must comply with strict regulations; Requires approval from 5 stakeholder groups,Ran 6 rapid test cycles with real users | Built coalition of early adopters and champions | Maintained quality while increasing volume,"Learned that user behavior, not technology, was the key bottleneck","scientific experimentation, improvisational jazz, narrative structures",Became industry standard practice within 3 years,10,Visual Artist,2020,expert,industry_validated
CPS-00389,healthcare,efficiency,Reducing hospital-acquired infections,Must work with existing limited infrastructure; Requires approval from 5 stakeholder groups; Cannot use proprietary technology/approach,Identified key patterns from logistics optimization in nature/other fields | Documented learnings and iteration rationale | Established success metrics and monitoring plan | Addressed concerns through transparent communication | Adapted solution to changing conditions,Found that combining two unrelated approaches created synergistic effects,community networks,Achieved 124% improvement in primary metric while reducing costs by 46%,8,Medical Doctor,2024,advanced,peer_reviewed
CPS-00390,urban_planning,integration,Creating green spaces in dense urban areas,Must comply with strict regulations; Budget limited to 70% of typical solutions; Requires approval from 2 stakeholder groups,Created feedback loops for continuous input | Measured both quantitative metrics and qualitative feedback | Created training and support materials | Regularly reviewed performance against metrics,Realized that circulatory systems solved a similar problem by using emergent properties,"swarm behavior, forest ecosystems, circulatory systems",Generated 6x ROI within first year of implementation,9,Traffic Engineer,2013,expert,peer_reviewed
CPS-00391,urban_planning,optimization,Reducing traffic congestion without expanding roads,Must be implemented within 12 months; Must comply with multiple regulations; Cannot use conventional technology/approach; Must be implemented within 9 months,"Established success metrics and monitoring plan | Pivoted approach based on evidence, not assumptions | Quantified baseline metrics for success measurement | Built low-fidelity prototype focusing on technical feasibility | Built coalition of early adopters and champions",Recognized that a limitation could become a feature if viewed differently,layered networks,Achieved 140% improvement in primary metric while reducing costs by 35%,7,Urban Designer,2020,beginner,industry_validated
CPS-00392,software_architecture,efficiency,Managing distributed team collaboration,Budget limited to 70% of typical solutions; Must comply with strict regulations,"Conducted comparative analysis of 15 similar cases | Built coalition of early adopters and champions | Pivoted approach based on evidence, not assumptions",Saw that solutions from 2 different domains could be integrated,city infrastructure,Achieved 131% improvement in primary metric while reducing costs by 43%,6,DevOps Engineer,2019,advanced,industry_validated
CPS-00393,software_architecture,accessibility,Reducing technical debt while delivering features,Budget limited to 60% of typical solutions; Must achieve 30% improvement over current state,Built coalition of early adopters and champions | Gradually expanded to more challenging contexts | Built low-fidelity prototype focusing on technical feasibility | Created training and support materials,Discovered that the real problem was different from the stated problem,"assembly lines, biological immune systems",Achieved 159% improvement in primary metric while reducing costs by 32%,9,System Architect,2016,expert,case_study
CPS-00394,software_architecture,accessibility,Maintaining legacy systems while innovating,Must be implemented within 3 months; Must achieve 20% improvement over current state,Measured both quantitative metrics and qualitative feedback | Quantified baseline metrics for success measurement | Documented learnings and iteration rationale,Saw that solutions from 2 different domains could be integrated,"city infrastructure, neural networks",Reduced waste by 80% while improving quality,7,DevOps Engineer,2012,advanced,peer_reviewed
CPS-00395,software_architecture,collaboration,Maintaining legacy systems while innovating,Limited to 2 team members; Limited to 3 team members; Must comply with multiple regulations,Started with controlled pilot in optimal conditions | Quantified baseline metrics for success measurement | Refined solution to work within all constraints | Addressed concerns through transparent communication,Discovered that the real problem was different from the stated problem,biological immune systems,Solution adopted by 16 organizations across 8 countries,9,Security Specialist,2017,advanced,experimental
CPS-00396,urban_planning,collaboration,Improving public transportation adoption,Must achieve 20% improvement over current state; Must comply with evolving regulations; Requires approval from 2 stakeholder groups,Maintained quality while increasing volume | Adapted solution to changing conditions | Conducted comparative analysis of 10 similar cases,Discovered that the real problem was different from the stated problem,"swarm behavior, modular design, layered networks",Solution adopted by 16 organizations across 2 countries,8,Urban Designer,2020,beginner,case_study
CPS-00397,business_innovation,system_design,Identifying unmet customer needs,Must be implemented within 6 months; Requires approval from 2 stakeholder groups; Must work with existing limited infrastructure; Limited to 6 team members,Refined solution to work within all constraints | Built contingency plans for common failure modes | Gradually expanded to more challenging contexts | Established continuous feedback mechanisms,Understood that timing and sequence mattered more than individual components,"tournament structures, open source communities, platform ecosystems",Generated 6x ROI within first year of implementation,7,Innovation Consultant,2013,beginner,industry_validated
CPS-00398,software_architecture,resource_constraint,Maintaining legacy systems while innovating,Budget limited to 60% of typical solutions; Must be implemented within 18 months,Documented learnings and iteration rationale | Conducted comparative analysis of 9 similar cases | Documented transferable principles for future use,Understood that timing and sequence mattered more than individual components,"assembly lines, neural networks, city infrastructure",Generated 6x ROI within first year of implementation,7,DevOps Engineer,2021,beginner,industry_validated
CPS-00399,sustainability,optimization,Reducing plastic waste in supply chains,Must work with existing aging infrastructure; Must comply with multiple regulations; Must achieve 30% improvement over current state,Created training and support materials | Maintained quality while increasing volume | Measured both quantitative metrics and qualitative feedback,"Learned that user behavior, not technology, was the key bottleneck","cradle-to-cradle design, sharing economies",Solution adopted by 28 organizations across 7 countries,8,Circular Economy Designer,2013,beginner,industry_validated
CPS-00400,education,resilience,Preparing students for jobs that don't exist yet,Must comply with international regulations; Must comply with evolving regulations; Limited to 7 team members; Limited to 3 team members,Built low-fidelity prototype focusing on core functionality | Regularly reviewed performance against metrics | Maintained quality while increasing volume | Addressed concerns through transparent communication,Understood that timing and sequence mattered more than individual components,"exploration expeditions, apprenticeship models, game design",Solution adopted by 42 organizations across 7 countries,9,Technology Integration Specialist,2023,advanced,case_study
CPS-00401,healthcare,resource_constraint,Reducing hospital-acquired infections,Must achieve 30% improvement over current state; Budget limited to 60% of typical solutions,Adapted solution to changing conditions | Refined solution to work within all constraints | Identified key patterns from logistics optimization in nature/other fields,Realized that preventive maintenance solved a similar problem by reframing the constraint,logistics optimization,Reduced waste by 49% while improving satisfaction,5,Medical Doctor,2012,advanced,case_study
CPS-00402,software_architecture,behavior_change,Scaling systems under unpredictable load,Must achieve 50% improvement over current state; Limited to 8 team members; Must comply with international regulations; Must work with existing aging infrastructure,Tested assumption riskiest first | Maintained quality while increasing volume | Refined solution to work within all constraints | Identified key patterns from city infrastructure in nature/other fields | Regularly reviewed performance against metrics,Saw that solutions from 3 different domains could be integrated,"city infrastructure, neural networks",Solution adopted by 17 organizations across 6 countries,10,System Architect,2010,advanced,peer_reviewed
CPS-00403,business_innovation,accessibility,Competing with free alternatives,Limited to 8 team members; Budget limited to 50% of typical solutions; Must comply with multiple regulations; Requires approval from 5 stakeholder groups,"Identified key patterns from evolutionary adaptation in nature/other fields | Facilitated co-design workshops with end users | Established continuous feedback mechanisms | Pivoted approach based on evidence, not assumptions | Captured and shared learnings across teams",Discovered that the real problem was different from the stated problem,tournament structures,Reduced time by 61% while improving innovation,5,Product Manager,2013,beginner,peer_reviewed
CPS-00404,biomimicry,behavior_change,Creating energy-efficient cooling systems,Limited to 5 team members; Must achieve 20% improvement over current state; Must be implemented within 12 months,Incorporated constraints as design features rather than limitations | Identified key patterns from termite mounds in nature/other fields | Ran 3 rapid test cycles with real users | Established success metrics and monitoring plan,Realized that termite mounds solved a similar problem by reframing the constraint,gecko feet,Achieved 63% improvement in primary metric while reducing costs by 12%,8,Ecological Engineer,2012,intermediate,peer_reviewed
CPS-00405,education,integration,Engaging students with diverse learning styles,Must achieve 100% improvement over current state; Requires approval from 5 stakeholder groups,Regularly reviewed performance against metrics | Identified key patterns from game design in nature/other fields | Refined solution to work within all constraints | Developed phased rollout strategy | Facilitated co-design workshops with end users,Recognized that a limitation could become a feature if viewed differently,"studio critiques, exploration expeditions, sports coaching",Achieved 67% improvement in primary metric while reducing costs by 25%,6,Curriculum Designer,2011,beginner,case_study
CPS-00406,business_innovation,optimization,Competing with free alternatives,Must comply with international regulations; Budget limited to 50% of typical solutions,Adapted solution to changing conditions | Mapped all stakeholder needs and pain points | Ran 5 rapid test cycles with real users | Tested assumption riskiest first,Found that combining two unrelated approaches created synergistic effects,ecosystem niches,Achieved 172% improvement in primary metric while reducing costs by 39%,8,Product Manager,2016,advanced,industry_validated
CPS-00407,arts_creativity,behavior_change,Collaborating across different artistic mediums,Budget limited to 60% of typical solutions; Must work with existing aging infrastructure; Requires approval from 4 stakeholder groups; Must achieve 20% improvement over current state,"Created training and support materials | Documented transferable principles for future use | Pivoted approach based on evidence, not assumptions | Tested assumption riskiest first","Learned that user behavior, not technology, was the key bottleneck",collage techniques,Became industry standard practice within 6 years,6,Visual Artist,2024,advanced,peer_reviewed
CPS-00408,biomimicry,resource_constraint,Optimizing structural strength with minimal material,Must comply with strict regulations; Cannot use expensive technology/approach; Budget limited to 70% of typical solutions,Started with controlled pilot in optimal conditions | Created feedback loops for continuous input | Regularly reviewed performance against metrics | Incorporated constraints as design features rather than limitations | Quantified baseline metrics for success measurement,Found that combining two unrelated approaches created synergistic effects,"Namib desert beetle, lotus leaves, gecko feet",Achieved 171% improvement in primary metric while reducing costs by 31%,7,Ecological Engineer,2018,intermediate,peer_reviewed
CPS-00409,urban_planning,system_design,Reducing traffic congestion without expanding roads,Must be implemented within 6 months; Must be implemented within 9 months,Documented learnings and iteration rationale | Developed phased rollout strategy | Conducted comparative analysis of 13 similar cases | Established continuous feedback mechanisms | Refined solution to work within all constraints,Discovered that the real problem was different from the stated problem,"layered networks, swarm behavior",Solution adopted by 30 organizations across 6 countries,6,Traffic Engineer,2020,intermediate,case_study
CPS-00410,software_architecture,system_design,Managing distributed team collaboration,Must be implemented within 6 months; Cannot use conventional technology/approach,Gradually expanded to more challenging contexts | Conducted comparative analysis of 6 similar cases | Regularly reviewed performance against metrics | Incorporated constraints as design features rather than limitations,"Learned that user behavior, not technology, was the key bottleneck",neural networks,Achieved 80% improvement in primary metric while reducing costs by 17%,10,Security Specialist,2021,intermediate,case_study
CPS-00411,biomimicry,integration,Designing self-cleaning surfaces,Cannot use proprietary technology/approach; Must work with existing minimal infrastructure,Adapted solution to changing conditions | Conducted comparative analysis of 8 similar cases | Captured and shared learnings across teams,Saw that solutions from 4 different domains could be integrated,"Namib desert beetle, lotus leaves, honeycomb structures",Solution adopted by 39 organizations across 13 countries,6,Biologist,2023,intermediate,experimental
CPS-00412,healthcare,sustainability,Reducing hospital-acquired infections,Must be implemented within 18 months; Must comply with strict regulations; Limited to 3 team members,Ran 3 rapid test cycles with real users | Identified key patterns from quality control systems in nature/other fields | Built coalition of early adopters and champions | Regularly reviewed performance against metrics,"Learned that user behavior, not technology, was the key bottleneck","preventive maintenance, community networks, quality control systems",Reduced waste by 67% while improving efficiency,6,Medical Doctor,2020,beginner,industry_validated
CPS-00413,healthcare,resilience,Improving patient compliance with treatment plans,Must achieve 100% improvement over current state; Limited to 2 team members,Created training and support materials | Captured and shared learnings across teams | Identified key patterns from preventive maintenance in nature/other fields | Documented learnings and iteration rationale,Understood that timing and sequence mattered more than individual components,"educational scaffolding, preventive maintenance",Solution adopted by 33 organizations across 5 countries,9,Public Health Specialist,2020,expert,case_study
CPS-00414,business_innovation,system_design,Fostering innovation in risk-averse organizations,Budget limited to 80% of typical solutions; Requires approval from 5 stakeholder groups; Cannot use established technology/approach; Limited to 6 team members,"Quantified baseline metrics for success measurement | Pivoted approach based on evidence, not assumptions | Built contingency plans for common failure modes | Maintained quality while increasing volume",Discovered that the real problem was different from the stated problem,"open source communities, platform ecosystems",Became industry standard practice within 10 years,7,Innovation Consultant,2010,intermediate,experimental
CPS-00415,biomimicry,system_design,Developing adhesive materials without chemicals,Budget limited to 60% of typical solutions; Limited to 3 team members,Identified key patterns from Namib desert beetle in nature/other fields | Ran 5 rapid test cycles with real users | Gradually expanded to more challenging contexts | Incorporated constraints as design features rather than limitations,Discovered that the real problem was different from the stated problem,"Namib desert beetle, honeycomb structures, termite mounds",Achieved 57% improvement in primary metric while reducing costs by 45%,5,Biologist,2013,beginner,industry_validated
CPS-00416,arts_creativity,resource_constraint,Preserving cultural heritage while innovating,Must comply with multiple regulations; Budget limited to 70% of typical solutions; Limited to 4 team members; Must be implemented within 18 months,Established continuous feedback mechanisms | Developed phased rollout strategy | Facilitated co-design workshops with end users | Refined solution to work within all constraints,Discovered that the real problem was different from the stated problem,"narrative structures, scientific experimentation",Generated 8x ROI within first year of implementation,9,Music Composer,2023,advanced,peer_reviewed
CPS-00417,education,accessibility,Engaging students with diverse learning styles,Cannot use conventional technology/approach; Must comply with evolving regulations,Developed phased rollout strategy | Measured both quantitative metrics and qualitative feedback | Maintained quality while increasing volume | Addressed concerns through transparent communication | Adapted solution to changing conditions,Recognized that a limitation could become a feature if viewed differently,"apprenticeship models, game design",Became industry standard practice within 2 years,10,Educational Psychologist,2013,beginner,peer_reviewed
CPS-00418,biomimicry,collaboration,Designing self-cleaning surfaces,Limited to 3 team members; Cannot use conventional technology/approach,Captured and shared learnings across teams | Measured both quantitative metrics and qualitative feedback | Addressed concerns through transparent communication,Discovered that the real problem was different from the stated problem,"gecko feet, termite mounds, Namib desert beetle",Generated 3x ROI within first year of implementation,7,Ecological Engineer,2011,expert,case_study
CPS-00419,biomimicry,optimization,Developing adhesive materials without chemicals,Budget limited to 70% of typical solutions; Requires approval from 2 stakeholder groups; Requires approval from 5 stakeholder groups; Must achieve 50% improvement over current state,"Pivoted approach based on evidence, not assumptions | Addressed concerns through transparent communication | Incorporated constraints as design features rather than limitations | Gradually expanded to more challenging contexts",Realized that Namib desert beetle solved a similar problem by leveraging distributed intelligence,termite mounds,Generated 3x ROI within first year of implementation,5,Ecological Engineer,2017,intermediate,case_study
CPS-00420,sustainability,sustainability,Converting waste streams into valuable resources,Must achieve 30% improvement over current state; Budget limited to 70% of typical solutions; Limited to 3 team members; Must comply with strict regulations,Addressed concerns through transparent communication | Conducted comparative analysis of 8 similar cases | Refined solution to work within all constraints | Incorporated constraints as design features rather than limitations,"Learned that user behavior, not technology, was the key bottleneck","sharing economies, cradle-to-cradle design",Solution adopted by 30 organizations across 11 countries,9,Policy Analyst,2019,advanced,experimental
CPS-00421,arts_creativity,integration,Balancing artistic vision with commercial viability,Budget limited to 50% of typical solutions; Must be implemented within 3 months,"Established success metrics and monitoring plan | Documented transferable principles for future use | Tested assumption riskiest first | Pivoted approach based on evidence, not assumptions | Mapped all stakeholder needs and pain points",Found that combining two unrelated approaches created synergistic effects,"narrative structures, scientific experimentation",Generated 2x ROI within first year of implementation,10,Creative Director,2017,beginner,peer_reviewed
CPS-00422,education,efficiency,Preparing students for jobs that don't exist yet,Must achieve 20% improvement over current state; Must achieve 20% improvement over current state,Regularly reviewed performance against metrics | Built contingency plans for common failure modes | Gradually expanded to more challenging contexts | Incorporated constraints as design features rather than limitations,Saw that solutions from 3 different domains could be integrated,exploration expeditions,Achieved 92% improvement in primary metric while reducing costs by 49%,10,Technology Integration Specialist,2020,intermediate,case_study
CPS-00423,business_innovation,resilience,Building platforms that create network effects,Must comply with evolving regulations; Cannot use established technology/approach,Developed phased rollout strategy | Built coalition of early adopters and champions | Started with controlled pilot in optimal conditions | Built low-fidelity prototype focusing on core functionality,Discovered that the real problem was different from the stated problem,"open source communities, platform ecosystems, evolutionary adaptation",Reduced waste by 76% while improving quality,7,Market Researcher,2022,beginner,case_study
CPS-00424,biomimicry,integration,Developing adhesive materials without chemicals,Cannot use proprietary technology/approach; Must work with existing minimal infrastructure,Refined solution to work within all constraints | Mapped all stakeholder needs and pain points | Tested assumption riskiest first,Saw that solutions from 2 different domains could be integrated,"lotus leaves, Namib desert beetle, gecko feet",Generated 3x ROI within first year of implementation,10,Biologist,2011,advanced,experimental
CPS-00425,arts_creativity,resilience,Collaborating across different artistic mediums,Cannot use proprietary technology/approach; Must comply with strict regulations; Must be implemented within 12 months,Created feedback loops for continuous input | Measured both quantitative metrics and qualitative feedback | Built contingency plans for common failure modes | Mapped all stakeholder needs and pain points,Recognized that a limitation could become a feature if viewed differently,"narrative structures, improvisational jazz",Generated 7x ROI within first year of implementation,7,Visual Artist,2015,beginner,case_study
CPS-00426,healthcare,efficiency,Bridging healthcare access gaps in rural areas,Cannot use established technology/approach; Must work with existing legacy infrastructure,Addressed concerns through transparent communication | Refined solution to work within all constraints | Maintained quality while increasing volume | Established continuous feedback mechanisms,Found that combining two unrelated approaches created synergistic effects,"educational scaffolding, preventive maintenance, logistics optimization",Became industry standard practice within 6 years,7,Medical Doctor,2023,intermediate,industry_validated
CPS-00427,business_innovation,sustainability,Pivoting business models during market disruption,Must achieve 50% improvement over current state; Must work with existing legacy infrastructure,Measured both quantitative metrics and qualitative feedback | Developed phased rollout strategy | Captured and shared learnings across teams | Identified key patterns from platform ecosystems in nature/other fields | Documented transferable principles for future use,Discovered that the real problem was different from the stated problem,"evolutionary adaptation, tournament structures, platform ecosystems",Generated 2x ROI within first year of implementation,6,Innovation Consultant,2014,intermediate,case_study
CPS-00428,education,adaptation,Engaging students with diverse learning styles,Must work with existing legacy infrastructure; Budget limited to 70% of typical solutions,Refined solution to work within all constraints | Built coalition of early adopters and champions | Conducted comparative analysis of 7 similar cases | Incorporated constraints as design features rather than limitations,Saw that solutions from 2 different domains could be integrated,"exploration expeditions, sports coaching",Solution adopted by 40 organizations across 9 countries,6,Curriculum Designer,2015,beginner,experimental
CPS-00429,education,system_design,Assessing critical thinking skills objectively,Budget limited to 70% of typical solutions; Must work with existing limited infrastructure; Limited to 2 team members,Built contingency plans for common failure modes | Documented transferable principles for future use | Quantified baseline metrics for success measurement,Discovered that the real problem was different from the stated problem,game design,Solution adopted by 20 organizations across 8 countries,8,Technology Integration Specialist,2019,beginner,case_study
CPS-00430,sustainability,sustainability,Measuring true environmental costs of products,Must comply with strict regulations; Budget limited to 50% of typical solutions; Must achieve 30% improvement over current state; Cannot use proprietary technology/approach,Quantified baseline metrics for success measurement | Regularly reviewed performance against metrics | Refined solution to work within all constraints | Built coalition of early adopters and champions | Incorporated constraints as design features rather than limitations,Recognized that a limitation could become a feature if viewed differently,cradle-to-cradle design,Generated 9x ROI within first year of implementation,5,Environmental Scientist,2023,intermediate,industry_validated
CPS-00431,education,system_design,Assessing critical thinking skills objectively,Cannot use conventional technology/approach; Limited to 2 team members; Cannot use proprietary technology/approach,Facilitated co-design workshops with end users | Built contingency plans for common failure modes | Built low-fidelity prototype focusing on user experience,"Learned that user behavior, not technology, was the key bottleneck","studio critiques, exploration expeditions, game design",Solution adopted by 35 organizations across 8 countries,7,Educational Psychologist,2023,advanced,industry_validated
CPS-00432,urban_planning,optimization,Managing waste in high-density populations,Must be implemented within 3 months; Must be implemented within 9 months,"Built contingency plans for common failure modes | Quantified baseline metrics for success measurement | Facilitated co-design workshops with end users | Pivoted approach based on evidence, not assumptions | Tested assumption riskiest first",Understood that timing and sequence mattered more than individual components,layered networks,Achieved 38% improvement in primary metric while reducing costs by 41%,8,Community Planner,2021,intermediate,experimental
CPS-00433,software_architecture,integration,Maintaining legacy systems while innovating,Requires approval from 4 stakeholder groups; Limited to 4 team members,Mapped all stakeholder needs and pain points | Developed phased rollout strategy | Created feedback loops for continuous input | Adapted solution to changing conditions,Realized that city infrastructure solved a similar problem by reframing the constraint,biological immune systems,Reduced errors by 69% while improving satisfaction,5,Security Specialist,2010,beginner,case_study
CPS-00434,urban_planning,resource_constraint,Improving public transportation adoption,Budget limited to 50% of typical solutions; Must be implemented within 12 months; Cannot use expensive technology/approach,"Captured and shared learnings across teams | Pivoted approach based on evidence, not assumptions | Created feedback loops for continuous input",Discovered that the real problem was different from the stated problem,circulatory systems,Achieved 35% improvement in primary metric while reducing costs by 48%,10,Urban Designer,2017,beginner,case_study
CPS-00435,urban_planning,resource_constraint,Improving public transportation adoption,Must comply with evolving regulations; Must comply with multiple regulations; Requires approval from 3 stakeholder groups; Budget limited to 60% of typical solutions,Documented learnings and iteration rationale | Captured and shared learnings across teams | Mapped all stakeholder needs and pain points | Built contingency plans for common failure modes | Built coalition of early adopters and champions,"Learned that user behavior, not technology, was the key bottleneck","circulatory systems, forest ecosystems, layered networks",Achieved 197% improvement in primary metric while reducing costs by 24%,9,Traffic Engineer,2018,beginner,experimental
CPS-00436,education,system_design,Integrating technology meaningfully in classrooms,Must work with existing aging infrastructure; Must work with existing minimal infrastructure; Requires approval from 3 stakeholder groups,"Built low-fidelity prototype focusing on core functionality | Pivoted approach based on evidence, not assumptions | Quantified baseline metrics for success measurement",Found that combining two unrelated approaches created synergistic effects,"exploration expeditions, game design",Became industry standard practice within 2 years,8,Educational Psychologist,2010,beginner,case_study
CPS-00437,software_architecture,behavior_change,Reducing technical debt while delivering features,Cannot use established technology/approach; Must be implemented within 3 months; Must be implemented within 6 months; Must work with existing limited infrastructure,"Maintained quality while increasing volume | Documented transferable principles for future use | Pivoted approach based on evidence, not assumptions | Mapped all stakeholder needs and pain points | Created feedback loops for continuous input",Saw that solutions from 2 different domains could be integrated,biological immune systems,Became industry standard practice within 2 years,8,System Architect,2014,intermediate,industry_validated
CPS-00438,arts_creativity,sustainability,Overcoming creative blocks systematically,Cannot use expensive technology/approach; Must comply with strict regulations; Cannot use established technology/approach,Addressed concerns through transparent communication | Ran 5 rapid test cycles with real users | Captured and shared learnings across teams | Quantified baseline metrics for success measurement | Built low-fidelity prototype focusing on technical feasibility,Realized that collage techniques solved a similar problem by using emergent properties,architectural constraints,Became industry standard practice within 9 years,7,Visual Artist,2014,beginner,industry_validated
CPS-00439,arts_creativity,efficiency,Preserving cultural heritage while innovating,Must be implemented within 6 months; Must be implemented within 9 months,Ran 4 rapid test cycles with real users | Built low-fidelity prototype focusing on user experience | Built contingency plans for common failure modes | Gradually expanded to more challenging contexts | Quantified baseline metrics for success measurement,Found that combining two unrelated approaches created synergistic effects,"scientific experimentation, narrative structures, architectural constraints",Generated 6x ROI within first year of implementation,8,Music Composer,2023,beginner,industry_validated
CPS-00440,urban_planning,optimization,Reducing traffic congestion without expanding roads,Must be implemented within 6 months; Must comply with evolving regulations,Started with controlled pilot in optimal conditions | Documented transferable principles for future use | Built low-fidelity prototype focusing on user experience,Realized that layered networks solved a similar problem by using emergent properties,forest ecosystems,Became industry standard practice within 3 years,5,Urban Designer,2013,advanced,experimental
CPS-00441,urban_planning,resource_constraint,Creating green spaces in dense urban areas,Must achieve 20% improvement over current state; Must achieve 100% improvement over current state; Budget limited to 50% of typical solutions; Limited to 3 team members,Maintained quality while increasing volume | Adapted solution to changing conditions | Built contingency plans for common failure modes | Identified key patterns from forest ecosystems in nature/other fields,Recognized that a limitation could become a feature if viewed differently,layered networks,Reduced time by 89% while improving innovation,5,Community Planner,2013,expert,case_study
CPS-00442,arts_creativity,accessibility,Overcoming creative blocks systematically,Must be implemented within 18 months; Must achieve 30% improvement over current state,Created feedback loops for continuous input | Maintained quality while increasing volume | Developed phased rollout strategy,Understood that timing and sequence mattered more than individual components,scientific experimentation,Became industry standard practice within 10 years,6,Visual Artist,2013,expert,peer_reviewed
CPS-00443,software_architecture,accessibility,Scaling systems under unpredictable load,Budget limited to 80% of typical solutions; Limited to 6 team members; Must comply with international regulations; Requires approval from 5 stakeholder groups,Ran 6 rapid test cycles with real users | Identified key patterns from neural networks in nature/other fields | Established continuous feedback mechanisms | Developed phased rollout strategy | Tested assumption riskiest first,Understood that timing and sequence mattered more than individual components,"city infrastructure, library organization",Reduced costs by 74% while improving efficiency,5,System Architect,2010,beginner,industry_validated
CPS-00444,urban_planning,resilience,Managing waste in high-density populations,Budget limited to 70% of typical solutions; Must work with existing legacy infrastructure,Quantified baseline metrics for success measurement | Tested assumption riskiest first | Adapted solution to changing conditions,Realized that circulatory systems solved a similar problem by reframing the constraint,"circulatory systems, layered networks",Generated 9x ROI within first year of implementation,6,Community Planner,2015,advanced,case_study
CPS-00445,software_architecture,resource_constraint,Reducing technical debt while delivering features,Must achieve 50% improvement over current state; Must be implemented within 6 months; Must work with existing aging infrastructure,Ran 8 rapid test cycles with real users | Created training and support materials | Mapped all stakeholder needs and pain points | Documented learnings and iteration rationale | Facilitated co-design workshops with end users,Recognized that a limitation could become a feature if viewed differently,biological immune systems,Generated 6x ROI within first year of implementation,10,Security Specialist,2010,intermediate,case_study
CPS-00446,business_innovation,scalability,Fostering innovation in risk-averse organizations,Budget limited to 60% of typical solutions; Must achieve 50% improvement over current state,Documented transferable principles for future use | Incorporated constraints as design features rather than limitations | Built contingency plans for common failure modes,Understood that timing and sequence mattered more than individual components,"platform ecosystems, evolutionary adaptation, ecosystem niches",Solution adopted by 21 organizations across 4 countries,8,Product Manager,2023,intermediate,industry_validated
CPS-00447,healthcare,accessibility,Bridging healthcare access gaps in rural areas,Limited to 7 team members; Cannot use proprietary technology/approach; Cannot use expensive technology/approach,Ran 8 rapid test cycles with real users | Gradually expanded to more challenging contexts | Established success metrics and monitoring plan | Established continuous feedback mechanisms | Documented learnings and iteration rationale,"Learned that user behavior, not technology, was the key bottleneck",logistics optimization,Generated 7x ROI within first year of implementation,8,Medical Doctor,2021,expert,experimental
CPS-00448,business_innovation,integration,Fostering innovation in risk-averse organizations,Cannot use established technology/approach; Must be implemented within 18 months; Budget limited to 60% of typical solutions,Tested assumption riskiest first | Built coalition of early adopters and champions | Started with controlled pilot in optimal conditions | Refined solution to work within all constraints | Conducted comparative analysis of 11 similar cases,Saw that solutions from 3 different domains could be integrated,"ecosystem niches, platform ecosystems",Solution adopted by 22 organizations across 15 countries,5,Innovation Consultant,2019,beginner,peer_reviewed
CPS-00449,software_architecture,optimization,Maintaining legacy systems while innovating,Limited to 6 team members; Budget limited to 50% of typical solutions,Facilitated co-design workshops with end users | Gradually expanded to more challenging contexts | Ran 6 rapid test cycles with real users | Tested assumption riskiest first,Saw that solutions from 2 different domains could be integrated,"city infrastructure, library organization",Generated 9x ROI within first year of implementation,8,System Architect,2024,beginner,peer_reviewed
CPS-00450,biomimicry,integration,Optimizing structural strength with minimal material,Budget limited to 60% of typical solutions; Must comply with evolving regulations; Must be implemented within 18 months,Captured and shared learnings across teams | Developed phased rollout strategy | Facilitated co-design workshops with end users,Realized that Namib desert beetle solved a similar problem by using emergent properties,honeycomb structures,Became industry standard practice within 7 years,6,Ecological Engineer,2017,advanced,industry_validated
CPS-00451,biomimicry,collaboration,Optimizing structural strength with minimal material,Limited to 4 team members; Budget limited to 80% of typical solutions,Ran 8 rapid test cycles with real users | Tested assumption riskiest first | Regularly reviewed performance against metrics | Conducted comparative analysis of 14 similar cases | Established success metrics and monitoring plan,Discovered that the real problem was different from the stated problem,termite mounds,Achieved 92% improvement in primary metric while reducing costs by 32%,9,Ecological Engineer,2013,advanced,industry_validated
CPS-00452,sustainability,behavior_change,Reducing plastic waste in supply chains,Requires approval from 3 stakeholder groups; Must work with existing limited infrastructure; Must work with existing limited infrastructure,Established continuous feedback mechanisms | Built coalition of early adopters and champions | Ran 5 rapid test cycles with real users | Maintained quality while increasing volume,Saw that solutions from 4 different domains could be integrated,"cradle-to-cradle design, nutrient cycles, natural ecosystems",Became industry standard practice within 8 years,9,Circular Economy Designer,2014,intermediate,case_study
CPS-00453,biomimicry,system_design,Optimizing structural strength with minimal material,Requires approval from 2 stakeholder groups; Must work with existing minimal infrastructure; Must comply with strict regulations; Cannot use expensive technology/approach,Refined solution to work within all constraints | Mapped all stakeholder needs and pain points | Addressed concerns through transparent communication | Started with controlled pilot in optimal conditions,Recognized that a limitation could become a feature if viewed differently,lotus leaves,Achieved 31% improvement in primary metric while reducing costs by 46%,6,Biologist,2021,beginner,case_study
CPS-00454,sustainability,integration,Converting waste streams into valuable resources,Budget limited to 70% of typical solutions; Must be implemented within 9 months; Must work with existing limited infrastructure,Built contingency plans for common failure modes | Gradually expanded to more challenging contexts | Mapped all stakeholder needs and pain points,Discovered that the real problem was different from the stated problem,cradle-to-cradle design,Achieved 169% improvement in primary metric while reducing costs by 25%,7,Policy Analyst,2017,expert,case_study
CPS-00455,arts_creativity,adaptation,Preserving cultural heritage while innovating,Must work with existing limited infrastructure; Must work with existing limited infrastructure; Limited to 4 team members,Incorporated constraints as design features rather than limitations | Established success metrics and monitoring plan | Identified key patterns from scientific experimentation in nature/other fields,Saw that solutions from 4 different domains could be integrated,"architectural constraints, scientific experimentation",Reduced errors by 70% while improving satisfaction,6,Music Composer,2014,intermediate,industry_validated
CPS-00456,sustainability,resilience,Reducing plastic waste in supply chains,Cannot use expensive technology/approach; Cannot use expensive technology/approach; Must comply with strict regulations,Built contingency plans for common failure modes | Addressed concerns through transparent communication | Tested assumption riskiest first,Found that combining two unrelated approaches created synergistic effects,"cradle-to-cradle design, nutrient cycles, repair cultures",Achieved 32% improvement in primary metric while reducing costs by 10%,6,Circular Economy Designer,2016,beginner,industry_validated
CPS-00457,sustainability,resilience,Reducing plastic waste in supply chains,Limited to 3 team members; Cannot use conventional technology/approach; Must achieve 50% improvement over current state,Mapped all stakeholder needs and pain points | Regularly reviewed performance against metrics | Facilitated co-design workshops with end users | Started with controlled pilot in optimal conditions | Refined solution to work within all constraints,Recognized that a limitation could become a feature if viewed differently,"sharing economies, natural ecosystems",Achieved 137% improvement in primary metric while reducing costs by 13%,5,Policy Analyst,2015,intermediate,experimental
CPS-00458,software_architecture,scalability,Maintaining legacy systems while innovating,Must be implemented within 12 months; Limited to 7 team members; Cannot use expensive technology/approach,Conducted comparative analysis of 5 similar cases | Facilitated co-design workshops with end users | Started with controlled pilot in optimal conditions | Refined solution to work within all constraints | Documented transferable principles for future use,Saw that solutions from 3 different domains could be integrated,"city infrastructure, library organization, assembly lines",Became industry standard practice within 6 years,5,Security Specialist,2018,expert,case_study
CPS-00459,urban_planning,resilience,Managing waste in high-density populations,Must work with existing limited infrastructure; Requires approval from 3 stakeholder groups; Budget limited to 60% of typical solutions; Requires approval from 3 stakeholder groups,Incorporated constraints as design features rather than limitations | Documented transferable principles for future use | Started with controlled pilot in optimal conditions | Mapped all stakeholder needs and pain points,Saw that solutions from 4 different domains could be integrated,modular design,Became industry standard practice within 9 years,5,Community Planner,2010,beginner,industry_validated
CPS-00460,healthcare,integration,Bridging healthcare access gaps in rural areas,Must comply with international regulations; Requires approval from 3 stakeholder groups; Must be implemented within 12 months; Requires approval from 3 stakeholder groups,Established continuous feedback mechanisms | Built contingency plans for common failure modes | Maintained quality while increasing volume | Mapped all stakeholder needs and pain points,Realized that quality control systems solved a similar problem by using emergent properties,"community networks, preventive maintenance",Solution adopted by 46 organizations across 15 countries,10,Public Health Specialist,2022,intermediate,experimental
CPS-00461,urban_planning,adaptation,Improving public transportation adoption,Must be implemented within 18 months; Must comply with strict regulations; Budget limited to 60% of typical solutions,Ran 5 rapid test cycles with real users | Maintained quality while increasing volume | Facilitated co-design workshops with end users | Identified key patterns from circulatory systems in nature/other fields,Understood that timing and sequence mattered more than individual components,"forest ecosystems, layered networks, circulatory systems",Reduced errors by 70% while improving quality,6,Urban Designer,2021,intermediate,experimental
CPS-00462,arts_creativity,resilience,Preserving cultural heritage while innovating,Requires approval from 2 stakeholder groups; Budget limited to 80% of typical solutions; Limited to 4 team members; Must work with existing aging infrastructure,Created training and support materials | Quantified baseline metrics for success measurement | Ran 5 rapid test cycles with real users | Regularly reviewed performance against metrics | Captured and shared learnings across teams,Saw that solutions from 4 different domains could be integrated,"architectural constraints, improvisational jazz",Reduced errors by 88% while improving satisfaction,10,Visual Artist,2017,intermediate,peer_reviewed
CPS-00463,urban_planning,efficiency,Balancing development with historical preservation,Must achieve 20% improvement over current state; Cannot use established technology/approach,Incorporated constraints as design features rather than limitations | Addressed concerns through transparent communication | Gradually expanded to more challenging contexts | Ran 5 rapid test cycles with real users | Quantified baseline metrics for success measurement,Understood that timing and sequence mattered more than individual components,circulatory systems,Became industry standard practice within 5 years,6,Community Planner,2024,advanced,peer_reviewed
CPS-00464,biomimicry,collaboration,Creating energy-efficient cooling systems,Must be implemented within 12 months; Must be implemented within 12 months; Must achieve 20% improvement over current state; Limited to 7 team members,Started with controlled pilot in optimal conditions | Tested assumption riskiest first | Facilitated co-design workshops with end users | Quantified baseline metrics for success measurement,Recognized that a limitation could become a feature if viewed differently,"gecko feet, lotus leaves, termite mounds",Generated 2x ROI within first year of implementation,6,Ecological Engineer,2012,expert,peer_reviewed
CPS-00465,education,efficiency,Integrating technology meaningfully in classrooms,Budget limited to 50% of typical solutions; Must achieve 30% improvement over current state; Must comply with multiple regulations,Started with controlled pilot in optimal conditions | Refined solution to work within all constraints | Built low-fidelity prototype focusing on core functionality | Conducted comparative analysis of 13 similar cases | Documented transferable principles for future use,Found that combining two unrelated approaches created synergistic effects,studio critiques,Achieved 182% improvement in primary metric while reducing costs by 34%,5,Curriculum Designer,2010,advanced,peer_reviewed
CPS-00466,education,adaptation,Assessing critical thinking skills objectively,Must work with existing minimal infrastructure; Budget limited to 50% of typical solutions; Cannot use expensive technology/approach,Documented learnings and iteration rationale | Created feedback loops for continuous input | Quantified baseline metrics for success measurement | Started with controlled pilot in optimal conditions,"Learned that user behavior, not technology, was the key bottleneck","studio critiques, game design",Reduced time by 65% while improving efficiency,9,Curriculum Designer,2011,advanced,experimental
CPS-00467,business_innovation,efficiency,Pivoting business models during market disruption,Requires approval from 5 stakeholder groups; Limited to 3 team members; Must work with existing limited infrastructure,Refined solution to work within all constraints | Mapped all stakeholder needs and pain points | Regularly reviewed performance against metrics,Discovered that the real problem was different from the stated problem,"tournament structures, open source communities, evolutionary adaptation",Achieved 72% improvement in primary metric while reducing costs by 36%,8,Market Researcher,2019,expert,peer_reviewed
CPS-00468,healthcare,accessibility,Optimizing emergency room wait times,Cannot use expensive technology/approach; Must work with existing aging infrastructure; Must achieve 100% improvement over current state; Must achieve 100% improvement over current state,Established success metrics and monitoring plan | Addressed concerns through transparent communication | Tested assumption riskiest first | Ran 4 rapid test cycles with real users,Realized that quality control systems solved a similar problem by using emergent properties,preventive maintenance,Became industry standard practice within 9 years,10,Healthcare Administrator,2020,intermediate,case_study
CPS-00469,education,resource_constraint,Preparing students for jobs that don't exist yet,Requires approval from 2 stakeholder groups; Budget limited to 60% of typical solutions,Established continuous feedback mechanisms | Established success metrics and monitoring plan | Measured both quantitative metrics and qualitative feedback | Tested assumption riskiest first | Mapped all stakeholder needs and pain points,Recognized that a limitation could become a feature if viewed differently,"sports coaching, game design",Generated 4x ROI within first year of implementation,9,Curriculum Designer,2024,beginner,case_study
CPS-00470,business_innovation,behavior_change,Fostering innovation in risk-averse organizations,Budget limited to 80% of typical solutions; Limited to 5 team members; Must be implemented within 18 months; Limited to 6 team members,"Pivoted approach based on evidence, not assumptions | Facilitated co-design workshops with end users | Incorporated constraints as design features rather than limitations | Quantified baseline metrics for success measurement","Learned that user behavior, not technology, was the key bottleneck",evolutionary adaptation,Became industry standard practice within 8 years,9,Market Researcher,2023,beginner,peer_reviewed
CPS-00471,business_innovation,behavior_change,Pivoting business models during market disruption,Budget limited to 60% of typical solutions; Requires approval from 3 stakeholder groups; Requires approval from 4 stakeholder groups,"Documented transferable principles for future use | Pivoted approach based on evidence, not assumptions | Documented learnings and iteration rationale | Quantified baseline metrics for success measurement",Understood that timing and sequence mattered more than individual components,"evolutionary adaptation, open source communities",Solution adopted by 39 organizations across 11 countries,7,Product Manager,2019,beginner,industry_validated
CPS-00472,biomimicry,integration,Developing adhesive materials without chemicals,Must be implemented within 3 months; Must comply with international regulations; Requires approval from 4 stakeholder groups; Limited to 7 team members,Facilitated co-design workshops with end users | Developed phased rollout strategy | Mapped all stakeholder needs and pain points | Measured both quantitative metrics and qualitative feedback,Realized that lotus leaves solved a similar problem by leveraging distributed intelligence,"termite mounds, honeycomb structures, Namib desert beetle",Achieved 71% improvement in primary metric while reducing costs by 12%,10,Materials Scientist,2018,beginner,peer_reviewed
CPS-00473,arts_creativity,system_design,Balancing artistic vision with commercial viability,Must comply with strict regulations; Limited to 4 team members; Limited to 7 team members; Must work with existing limited infrastructure,Addressed concerns through transparent communication | Built low-fidelity prototype focusing on technical feasibility | Refined solution to work within all constraints | Established continuous feedback mechanisms | Mapped all stakeholder needs and pain points,Discovered that the real problem was different from the stated problem,"collage techniques, architectural constraints, scientific experimentation",Became industry standard practice within 6 years,6,Music Composer,2013,intermediate,case_study
CPS-00474,urban_planning,adaptation,Balancing development with historical preservation,Budget limited to 70% of typical solutions; Must achieve 30% improvement over current state; Cannot use conventional technology/approach,Addressed concerns through transparent communication | Developed phased rollout strategy | Ran 4 rapid test cycles with real users | Conducted comparative analysis of 12 similar cases,"Learned that user behavior, not technology, was the key bottleneck",layered networks,Solution adopted by 36 organizations across 14 countries,7,Community Planner,2022,expert,case_study
CPS-00475,sustainability,optimization,Converting waste streams into valuable resources,Limited to 2 team members; Requires approval from 2 stakeholder groups,Documented learnings and iteration rationale | Measured both quantitative metrics and qualitative feedback | Built contingency plans for common failure modes,Discovered that the real problem was different from the stated problem,"cradle-to-cradle design, natural ecosystems, repair cultures",Reduced waste by 40% while improving satisfaction,5,Policy Analyst,2011,intermediate,case_study
CPS-00476,healthcare,system_design,Improving patient compliance with treatment plans,Cannot use conventional technology/approach; Requires approval from 4 stakeholder groups; Cannot use expensive technology/approach,Regularly reviewed performance against metrics | Documented learnings and iteration rationale | Built contingency plans for common failure modes | Measured both quantitative metrics and qualitative feedback,"Learned that user behavior, not technology, was the key bottleneck","educational scaffolding, logistics optimization, community networks",Reduced waste by 80% while improving quality,9,Public Health Specialist,2015,advanced,peer_reviewed
CPS-00477,education,integration,Integrating technology meaningfully in classrooms,Limited to 3 team members; Cannot use proprietary technology/approach; Cannot use conventional technology/approach,Built contingency plans for common failure modes | Refined solution to work within all constraints | Quantified baseline metrics for success measurement | Built low-fidelity prototype focusing on user experience,Saw that solutions from 2 different domains could be integrated,studio critiques,Solution adopted by 6 organizations across 3 countries,10,Technology Integration Specialist,2020,beginner,experimental
CPS-00478,business_innovation,integration,Identifying unmet customer needs,Budget limited to 70% of typical solutions; Must achieve 20% improvement over current state; Must comply with multiple regulations,Incorporated constraints as design features rather than limitations | Documented transferable principles for future use | Mapped all stakeholder needs and pain points,Realized that open source communities solved a similar problem by leveraging distributed intelligence,"open source communities, evolutionary adaptation",Generated 8x ROI within first year of implementation,9,Product Manager,2016,advanced,experimental
CPS-00479,urban_planning,behavior_change,Balancing development with historical preservation,Must comply with international regulations; Requires approval from 5 stakeholder groups,Built contingency plans for common failure modes | Identified key patterns from circulatory systems in nature/other fields | Tested assumption riskiest first | Refined solution to work within all constraints,Saw that solutions from 2 different domains could be integrated,layered networks,Solution adopted by 48 organizations across 4 countries,9,Urban Designer,2015,intermediate,peer_reviewed
CPS-00480,arts_creativity,accessibility,Preserving cultural heritage while innovating,Cannot use proprietary technology/approach; Cannot use established technology/approach; Must achieve 30% improvement over current state; Cannot use expensive technology/approach,Developed phased rollout strategy | Tested assumption riskiest first | Addressed concerns through transparent communication | Conducted comparative analysis of 7 similar cases | Ran 4 rapid test cycles with real users,Saw that solutions from 4 different domains could be integrated,"improvisational jazz, narrative structures",Solution adopted by 13 organizations across 8 countries,9,Visual Artist,2011,beginner,case_study
CPS-00481,arts_creativity,behavior_change,Balancing artistic vision with commercial viability,Cannot use expensive technology/approach; Limited to 7 team members,"Established continuous feedback mechanisms | Created feedback loops for continuous input | Started with controlled pilot in optimal conditions | Pivoted approach based on evidence, not assumptions | Established success metrics and monitoring plan",Understood that timing and sequence mattered more than individual components,"narrative structures, collage techniques, scientific experimentation",Became industry standard practice within 9 years,5,Creative Director,2020,expert,experimental
CPS-00482,sustainability,system_design,Designing products for complete recyclability,Must achieve 100% improvement over current state; Cannot use proprietary technology/approach; Budget limited to 80% of typical solutions,Mapped all stakeholder needs and pain points | Established continuous feedback mechanisms | Addressed concerns through transparent communication,Understood that timing and sequence mattered more than individual components,natural ecosystems,Became industry standard practice within 9 years,9,Policy Analyst,2018,expert,case_study
CPS-00483,sustainability,optimization,Encouraging sustainable consumer behavior,Must work with existing limited infrastructure; Limited to 8 team members; Limited to 4 team members,Built coalition of early adopters and champions | Established continuous feedback mechanisms | Maintained quality while increasing volume,Found that combining two unrelated approaches created synergistic effects,natural ecosystems,Generated 4x ROI within first year of implementation,7,Environmental Scientist,2023,intermediate,industry_validated
CPS-00484,arts_creativity,collaboration,Preserving cultural heritage while innovating,Must achieve 20% improvement over current state; Cannot use expensive technology/approach; Must work with existing minimal infrastructure; Must achieve 20% improvement over current state,Started with controlled pilot in optimal conditions | Established success metrics and monitoring plan | Incorporated constraints as design features rather than limitations | Quantified baseline metrics for success measurement,Found that combining two unrelated approaches created synergistic effects,"architectural constraints, collage techniques, narrative structures",Achieved 168% improvement in primary metric while reducing costs by 25%,9,Visual Artist,2019,intermediate,experimental
CPS-00485,urban_planning,accessibility,Managing waste in high-density populations,Budget limited to 50% of typical solutions; Limited to 4 team members,Documented learnings and iteration rationale | Maintained quality while increasing volume | Refined solution to work within all constraints | Built contingency plans for common failure modes,Understood that timing and sequence mattered more than individual components,"layered networks, forest ecosystems",Achieved 104% improvement in primary metric while reducing costs by 13%,6,Urban Designer,2024,advanced,industry_validated
CPS-00486,education,efficiency,Engaging students with diverse learning styles,Must achieve 50% improvement over current state; Budget limited to 60% of typical solutions; Must work with existing limited infrastructure; Limited to 6 team members,Quantified baseline metrics for success measurement | Developed phased rollout strategy | Built coalition of early adopters and champions | Built low-fidelity prototype focusing on core functionality,Realized that studio critiques solved a similar problem by leveraging distributed intelligence,"exploration expeditions, apprenticeship models, game design",Reduced errors by 80% while improving quality,8,Technology Integration Specialist,2017,expert,peer_reviewed
CPS-00487,education,system_design,Integrating technology meaningfully in classrooms,Requires approval from 2 stakeholder groups; Must work with existing aging infrastructure; Limited to 6 team members; Requires approval from 2 stakeholder groups,Incorporated constraints as design features rather than limitations | Quantified baseline metrics for success measurement | Ran 5 rapid test cycles with real users | Facilitated co-design workshops with end users,Discovered that the real problem was different from the stated problem,"exploration expeditions, studio critiques, apprenticeship models",Reduced time by 61% while improving efficiency,5,Educational Psychologist,2013,advanced,peer_reviewed
CPS-00488,biomimicry,resource_constraint,Creating energy-efficient cooling systems,Must achieve 100% improvement over current state; Must achieve 50% improvement over current state; Limited to 5 team members; Must comply with evolving regulations,Gradually expanded to more challenging contexts | Tested assumption riskiest first | Quantified baseline metrics for success measurement,Realized that Namib desert beetle solved a similar problem by using emergent properties,"honeycomb structures, termite mounds, lotus leaves",Solution adopted by 15 organizations across 8 countries,8,Materials Scientist,2023,expert,industry_validated
CPS-00489,healthcare,sustainability,Improving patient compliance with treatment plans,Budget limited to 80% of typical solutions; Limited to 3 team members,Built coalition of early adopters and champions | Maintained quality while increasing volume | Conducted comparative analysis of 14 similar cases | Documented learnings and iteration rationale | Developed phased rollout strategy,Understood that timing and sequence mattered more than individual components,quality control systems,Reduced errors by 60% while improving efficiency,10,Healthcare Administrator,2017,beginner,industry_validated
CPS-00490,business_innovation,resilience,Building platforms that create network effects,Requires approval from 2 stakeholder groups; Must achieve 100% improvement over current state; Must achieve 50% improvement over current state,Facilitated co-design workshops with end users | Developed phased rollout strategy | Captured and shared learnings across teams | Mapped all stakeholder needs and pain points,Saw that solutions from 3 different domains could be integrated,"open source communities, ecosystem niches, tournament structures",Reduced errors by 66% while improving satisfaction,5,Product Manager,2010,expert,experimental
CPS-00491,urban_planning,behavior_change,Creating green spaces in dense urban areas,Limited to 7 team members; Must be implemented within 6 months; Must be implemented within 18 months; Budget limited to 70% of typical solutions,Quantified baseline metrics for success measurement | Developed phased rollout strategy | Captured and shared learnings across teams | Documented transferable principles for future use | Measured both quantitative metrics and qualitative feedback,Recognized that a limitation could become a feature if viewed differently,"layered networks, forest ecosystems, circulatory systems",Became industry standard practice within 8 years,5,Traffic Engineer,2017,advanced,experimental
CPS-00492,arts_creativity,collaboration,Making art accessible to diverse audiences,Must work with existing aging infrastructure; Must comply with international regulations,Regularly reviewed performance against metrics | Ran 5 rapid test cycles with real users | Started with controlled pilot in optimal conditions,Realized that collage techniques solved a similar problem by leveraging distributed intelligence,"architectural constraints, collage techniques, narrative structures",Became industry standard practice within 6 years,5,Music Composer,2024,expert,case_study
CPS-00493,urban_planning,behavior_change,Creating green spaces in dense urban areas,Must comply with strict regulations; Must work with existing minimal infrastructure; Must achieve 20% improvement over current state; Must comply with international regulations,Created training and support materials | Mapped all stakeholder needs and pain points | Captured and shared learnings across teams | Measured both quantitative metrics and qualitative feedback | Facilitated co-design workshops with end users,Understood that timing and sequence mattered more than individual components,"modular design, forest ecosystems",Solution adopted by 47 organizations across 5 countries,9,Community Planner,2020,intermediate,experimental
CPS-00494,healthcare,efficiency,Improving patient compliance with treatment plans,Must work with existing legacy infrastructure; Cannot use conventional technology/approach; Must comply with evolving regulations,Maintained quality while increasing volume | Incorporated constraints as design features rather than limitations | Created feedback loops for continuous input | Established success metrics and monitoring plan | Quantified baseline metrics for success measurement,"Learned that user behavior, not technology, was the key bottleneck","educational scaffolding, logistics optimization, community networks",Achieved 102% improvement in primary metric while reducing costs by 15%,7,Medical Doctor,2012,intermediate,case_study
CPS-00495,urban_planning,resilience,Managing waste in high-density populations,Must be implemented within 9 months; Must be implemented within 6 months; Requires approval from 4 stakeholder groups; Must achieve 100% improvement over current state,Conducted comparative analysis of 8 similar cases | Captured and shared learnings across teams | Created training and support materials | Documented learnings and iteration rationale | Refined solution to work within all constraints,Realized that modular design solved a similar problem by using emergent properties,"modular design, layered networks, forest ecosystems",Achieved 141% improvement in primary metric while reducing costs by 14%,6,Urban Designer,2012,intermediate,industry_validated
CPS-00496,biomimicry,behavior_change,Designing self-cleaning surfaces,Must achieve 100% improvement over current state; Must work with existing minimal infrastructure; Must achieve 50% improvement over current state; Budget limited to 50% of typical solutions,Adapted solution to changing conditions | Ran 5 rapid test cycles with real users | Established success metrics and monitoring plan | Mapped all stakeholder needs and pain points,Saw that solutions from 3 different domains could be integrated,"lotus leaves, Namib desert beetle",Generated 8x ROI within first year of implementation,9,Ecological Engineer,2015,advanced,peer_reviewed
CPS-00497,software_architecture,adaptation,Managing distributed team collaboration,Limited to 8 team members; Requires approval from 2 stakeholder groups; Requires approval from 2 stakeholder groups,Addressed concerns through transparent communication | Established success metrics and monitoring plan | Tested assumption riskiest first,Understood that timing and sequence mattered more than individual components,library organization,Became industry standard practice within 6 years,10,DevOps Engineer,2014,intermediate,peer_reviewed
CPS-00498,sustainability,resource_constraint,Reducing plastic waste in supply chains,Must achieve 100% improvement over current state; Must comply with multiple regulations; Must be implemented within 6 months,Quantified baseline metrics for success measurement | Built low-fidelity prototype focusing on technical feasibility | Established continuous feedback mechanisms | Started with controlled pilot in optimal conditions | Addressed concerns through transparent communication,Discovered that the real problem was different from the stated problem,"sharing economies, cradle-to-cradle design",Achieved 73% improvement in primary metric while reducing costs by 50%,5,Policy Analyst,2020,expert,industry_validated
CPS-00499,arts_creativity,system_design,Balancing artistic vision with commercial viability,Must achieve 20% improvement over current state; Limited to 7 team members; Budget limited to 60% of typical solutions,Regularly reviewed performance against metrics | Created training and support materials | Created feedback loops for continuous input | Maintained quality while increasing volume,"Learned that user behavior, not technology, was the key bottleneck",improvisational jazz,Achieved 104% improvement in primary metric while reducing costs by 19%,7,Music Composer,2021,intermediate,case_study
CPS-00500,urban_planning,accessibility,Managing waste in high-density populations,Must work with existing limited infrastructure; Cannot use expensive technology/approach,Tested assumption riskiest first | Quantified baseline metrics for success measurement | Started with controlled pilot in optimal conditions,Found that combining two unrelated approaches created synergistic effects,"swarm behavior, forest ecosystems, circulatory systems",Achieved 177% improvement in primary metric while reducing costs by 16%,6,Urban Designer,2013,advanced,industry_validated
CPS-00501,arts_creativity,integration,Balancing artistic vision with commercial viability,Must work with existing aging infrastructure; Cannot use established technology/approach,"Documented transferable principles for future use | Built low-fidelity prototype focusing on user experience | Built contingency plans for common failure modes | Pivoted approach based on evidence, not assumptions","Learned that user behavior, not technology, was the key bottleneck","narrative structures, collage techniques, scientific experimentation",Became industry standard practice within 3 years,7,Creative Director,2023,beginner,industry_validated
CPS-00502,business_innovation,system_design,Building platforms that create network effects,Must work with existing legacy infrastructure; Limited to 5 team members; Requires approval from 2 stakeholder groups,Measured both quantitative metrics and qualitative feedback | Documented learnings and iteration rationale | Created feedback loops for continuous input | Created training and support materials,"Learned that user behavior, not technology, was the key bottleneck","open source communities, ecosystem niches",Solution adopted by 26 organizations across 9 countries,10,Market Researcher,2018,intermediate,industry_validated
CPS-00503,education,adaptation,Assessing critical thinking skills objectively,Limited to 6 team members; Must comply with international regulations; Must work with existing legacy infrastructure,Regularly reviewed performance against metrics | Conducted comparative analysis of 14 similar cases | Ran 4 rapid test cycles with real users | Built coalition of early adopters and champions,Realized that sports coaching solved a similar problem by reframing the constraint,game design,Achieved 157% improvement in primary metric while reducing costs by 23%,5,Educational Psychologist,2018,expert,experimental
CPS-00504,biomimicry,system_design,Water collection in arid environments,Requires approval from 3 stakeholder groups; Must be implemented within 6 months; Must be implemented within 9 months,Adapted solution to changing conditions | Created feedback loops for continuous input | Created training and support materials | Incorporated constraints as design features rather than limitations,Saw that solutions from 2 different domains could be integrated,"gecko feet, lotus leaves, Namib desert beetle",Generated 6x ROI within first year of implementation,10,Biologist,2016,intermediate,peer_reviewed
CPS-00505,sustainability,resilience,Converting waste streams into valuable resources,Budget limited to 50% of typical solutions; Limited to 2 team members,Incorporated constraints as design features rather than limitations | Created training and support materials | Quantified baseline metrics for success measurement,"Learned that user behavior, not technology, was the key bottleneck",repair cultures,Achieved 166% improvement in primary metric while reducing costs by 16%,8,Circular Economy Designer,2019,intermediate,case_study
CPS-00506,urban_planning,efficiency,Improving public transportation adoption,Must be implemented within 12 months; Budget limited to 70% of typical solutions,"Started with controlled pilot in optimal conditions | Documented transferable principles for future use | Developed phased rollout strategy | Mapped all stakeholder needs and pain points | Pivoted approach based on evidence, not assumptions",Discovered that the real problem was different from the stated problem,forest ecosystems,Solution adopted by 9 organizations across 8 countries,9,Traffic Engineer,2010,beginner,industry_validated
CPS-00507,business_innovation,collaboration,Identifying unmet customer needs,Must achieve 20% improvement over current state; Must work with existing limited infrastructure,Identified key patterns from open source communities in nature/other fields | Established success metrics and monitoring plan | Documented learnings and iteration rationale | Documented transferable principles for future use | Refined solution to work within all constraints,Recognized that a limitation could become a feature if viewed differently,"open source communities, ecosystem niches",Generated 2x ROI within first year of implementation,5,Market Researcher,2014,intermediate,peer_reviewed
CPS-00508,software_architecture,integration,Scaling systems under unpredictable load,Budget limited to 50% of typical solutions; Must work with existing legacy infrastructure; Must comply with multiple regulations,Quantified baseline metrics for success measurement | Measured both quantitative metrics and qualitative feedback | Established success metrics and monitoring plan | Maintained quality while increasing volume,Saw that solutions from 3 different domains could be integrated,assembly lines,Reduced costs by 67% while improving innovation,7,Security Specialist,2019,intermediate,case_study
CPS-00509,biomimicry,resource_constraint,Developing adhesive materials without chemicals,Must comply with international regulations; Must achieve 50% improvement over current state; Limited to 3 team members; Must comply with evolving regulations,"Documented learnings and iteration rationale | Facilitated co-design workshops with end users | Started with controlled pilot in optimal conditions | Pivoted approach based on evidence, not assumptions | Documented transferable principles for future use",Saw that solutions from 2 different domains could be integrated,"Namib desert beetle, honeycomb structures, lotus leaves",Achieved 31% improvement in primary metric while reducing costs by 10%,8,Biologist,2018,intermediate,case_study
CPS-00510,business_innovation,system_design,Building platforms that create network effects,Must be implemented within 3 months; Must comply with multiple regulations,Built coalition of early adopters and champions | Documented transferable principles for future use | Established success metrics and monitoring plan,Found that combining two unrelated approaches created synergistic effects,evolutionary adaptation,Solution adopted by 7 organizations across 13 countries,7,Product Manager,2021,beginner,peer_reviewed
CPS-00511,sustainability,integration,Reducing plastic waste in supply chains,Must comply with international regulations; Cannot use expensive technology/approach,Established success metrics and monitoring plan | Documented transferable principles for future use | Facilitated co-design workshops with end users | Mapped all stakeholder needs and pain points | Maintained quality while increasing volume,"Learned that user behavior, not technology, was the key bottleneck","repair cultures, sharing economies",Reduced waste by 51% while improving quality,10,Policy Analyst,2024,intermediate,case_study
CPS-00512,arts_creativity,integration,Collaborating across different artistic mediums,Budget limited to 60% of typical solutions; Must achieve 20% improvement over current state; Cannot use conventional technology/approach,Documented transferable principles for future use | Maintained quality while increasing volume | Established success metrics and monitoring plan,"Learned that user behavior, not technology, was the key bottleneck",scientific experimentation,Became industry standard practice within 2 years,7,Visual Artist,2018,expert,case_study
CPS-00513,arts_creativity,collaboration,Overcoming creative blocks systematically,Limited to 4 team members; Limited to 5 team members,Created feedback loops for continuous input | Ran 6 rapid test cycles with real users | Built low-fidelity prototype focusing on technical feasibility,Realized that scientific experimentation solved a similar problem by leveraging distributed intelligence,narrative structures,Reduced errors by 86% while improving innovation,9,Visual Artist,2020,expert,industry_validated
CPS-00514,education,sustainability,Integrating technology meaningfully in classrooms,Cannot use proprietary technology/approach; Budget limited to 70% of typical solutions; Cannot use expensive technology/approach,Facilitated co-design workshops with end users | Incorporated constraints as design features rather than limitations | Established continuous feedback mechanisms | Built contingency plans for common failure modes | Measured both quantitative metrics and qualitative feedback,Realized that exploration expeditions solved a similar problem by using emergent properties,studio critiques,Reduced time by 82% while improving satisfaction,7,Technology Integration Specialist,2019,advanced,industry_validated
CPS-00515,software_architecture,resource_constraint,Maintaining legacy systems while innovating,Cannot use established technology/approach; Must work with existing legacy infrastructure; Requires approval from 2 stakeholder groups,Built contingency plans for common failure modes | Measured both quantitative metrics and qualitative feedback | Maintained quality while increasing volume,Understood that timing and sequence mattered more than individual components,biological immune systems,Generated 8x ROI within first year of implementation,6,System Architect,2023,advanced,case_study
CPS-00516,healthcare,behavior_change,Improving patient compliance with treatment plans,Cannot use conventional technology/approach; Requires approval from 4 stakeholder groups; Budget limited to 60% of typical solutions; Cannot use conventional technology/approach,Identified key patterns from educational scaffolding in nature/other fields | Captured and shared learnings across teams | Developed phased rollout strategy | Regularly reviewed performance against metrics,Found that combining two unrelated approaches created synergistic effects,"preventive maintenance, community networks",Became industry standard practice within 6 years,9,Public Health Specialist,2010,expert,peer_reviewed
CPS-00517,healthcare,scalability,Improving patient compliance with treatment plans,Must work with existing limited infrastructure; Must work with existing legacy infrastructure; Limited to 7 team members,"Pivoted approach based on evidence, not assumptions | Established continuous feedback mechanisms | Developed phased rollout strategy | Quantified baseline metrics for success measurement | Built coalition of early adopters and champions",Saw that solutions from 4 different domains could be integrated,"preventive maintenance, quality control systems",Generated 7x ROI within first year of implementation,10,Medical Doctor,2022,beginner,peer_reviewed
CPS-00518,software_architecture,resource_constraint,Maintaining legacy systems while innovating,Must be implemented within 12 months; Must achieve 100% improvement over current state; Budget limited to 80% of typical solutions; Must achieve 100% improvement over current state,Built low-fidelity prototype focusing on technical feasibility | Facilitated co-design workshops with end users | Maintained quality while increasing volume,Recognized that a limitation could become a feature if viewed differently,assembly lines,Achieved 51% improvement in primary metric while reducing costs by 15%,10,System Architect,2017,advanced,peer_reviewed
CPS-00519,software_architecture,collaboration,Maintaining legacy systems while innovating,Must be implemented within 6 months; Cannot use proprietary technology/approach; Limited to 4 team members; Limited to 5 team members,Created feedback loops for continuous input | Adapted solution to changing conditions | Ran 3 rapid test cycles with real users | Documented learnings and iteration rationale | Quantified baseline metrics for success measurement,Recognized that a limitation could become a feature if viewed differently,library organization,Generated 7x ROI within first year of implementation,7,Security Specialist,2016,advanced,experimental
CPS-00520,business_innovation,scalability,Building platforms that create network effects,Must achieve 50% improvement over current state; Limited to 3 team members; Cannot use proprietary technology/approach; Requires approval from 4 stakeholder groups,Quantified baseline metrics for success measurement | Incorporated constraints as design features rather than limitations | Measured both quantitative metrics and qualitative feedback,Saw that solutions from 4 different domains could be integrated,open source communities,Reduced waste by 79% while improving innovation,6,Innovation Consultant,2020,advanced,peer_reviewed
CPS-00521,urban_planning,resilience,Creating green spaces in dense urban areas,Requires approval from 5 stakeholder groups; Must comply with strict regulations,Facilitated co-design workshops with end users | Documented transferable principles for future use | Incorporated constraints as design features rather than limitations,Realized that circulatory systems solved a similar problem by using emergent properties,forest ecosystems,Solution adopted by 38 organizations across 4 countries,6,Traffic Engineer,2020,intermediate,case_study
CPS-00522,education,resource_constraint,Integrating technology meaningfully in classrooms,Limited to 5 team members; Limited to 8 team members; Must achieve 20% improvement over current state; Limited to 3 team members,Gradually expanded to more challenging contexts | Addressed concerns through transparent communication | Adapted solution to changing conditions | Refined solution to work within all constraints,Realized that exploration expeditions solved a similar problem by using emergent properties,"apprenticeship models, sports coaching, exploration expeditions",Reduced costs by 80% while improving efficiency,7,Educational Psychologist,2024,intermediate,case_study
CPS-00523,sustainability,scalability,Measuring true environmental costs of products,Budget limited to 50% of typical solutions; Must work with existing limited infrastructure; Requires approval from 4 stakeholder groups; Must be implemented within 18 months,Documented learnings and iteration rationale | Conducted comparative analysis of 6 similar cases | Started with controlled pilot in optimal conditions,Realized that repair cultures solved a similar problem by leveraging distributed intelligence,repair cultures,Achieved 45% improvement in primary metric while reducing costs by 27%,10,Environmental Scientist,2023,advanced,peer_reviewed
CPS-00524,urban_planning,efficiency,Improving public transportation adoption,Must work with existing minimal infrastructure; Requires approval from 5 stakeholder groups; Must comply with evolving regulations; Budget limited to 60% of typical solutions,Built contingency plans for common failure modes | Captured and shared learnings across teams | Conducted comparative analysis of 13 similar cases,Realized that modular design solved a similar problem by leveraging distributed intelligence,"layered networks, forest ecosystems",Achieved 153% improvement in primary metric while reducing costs by 16%,5,Community Planner,2019,expert,experimental
CPS-00525,business_innovation,resilience,Fostering innovation in risk-averse organizations,Must work with existing limited infrastructure; Cannot use established technology/approach; Must be implemented within 12 months; Budget limited to 70% of typical solutions,Built low-fidelity prototype focusing on user experience | Built contingency plans for common failure modes | Addressed concerns through transparent communication,"Learned that user behavior, not technology, was the key bottleneck","tournament structures, ecosystem niches, open source communities",Became industry standard practice within 4 years,9,Product Manager,2011,advanced,industry_validated
CPS-00526,arts_creativity,efficiency,Preserving cultural heritage while innovating,Must work with existing legacy infrastructure; Must work with existing legacy infrastructure; Cannot use proprietary technology/approach,"Built coalition of early adopters and champions | Pivoted approach based on evidence, not assumptions | Adapted solution to changing conditions",Discovered that the real problem was different from the stated problem,scientific experimentation,Solution adopted by 5 organizations across 10 countries,9,Creative Director,2023,intermediate,experimental
CPS-00527,business_innovation,sustainability,Building platforms that create network effects,Must be implemented within 3 months; Requires approval from 3 stakeholder groups; Must comply with multiple regulations; Must achieve 100% improvement over current state,Conducted comparative analysis of 5 similar cases | Created training and support materials | Documented transferable principles for future use,"Learned that user behavior, not technology, was the key bottleneck","open source communities, tournament structures, ecosystem niches",Reduced waste by 64% while improving efficiency,8,Innovation Consultant,2022,expert,experimental
CPS-00528,business_innovation,scalability,Building platforms that create network effects,Limited to 6 team members; Must work with existing limited infrastructure,Adapted solution to changing conditions | Incorporated constraints as design features rather than limitations | Identified key patterns from open source communities in nature/other fields | Established success metrics and monitoring plan,Realized that tournament structures solved a similar problem by leveraging distributed intelligence,"evolutionary adaptation, platform ecosystems",Reduced waste by 61% while improving innovation,5,Product Manager,2024,advanced,case_study
CPS-00529,urban_planning,resource_constraint,Reducing traffic congestion without expanding roads,Cannot use established technology/approach; Budget limited to 50% of typical solutions; Budget limited to 60% of typical solutions,Documented learnings and iteration rationale | Established success metrics and monitoring plan | Maintained quality while increasing volume | Facilitated co-design workshops with end users,Recognized that a limitation could become a feature if viewed differently,"circulatory systems, swarm behavior, forest ecosystems",Solution adopted by 31 organizations across 12 countries,5,Traffic Engineer,2021,intermediate,experimental
CPS-00530,arts_creativity,system_design,Balancing artistic vision with commercial viability,Cannot use proprietary technology/approach; Limited to 6 team members; Must comply with evolving regulations; Cannot use established technology/approach,Created feedback loops for continuous input | Documented learnings and iteration rationale | Conducted comparative analysis of 5 similar cases | Created training and support materials | Measured both quantitative metrics and qualitative feedback,"Learned that user behavior, not technology, was the key bottleneck","collage techniques, scientific experimentation, architectural constraints",Achieved 137% improvement in primary metric while reducing costs by 23%,9,Visual Artist,2018,intermediate,case_study
CPS-00531,business_innovation,resource_constraint,Competing with free alternatives,Budget limited to 70% of typical solutions; Budget limited to 60% of typical solutions; Must work with existing aging infrastructure; Requires approval from 2 stakeholder groups,Created training and support materials | Established continuous feedback mechanisms | Facilitated co-design workshops with end users | Quantified baseline metrics for success measurement,Saw that solutions from 4 different domains could be integrated,"platform ecosystems, open source communities, tournament structures",Became industry standard practice within 7 years,10,Market Researcher,2013,intermediate,case_study
CPS-00532,arts_creativity,behavior_change,Preserving cultural heritage while innovating,Must achieve 50% improvement over current state; Cannot use conventional technology/approach; Must be implemented within 9 months; Cannot use established technology/approach,Created feedback loops for continuous input | Refined solution to work within all constraints | Gradually expanded to more challenging contexts | Incorporated constraints as design features rather than limitations | Built contingency plans for common failure modes,Recognized that a limitation could become a feature if viewed differently,scientific experimentation,Generated 9x ROI within first year of implementation,10,Music Composer,2011,expert,industry_validated
CPS-00533,software_architecture,efficiency,Maintaining legacy systems while innovating,Budget limited to 80% of typical solutions; Requires approval from 3 stakeholder groups; Must comply with strict regulations; Cannot use proprietary technology/approach,Built contingency plans for common failure modes | Measured both quantitative metrics and qualitative feedback | Started with controlled pilot in optimal conditions | Adapted solution to changing conditions,Saw that solutions from 2 different domains could be integrated,"library organization, assembly lines",Achieved 171% improvement in primary metric while reducing costs by 47%,9,Security Specialist,2017,beginner,case_study
CPS-00534,education,accessibility,Preparing students for jobs that don't exist yet,Budget limited to 70% of typical solutions; Budget limited to 50% of typical solutions,Built contingency plans for common failure modes | Built coalition of early adopters and champions | Tested assumption riskiest first | Regularly reviewed performance against metrics | Refined solution to work within all constraints,Found that combining two unrelated approaches created synergistic effects,exploration expeditions,Solution adopted by 47 organizations across 12 countries,8,Technology Integration Specialist,2013,beginner,case_study
CPS-00535,arts_creativity,optimization,Collaborating across different artistic mediums,Must achieve 30% improvement over current state; Budget limited to 60% of typical solutions,Documented transferable principles for future use | Addressed concerns through transparent communication | Ran 8 rapid test cycles with real users | Established success metrics and monitoring plan,Realized that architectural constraints solved a similar problem by using emergent properties,"architectural constraints, scientific experimentation, improvisational jazz",Became industry standard practice within 5 years,8,Creative Director,2016,expert,industry_validated
CPS-00536,healthcare,efficiency,Optimizing emergency room wait times,Requires approval from 3 stakeholder groups; Must comply with international regulations,Built coalition of early adopters and champions | Refined solution to work within all constraints | Maintained quality while increasing volume | Regularly reviewed performance against metrics | Built contingency plans for common failure modes,Realized that logistics optimization solved a similar problem by leveraging distributed intelligence,"preventive maintenance, logistics optimization",Solution adopted by 28 organizations across 13 countries,10,Medical Doctor,2010,expert,peer_reviewed
CPS-00537,education,resilience,Assessing critical thinking skills objectively,Budget limited to 80% of typical solutions; Must achieve 30% improvement over current state,Ran 8 rapid test cycles with real users | Created feedback loops for continuous input | Developed phased rollout strategy | Built low-fidelity prototype focusing on technical feasibility | Gradually expanded to more challenging contexts,Discovered that the real problem was different from the stated problem,"apprenticeship models, game design",Solution adopted by 43 organizations across 6 countries,5,Technology Integration Specialist,2021,beginner,case_study
CPS-00538,software_architecture,adaptation,Maintaining legacy systems while innovating,Budget limited to 70% of typical solutions; Cannot use established technology/approach; Must comply with multiple regulations,"Adapted solution to changing conditions | Documented learnings and iteration rationale | Addressed concerns through transparent communication | Pivoted approach based on evidence, not assumptions",Saw that solutions from 4 different domains could be integrated,"biological immune systems, city infrastructure, assembly lines",Generated 7x ROI within first year of implementation,10,System Architect,2024,expert,peer_reviewed
CPS-00539,business_innovation,efficiency,Pivoting business models during market disruption,Limited to 5 team members; Must work with existing limited infrastructure,Documented learnings and iteration rationale | Measured both quantitative metrics and qualitative feedback | Conducted comparative analysis of 11 similar cases | Facilitated co-design workshops with end users,Recognized that a limitation could become a feature if viewed differently,"ecosystem niches, evolutionary adaptation, platform ecosystems",Achieved 140% improvement in primary metric while reducing costs by 25%,7,Innovation Consultant,2010,advanced,peer_reviewed
CPS-00540,software_architecture,sustainability,Managing distributed team collaboration,Must be implemented within 6 months; Must work with existing aging infrastructure,Adapted solution to changing conditions | Developed phased rollout strategy | Captured and shared learnings across teams,Saw that solutions from 3 different domains could be integrated,"city infrastructure, neural networks, library organization",Generated 9x ROI within first year of implementation,8,DevOps Engineer,2012,beginner,case_study
CPS-00541,sustainability,resilience,Encouraging sustainable consumer behavior,Requires approval from 4 stakeholder groups; Must work with existing legacy infrastructure,Established continuous feedback mechanisms | Captured and shared learnings across teams | Facilitated co-design workshops with end users | Built low-fidelity prototype focusing on user experience | Quantified baseline metrics for success measurement,Discovered that the real problem was different from the stated problem,cradle-to-cradle design,Solution adopted by 14 organizations across 12 countries,5,Policy Analyst,2018,intermediate,experimental
CPS-00542,urban_planning,sustainability,Improving public transportation adoption,Must achieve 100% improvement over current state; Must achieve 20% improvement over current state,Documented learnings and iteration rationale | Facilitated co-design workshops with end users | Established success metrics and monitoring plan,Saw that solutions from 3 different domains could be integrated,circulatory systems,Became industry standard practice within 10 years,5,Urban Designer,2019,advanced,experimental
CPS-00543,business_innovation,optimization,Building platforms that create network effects,Budget limited to 70% of typical solutions; Budget limited to 60% of typical solutions,Measured both quantitative metrics and qualitative feedback | Started with controlled pilot in optimal conditions | Regularly reviewed performance against metrics | Incorporated constraints as design features rather than limitations,Found that combining two unrelated approaches created synergistic effects,"evolutionary adaptation, tournament structures",Became industry standard practice within 2 years,6,Product Manager,2010,intermediate,case_study
CPS-00544,arts_creativity,resource_constraint,Making art accessible to diverse audiences,Limited to 3 team members; Limited to 8 team members; Budget limited to 60% of typical solutions; Must be implemented within 12 months,Maintained quality while increasing volume | Measured both quantitative metrics and qualitative feedback | Created training and support materials,"Learned that user behavior, not technology, was the key bottleneck",improvisational jazz,Achieved 151% improvement in primary metric while reducing costs by 10%,10,Creative Director,2018,advanced,case_study
CPS-00545,software_architecture,sustainability,Maintaining legacy systems while innovating,Must comply with strict regulations; Must be implemented within 18 months,Built contingency plans for common failure modes | Incorporated constraints as design features rather than limitations | Captured and shared learnings across teams,Discovered that the real problem was different from the stated problem,"assembly lines, biological immune systems",Generated 8x ROI within first year of implementation,5,System Architect,2021,expert,experimental
CPS-00546,business_innovation,behavior_change,Competing with free alternatives,Must comply with evolving regulations; Must achieve 30% improvement over current state,Identified key patterns from evolutionary adaptation in nature/other fields | Facilitated co-design workshops with end users | Created training and support materials | Measured both quantitative metrics and qualitative feedback,Realized that platform ecosystems solved a similar problem by leveraging distributed intelligence,open source communities,Reduced costs by 51% while improving efficiency,6,Product Manager,2019,expert,experimental
CPS-00547,healthcare,scalability,Managing chronic diseases with limited resources,Budget limited to 70% of typical solutions; Limited to 4 team members; Limited to 6 team members,Measured both quantitative metrics and qualitative feedback | Created training and support materials | Captured and shared learnings across teams | Regularly reviewed performance against metrics | Identified key patterns from educational scaffolding in nature/other fields,Found that combining two unrelated approaches created synergistic effects,"quality control systems, logistics optimization, preventive maintenance",Solution adopted by 8 organizations across 8 countries,6,Healthcare Administrator,2012,advanced,experimental
CPS-00548,urban_planning,behavior_change,Balancing development with historical preservation,Must be implemented within 18 months; Must be implemented within 12 months,Established success metrics and monitoring plan | Refined solution to work within all constraints | Identified key patterns from layered networks in nature/other fields | Started with controlled pilot in optimal conditions | Created feedback loops for continuous input,Realized that layered networks solved a similar problem by leveraging distributed intelligence,"layered networks, circulatory systems, modular design",Solution adopted by 36 organizations across 5 countries,5,Urban Designer,2019,expert,industry_validated
CPS-00549,sustainability,system_design,Measuring true environmental costs of products,Limited to 2 team members; Limited to 6 team members; Requires approval from 5 stakeholder groups; Must work with existing minimal infrastructure,Built contingency plans for common failure modes | Conducted comparative analysis of 13 similar cases | Captured and shared learnings across teams | Built coalition of early adopters and champions | Tested assumption riskiest first,Realized that natural ecosystems solved a similar problem by reframing the constraint,"cradle-to-cradle design, repair cultures",Solution adopted by 7 organizations across 14 countries,9,Circular Economy Designer,2021,advanced,industry_validated
CPS-00550,sustainability,behavior_change,Designing products for complete recyclability,Limited to 8 team members; Must work with existing legacy infrastructure; Cannot use established technology/approach,Captured and shared learnings across teams | Built coalition of early adopters and champions | Established success metrics and monitoring plan | Regularly reviewed performance against metrics,Saw that solutions from 4 different domains could be integrated,natural ecosystems,Reduced costs by 46% while improving satisfaction,7,Circular Economy Designer,2013,beginner,industry_validated
CPS-00551,arts_creativity,optimization,Collaborating across different artistic mediums,Must work with existing legacy infrastructure; Must achieve 100% improvement over current state; Must comply with strict regulations; Limited to 7 team members,Tested assumption riskiest first | Regularly reviewed performance against metrics | Developed phased rollout strategy | Refined solution to work within all constraints | Quantified baseline metrics for success measurement,Recognized that a limitation could become a feature if viewed differently,"collage techniques, narrative structures, improvisational jazz",Achieved 76% improvement in primary metric while reducing costs by 29%,8,Creative Director,2024,intermediate,peer_reviewed
CPS-00552,healthcare,integration,Managing chronic diseases with limited resources,Budget limited to 50% of typical solutions; Must be implemented within 9 months; Requires approval from 4 stakeholder groups,Incorporated constraints as design features rather than limitations | Established success metrics and monitoring plan | Established continuous feedback mechanisms,"Learned that user behavior, not technology, was the key bottleneck",logistics optimization,Solution adopted by 5 organizations across 11 countries,9,Healthcare Administrator,2019,beginner,peer_reviewed
CPS-00553,business_innovation,integration,Identifying unmet customer needs,Cannot use proprietary technology/approach; Must comply with strict regulations; Budget limited to 60% of typical solutions,Adapted solution to changing conditions | Identified key patterns from platform ecosystems in nature/other fields | Captured and shared learnings across teams | Built contingency plans for common failure modes,Understood that timing and sequence mattered more than individual components,"ecosystem niches, tournament structures",Reduced waste by 80% while improving satisfaction,10,Product Manager,2023,intermediate,industry_validated
CPS-00554,software_architecture,adaptation,Ensuring security without compromising usability,Cannot use proprietary technology/approach; Budget limited to 80% of typical solutions; Limited to 7 team members; Cannot use expensive technology/approach,Measured both quantitative metrics and qualitative feedback | Addressed concerns through transparent communication | Maintained quality while increasing volume | Incorporated constraints as design features rather than limitations,"Learned that user behavior, not technology, was the key bottleneck","city infrastructure, assembly lines, library organization",Achieved 64% improvement in primary metric while reducing costs by 45%,9,DevOps Engineer,2012,advanced,industry_validated
CPS-00555,business_innovation,behavior_change,Identifying unmet customer needs,Limited to 8 team members; Limited to 4 team members; Must comply with multiple regulations; Must comply with strict regulations,Measured both quantitative metrics and qualitative feedback | Incorporated constraints as design features rather than limitations | Quantified baseline metrics for success measurement | Captured and shared learnings across teams,Recognized that a limitation could become a feature if viewed differently,"open source communities, platform ecosystems",Achieved 146% improvement in primary metric while reducing costs by 11%,7,Market Researcher,2017,beginner,case_study
CPS-00556,biomimicry,efficiency,Creating energy-efficient cooling systems,Must achieve 20% improvement over current state; Must comply with international regulations; Must achieve 50% improvement over current state,Refined solution to work within all constraints | Maintained quality while increasing volume | Tested assumption riskiest first | Mapped all stakeholder needs and pain points,Understood that timing and sequence mattered more than individual components,"lotus leaves, gecko feet",Became industry standard practice within 8 years,5,Biologist,2023,advanced,peer_reviewed
CPS-00557,arts_creativity,sustainability,Overcoming creative blocks systematically,Cannot use proprietary technology/approach; Must achieve 20% improvement over current state; Requires approval from 2 stakeholder groups; Cannot use proprietary technology/approach,Documented transferable principles for future use | Started with controlled pilot in optimal conditions | Addressed concerns through transparent communication,Recognized that a limitation could become a feature if viewed differently,"improvisational jazz, architectural constraints, scientific experimentation",Solution adopted by 27 organizations across 5 countries,8,Creative Director,2019,expert,industry_validated
CPS-00558,urban_planning,adaptation,Balancing development with historical preservation,Budget limited to 70% of typical solutions; Must comply with multiple regulations,Refined solution to work within all constraints | Documented transferable principles for future use | Incorporated constraints as design features rather than limitations | Captured and shared learnings across teams | Facilitated co-design workshops with end users,Discovered that the real problem was different from the stated problem,"modular design, layered networks",Became industry standard practice within 2 years,7,Traffic Engineer,2017,expert,experimental
CPS-00559,software_architecture,system_design,Managing distributed team collaboration,Must work with existing minimal infrastructure; Must achieve 50% improvement over current state; Budget limited to 80% of typical solutions,"Incorporated constraints as design features rather than limitations | Pivoted approach based on evidence, not assumptions | Adapted solution to changing conditions | Built contingency plans for common failure modes",Found that combining two unrelated approaches created synergistic effects,library organization,Became industry standard practice within 9 years,6,DevOps Engineer,2011,beginner,industry_validated
CPS-00560,business_innovation,adaptation,Pivoting business models during market disruption,Budget limited to 50% of typical solutions; Budget limited to 50% of typical solutions,Regularly reviewed performance against metrics | Incorporated constraints as design features rather than limitations | Quantified baseline metrics for success measurement | Measured both quantitative metrics and qualitative feedback | Facilitated co-design workshops with end users,Found that combining two unrelated approaches created synergistic effects,"evolutionary adaptation, tournament structures",Reduced errors by 44% while improving quality,10,Market Researcher,2018,expert,industry_validated
CPS-00561,urban_planning,efficiency,Reducing traffic congestion without expanding roads,Must comply with multiple regulations; Must achieve 50% improvement over current state,Refined solution to work within all constraints | Mapped all stakeholder needs and pain points | Documented learnings and iteration rationale | Developed phased rollout strategy,Discovered that the real problem was different from the stated problem,"modular design, swarm behavior",Solution adopted by 28 organizations across 2 countries,10,Urban Designer,2010,intermediate,peer_reviewed
CPS-00562,business_innovation,scalability,Building platforms that create network effects,Must comply with evolving regulations; Must achieve 30% improvement over current state,Created training and support materials | Ran 6 rapid test cycles with real users | Built coalition of early adopters and champions | Adapted solution to changing conditions | Mapped all stakeholder needs and pain points,Saw that solutions from 3 different domains could be integrated,evolutionary adaptation,Solution adopted by 43 organizations across 6 countries,9,Innovation Consultant,2020,intermediate,industry_validated
CPS-00563,urban_planning,collaboration,Balancing development with historical preservation,Limited to 5 team members; Requires approval from 5 stakeholder groups; Must achieve 50% improvement over current state; Must be implemented within 6 months,Addressed concerns through transparent communication | Documented learnings and iteration rationale | Identified key patterns from layered networks in nature/other fields,Found that combining two unrelated approaches created synergistic effects,"forest ecosystems, circulatory systems, layered networks",Solution adopted by 25 organizations across 7 countries,9,Traffic Engineer,2015,advanced,case_study
CPS-00564,arts_creativity,integration,Preserving cultural heritage while innovating,Cannot use expensive technology/approach; Must work with existing legacy infrastructure; Must work with existing aging infrastructure; Must be implemented within 18 months,Adapted solution to changing conditions | Identified key patterns from scientific experimentation in nature/other fields | Captured and shared learnings across teams | Facilitated co-design workshops with end users | Tested assumption riskiest first,Realized that collage techniques solved a similar problem by using emergent properties,narrative structures,Achieved 132% improvement in primary metric while reducing costs by 15%,5,Music Composer,2013,beginner,peer_reviewed
CPS-00565,biomimicry,scalability,Developing adhesive materials without chemicals,Must achieve 100% improvement over current state; Must be implemented within 3 months,Established success metrics and monitoring plan | Captured and shared learnings across teams | Ran 5 rapid test cycles with real users,Understood that timing and sequence mattered more than individual components,termite mounds,Achieved 134% improvement in primary metric while reducing costs by 49%,9,Ecological Engineer,2022,beginner,case_study
CPS-00566,arts_creativity,collaboration,Overcoming creative blocks systematically,Limited to 7 team members; Limited to 7 team members; Must be implemented within 3 months; Budget limited to 60% of typical solutions,Captured and shared learnings across teams | Built low-fidelity prototype focusing on core functionality | Created feedback loops for continuous input,Understood that timing and sequence mattered more than individual components,"collage techniques, improvisational jazz",Reduced waste by 40% while improving efficiency,6,Visual Artist,2020,advanced,experimental
CPS-00567,software_architecture,efficiency,Maintaining legacy systems while innovating,Must achieve 20% improvement over current state; Must work with existing limited infrastructure; Cannot use conventional technology/approach; Budget limited to 80% of typical solutions,Built contingency plans for common failure modes | Built low-fidelity prototype focusing on technical feasibility | Established continuous feedback mechanisms | Measured both quantitative metrics and qualitative feedback,Realized that neural networks solved a similar problem by using emergent properties,"biological immune systems, library organization",Became industry standard practice within 4 years,8,DevOps Engineer,2017,expert,industry_validated
CPS-00568,biomimicry,optimization,Water collection in arid environments,Must be implemented within 18 months; Must comply with international regulations; Limited to 7 team members,Built coalition of early adopters and champions | Quantified baseline metrics for success measurement | Gradually expanded to more challenging contexts | Ran 8 rapid test cycles with real users,Saw that solutions from 3 different domains could be integrated,"lotus leaves, Namib desert beetle, honeycomb structures",Achieved 79% improvement in primary metric while reducing costs by 45%,9,Ecological Engineer,2010,intermediate,case_study
CPS-00569,healthcare,resource_constraint,Optimizing emergency room wait times,Requires approval from 4 stakeholder groups; Must work with existing limited infrastructure; Requires approval from 4 stakeholder groups; Must be implemented within 18 months,Documented transferable principles for future use | Mapped all stakeholder needs and pain points | Built low-fidelity prototype focusing on user experience | Measured both quantitative metrics and qualitative feedback | Established success metrics and monitoring plan,Saw that solutions from 4 different domains could be integrated,"educational scaffolding, community networks, quality control systems",Reduced time by 50% while improving satisfaction,5,Medical Doctor,2018,intermediate,peer_reviewed
CPS-00570,healthcare,behavior_change,Optimizing emergency room wait times,Limited to 6 team members; Must comply with international regulations,Captured and shared learnings across teams | Documented learnings and iteration rationale | Refined solution to work within all constraints | Established success metrics and monitoring plan | Addressed concerns through transparent communication,"Learned that user behavior, not technology, was the key bottleneck",educational scaffolding,Became industry standard practice within 9 years,9,Public Health Specialist,2020,intermediate,experimental
CPS-00571,business_innovation,resource_constraint,Fostering innovation in risk-averse organizations,Must be implemented within 18 months; Must achieve 100% improvement over current state; Requires approval from 4 stakeholder groups; Must work with existing aging infrastructure,Refined solution to work within all constraints | Tested assumption riskiest first | Maintained quality while increasing volume | Quantified baseline metrics for success measurement | Addressed concerns through transparent communication,"Learned that user behavior, not technology, was the key bottleneck",ecosystem niches,Generated 10x ROI within first year of implementation,8,Innovation Consultant,2018,beginner,industry_validated
CPS-00572,arts_creativity,resource_constraint,Overcoming creative blocks systematically,Budget limited to 70% of typical solutions; Budget limited to 60% of typical solutions; Must work with existing aging infrastructure; Budget limited to 50% of typical solutions,Documented transferable principles for future use | Addressed concerns through transparent communication | Measured both quantitative metrics and qualitative feedback | Captured and shared learnings across teams,"Learned that user behavior, not technology, was the key bottleneck",architectural constraints,Achieved 64% improvement in primary metric while reducing costs by 13%,9,Creative Director,2012,advanced,experimental
CPS-00573,business_innovation,efficiency,Pivoting business models during market disruption,Budget limited to 60% of typical solutions; Must be implemented within 9 months; Must comply with multiple regulations,"Built coalition of early adopters and champions | Identified key patterns from ecosystem niches in nature/other fields | Pivoted approach based on evidence, not assumptions | Developed phased rollout strategy | Established continuous feedback mechanisms",Recognized that a limitation could become a feature if viewed differently,"platform ecosystems, tournament structures",Reduced waste by 90% while improving efficiency,6,Innovation Consultant,2013,beginner,experimental
CPS-00574,education,efficiency,Preparing students for jobs that don't exist yet,Must work with existing aging infrastructure; Must achieve 50% improvement over current state,Ran 6 rapid test cycles with real users | Adapted solution to changing conditions | Tested assumption riskiest first | Captured and shared learnings across teams,Saw that solutions from 2 different domains could be integrated,"apprenticeship models, exploration expeditions, studio critiques",Became industry standard practice within 2 years,5,Educational Psychologist,2013,advanced,experimental
CPS-00575,business_innovation,optimization,Identifying unmet customer needs,Budget limited to 50% of typical solutions; Must be implemented within 9 months; Requires approval from 5 stakeholder groups; Must achieve 30% improvement over current state,Built contingency plans for common failure modes | Documented learnings and iteration rationale | Facilitated co-design workshops with end users | Quantified baseline metrics for success measurement,Understood that timing and sequence mattered more than individual components,"platform ecosystems, open source communities",Became industry standard practice within 4 years,7,Market Researcher,2010,advanced,experimental
CPS-00576,education,integration,Supporting students with varying background knowledge,Must be implemented within 12 months; Limited to 2 team members; Cannot use proprietary technology/approach; Must be implemented within 6 months,Created feedback loops for continuous input | Documented transferable principles for future use | Captured and shared learnings across teams | Tested assumption riskiest first,Found that combining two unrelated approaches created synergistic effects,"studio critiques, exploration expeditions, game design",Achieved 162% improvement in primary metric while reducing costs by 23%,6,Technology Integration Specialist,2023,expert,case_study
CPS-00577,biomimicry,sustainability,Designing self-cleaning surfaces,Budget limited to 50% of typical solutions; Must be implemented within 12 months; Budget limited to 80% of typical solutions,Created training and support materials | Started with controlled pilot in optimal conditions | Incorporated constraints as design features rather than limitations | Quantified baseline metrics for success measurement,Discovered that the real problem was different from the stated problem,"termite mounds, honeycomb structures",Achieved 154% improvement in primary metric while reducing costs by 25%,8,Biologist,2012,intermediate,industry_validated
CPS-00578,urban_planning,behavior_change,Creating green spaces in dense urban areas,Must be implemented within 6 months; Budget limited to 50% of typical solutions; Requires approval from 3 stakeholder groups,"Created training and support materials | Pivoted approach based on evidence, not assumptions | Built low-fidelity prototype focusing on user experience",Realized that swarm behavior solved a similar problem by leveraging distributed intelligence,circulatory systems,Generated 7x ROI within first year of implementation,5,Community Planner,2012,advanced,peer_reviewed
CPS-00579,arts_creativity,collaboration,Collaborating across different artistic mediums,Requires approval from 2 stakeholder groups; Cannot use established technology/approach; Limited to 6 team members,Identified key patterns from collage techniques in nature/other fields | Facilitated co-design workshops with end users | Gradually expanded to more challenging contexts,Recognized that a limitation could become a feature if viewed differently,"architectural constraints, narrative structures",Became industry standard practice within 7 years,7,Visual Artist,2011,beginner,industry_validated
CPS-00580,urban_planning,accessibility,Creating green spaces in dense urban areas,Must work with existing legacy infrastructure; Must comply with multiple regulations; Budget limited to 60% of typical solutions,Documented transferable principles for future use | Maintained quality while increasing volume | Created training and support materials | Identified key patterns from circulatory systems in nature/other fields | Built low-fidelity prototype focusing on user experience,Recognized that a limitation could become a feature if viewed differently,layered networks,Became industry standard practice within 2 years,8,Traffic Engineer,2010,beginner,experimental
CPS-00581,business_innovation,resource_constraint,Building platforms that create network effects,Must work with existing minimal infrastructure; Limited to 3 team members; Must comply with strict regulations; Must achieve 100% improvement over current state,"Pivoted approach based on evidence, not assumptions | Started with controlled pilot in optimal conditions | Quantified baseline metrics for success measurement | Regularly reviewed performance against metrics | Built contingency plans for common failure modes",Recognized that a limitation could become a feature if viewed differently,"evolutionary adaptation, tournament structures",Reduced errors by 90% while improving efficiency,5,Market Researcher,2021,expert,case_study
CPS-00582,healthcare,system_design,Optimizing emergency room wait times,Must be implemented within 18 months; Must achieve 20% improvement over current state; Must be implemented within 18 months,Gradually expanded to more challenging contexts | Documented learnings and iteration rationale | Created training and support materials,"Learned that user behavior, not technology, was the key bottleneck","quality control systems, logistics optimization",Reduced errors by 76% while improving quality,10,Healthcare Administrator,2017,advanced,industry_validated
CPS-00583,biomimicry,resilience,Creating energy-efficient cooling systems,Must work with existing aging infrastructure; Must work with existing aging infrastructure,Gradually expanded to more challenging contexts | Established success metrics and monitoring plan | Mapped all stakeholder needs and pain points,"Learned that user behavior, not technology, was the key bottleneck",gecko feet,Became industry standard practice within 5 years,9,Ecological Engineer,2019,expert,case_study
CPS-00584,healthcare,resilience,Optimizing emergency room wait times,Must be implemented within 12 months; Must achieve 20% improvement over current state; Must achieve 20% improvement over current state,"Mapped all stakeholder needs and pain points | Documented learnings and iteration rationale | Pivoted approach based on evidence, not assumptions","Learned that user behavior, not technology, was the key bottleneck","educational scaffolding, logistics optimization, preventive maintenance",Generated 3x ROI within first year of implementation,8,Healthcare Administrator,2016,beginner,case_study
CPS-00585,arts_creativity,behavior_change,Balancing artistic vision with commercial viability,Must comply with international regulations; Must work with existing legacy infrastructure; Must achieve 30% improvement over current state,Created feedback loops for continuous input | Established continuous feedback mechanisms | Started with controlled pilot in optimal conditions,Saw that solutions from 4 different domains could be integrated,"collage techniques, improvisational jazz",Achieved 168% improvement in primary metric while reducing costs by 15%,8,Creative Director,2022,advanced,industry_validated
CPS-00586,business_innovation,resource_constraint,Building platforms that create network effects,Must be implemented within 3 months; Must achieve 100% improvement over current state,Documented learnings and iteration rationale | Measured both quantitative metrics and qualitative feedback | Regularly reviewed performance against metrics | Developed phased rollout strategy,Understood that timing and sequence mattered more than individual components,"platform ecosystems, open source communities, tournament structures",Achieved 119% improvement in primary metric while reducing costs by 36%,6,Market Researcher,2012,expert,experimental
CPS-00587,biomimicry,sustainability,Water collection in arid environments,Must achieve 100% improvement over current state; Must comply with international regulations; Budget limited to 60% of typical solutions,Built contingency plans for common failure modes | Measured both quantitative metrics and qualitative feedback | Created feedback loops for continuous input | Captured and shared learnings across teams | Identified key patterns from termite mounds in nature/other fields,Saw that solutions from 2 different domains could be integrated,lotus leaves,Generated 6x ROI within first year of implementation,10,Biologist,2023,expert,industry_validated
CPS-00588,healthcare,accessibility,Improving patient compliance with treatment plans,Must comply with multiple regulations; Must work with existing aging infrastructure; Must achieve 100% improvement over current state; Must comply with multiple regulations,Incorporated constraints as design features rather than limitations | Mapped all stakeholder needs and pain points | Facilitated co-design workshops with end users | Established continuous feedback mechanisms | Maintained quality while increasing volume,Found that combining two unrelated approaches created synergistic effects,community networks,Reduced errors by 75% while improving innovation,9,Healthcare Administrator,2017,expert,case_study
CPS-00589,software_architecture,behavior_change,Scaling systems under unpredictable load,Cannot use expensive technology/approach; Must be implemented within 6 months; Must be implemented within 12 months; Budget limited to 50% of typical solutions,"Gradually expanded to more challenging contexts | Documented learnings and iteration rationale | Developed phased rollout strategy | Pivoted approach based on evidence, not assumptions | Created feedback loops for continuous input",Found that combining two unrelated approaches created synergistic effects,"biological immune systems, assembly lines",Achieved 32% improvement in primary metric while reducing costs by 25%,7,System Architect,2021,beginner,peer_reviewed
CPS-00590,business_innovation,integration,Fostering innovation in risk-averse organizations,Must be implemented within 6 months; Budget limited to 60% of typical solutions; Cannot use conventional technology/approach; Must be implemented within 12 months,Tested assumption riskiest first | Documented transferable principles for future use | Started with controlled pilot in optimal conditions | Quantified baseline metrics for success measurement,Saw that solutions from 3 different domains could be integrated,ecosystem niches,Reduced time by 52% while improving quality,7,Market Researcher,2017,intermediate,peer_reviewed
CPS-00591,healthcare,efficiency,Managing chronic diseases with limited resources,Budget limited to 80% of typical solutions; Budget limited to 50% of typical solutions; Requires approval from 4 stakeholder groups; Must achieve 30% improvement over current state,Addressed concerns through transparent communication | Refined solution to work within all constraints | Started with controlled pilot in optimal conditions,Understood that timing and sequence mattered more than individual components,"quality control systems, preventive maintenance",Reduced waste by 75% while improving satisfaction,10,Healthcare Administrator,2015,intermediate,peer_reviewed
CPS-00592,healthcare,resilience,Reducing hospital-acquired infections,Budget limited to 70% of typical solutions; Must work with existing minimal infrastructure; Must comply with multiple regulations,Quantified baseline metrics for success measurement | Built low-fidelity prototype focusing on technical feasibility | Developed phased rollout strategy | Captured and shared learnings across teams | Created feedback loops for continuous input,Realized that logistics optimization solved a similar problem by leveraging distributed intelligence,"educational scaffolding, quality control systems, logistics optimization",Generated 9x ROI within first year of implementation,8,Medical Doctor,2024,advanced,industry_validated
CPS-00593,healthcare,behavior_change,Optimizing emergency room wait times,Must comply with evolving regulations; Must achieve 100% improvement over current state; Cannot use established technology/approach; Must comply with international regulations,Built low-fidelity prototype focusing on technical feasibility | Measured both quantitative metrics and qualitative feedback | Adapted solution to changing conditions,Understood that timing and sequence mattered more than individual components,"preventive maintenance, educational scaffolding",Generated 8x ROI within first year of implementation,8,Medical Doctor,2014,intermediate,experimental
CPS-00594,arts_creativity,system_design,Collaborating across different artistic mediums,Requires approval from 3 stakeholder groups; Budget limited to 60% of typical solutions; Limited to 8 team members,Addressed concerns through transparent communication | Conducted comparative analysis of 7 similar cases | Established success metrics and monitoring plan | Captured and shared learnings across teams | Built low-fidelity prototype focusing on core functionality,Understood that timing and sequence mattered more than individual components,collage techniques,Reduced costs by 50% while improving satisfaction,9,Creative Director,2013,advanced,experimental
CPS-00595,arts_creativity,sustainability,Preserving cultural heritage while innovating,Must comply with multiple regulations; Budget limited to 60% of typical solutions,Ran 5 rapid test cycles with real users | Facilitated co-design workshops with end users | Built low-fidelity prototype focusing on technical feasibility,Recognized that a limitation could become a feature if viewed differently,narrative structures,Achieved 107% improvement in primary metric while reducing costs by 19%,10,Music Composer,2012,intermediate,case_study
CPS-00596,arts_creativity,sustainability,Making art accessible to diverse audiences,Cannot use conventional technology/approach; Limited to 5 team members; Must comply with evolving regulations; Must work with existing limited infrastructure,Built coalition of early adopters and champions | Maintained quality while increasing volume | Created training and support materials | Ran 4 rapid test cycles with real users,Recognized that a limitation could become a feature if viewed differently,narrative structures,Became industry standard practice within 5 years,5,Visual Artist,2012,advanced,experimental
CPS-00597,education,adaptation,Engaging students with diverse learning styles,Must comply with multiple regulations; Must achieve 30% improvement over current state; Budget limited to 60% of typical solutions; Must work with existing aging infrastructure,Incorporated constraints as design features rather than limitations | Conducted comparative analysis of 6 similar cases | Refined solution to work within all constraints,"Learned that user behavior, not technology, was the key bottleneck","game design, studio critiques, exploration expeditions",Became industry standard practice within 6 years,7,Curriculum Designer,2012,advanced,peer_reviewed
CPS-00598,biomimicry,efficiency,Optimizing structural strength with minimal material,Must be implemented within 6 months; Must comply with strict regulations,Captured and shared learnings across teams | Adapted solution to changing conditions | Created feedback loops for continuous input | Tested assumption riskiest first,Realized that honeycomb structures solved a similar problem by reframing the constraint,"lotus leaves, honeycomb structures",Solution adopted by 47 organizations across 12 countries,5,Biologist,2017,expert,case_study
CPS-00599,sustainability,scalability,Reducing plastic waste in supply chains,Budget limited to 70% of typical solutions; Limited to 6 team members,Gradually expanded to more challenging contexts | Established continuous feedback mechanisms | Refined solution to work within all constraints | Created training and support materials,Understood that timing and sequence mattered more than individual components,"natural ecosystems, nutrient cycles, cradle-to-cradle design",Reduced waste by 66% while improving innovation,10,Circular Economy Designer,2011,advanced,experimental
CPS-00600,biomimicry,adaptation,Developing adhesive materials without chemicals,Limited to 4 team members; Limited to 8 team members,Created training and support materials | Facilitated co-design workshops with end users | Measured both quantitative metrics and qualitative feedback | Adapted solution to changing conditions | Conducted comparative analysis of 5 similar cases,Saw that solutions from 4 different domains could be integrated,"Namib desert beetle, honeycomb structures",Reduced costs by 62% while improving efficiency,9,Biologist,2016,expert,case_study
CPS-00601,education,sustainability,Supporting students with varying background knowledge,Budget limited to 80% of typical solutions; Limited to 6 team members; Limited to 5 team members,Mapped all stakeholder needs and pain points | Established success metrics and monitoring plan | Built low-fidelity prototype focusing on user experience | Refined solution to work within all constraints,Realized that exploration expeditions solved a similar problem by reframing the constraint,"game design, apprenticeship models, sports coaching",Generated 5x ROI within first year of implementation,6,Curriculum Designer,2020,intermediate,case_study
CPS-00602,arts_creativity,collaboration,Preserving cultural heritage while innovating,Must achieve 20% improvement over current state; Cannot use established technology/approach; Must be implemented within 9 months; Requires approval from 5 stakeholder groups,Addressed concerns through transparent communication | Conducted comparative analysis of 10 similar cases | Started with controlled pilot in optimal conditions | Regularly reviewed performance against metrics | Refined solution to work within all constraints,Recognized that a limitation could become a feature if viewed differently,narrative structures,Achieved 126% improvement in primary metric while reducing costs by 16%,5,Visual Artist,2019,beginner,industry_validated
CPS-00603,healthcare,system_design,Optimizing emergency room wait times,Requires approval from 3 stakeholder groups; Budget limited to 80% of typical solutions; Requires approval from 2 stakeholder groups; Must achieve 100% improvement over current state,Tested assumption riskiest first | Refined solution to work within all constraints | Captured and shared learnings across teams | Built coalition of early adopters and champions,Discovered that the real problem was different from the stated problem,logistics optimization,Achieved 39% improvement in primary metric while reducing costs by 33%,10,Public Health Specialist,2018,beginner,industry_validated
CPS-00604,urban_planning,adaptation,Balancing development with historical preservation,Budget limited to 70% of typical solutions; Must be implemented within 12 months,Refined solution to work within all constraints | Quantified baseline metrics for success measurement | Built contingency plans for common failure modes | Gradually expanded to more challenging contexts,Found that combining two unrelated approaches created synergistic effects,"swarm behavior, layered networks, forest ecosystems",Solution adopted by 14 organizations across 4 countries,10,Urban Designer,2013,expert,peer_reviewed
CPS-00605,business_innovation,scalability,Identifying unmet customer needs,Budget limited to 60% of typical solutions; Must be implemented within 3 months; Budget limited to 60% of typical solutions,"Captured and shared learnings across teams | Pivoted approach based on evidence, not assumptions | Developed phased rollout strategy | Mapped all stakeholder needs and pain points",Found that combining two unrelated approaches created synergistic effects,"open source communities, tournament structures, platform ecosystems",Achieved 171% improvement in primary metric while reducing costs by 23%,6,Product Manager,2018,beginner,case_study
CPS-00606,urban_planning,optimization,Improving public transportation adoption,Must be implemented within 6 months; Cannot use proprietary technology/approach; Must be implemented within 12 months,Started with controlled pilot in optimal conditions | Quantified baseline metrics for success measurement | Documented learnings and iteration rationale | Created training and support materials | Addressed concerns through transparent communication,Saw that solutions from 3 different domains could be integrated,modular design,Solution adopted by 43 organizations across 6 countries,8,Traffic Engineer,2014,expert,case_study
CPS-00607,healthcare,resilience,Reducing hospital-acquired infections,Must work with existing minimal infrastructure; Requires approval from 2 stakeholder groups,Established continuous feedback mechanisms | Maintained quality while increasing volume | Ran 8 rapid test cycles with real users,Discovered that the real problem was different from the stated problem,preventive maintenance,Solution adopted by 39 organizations across 11 countries,7,Medical Doctor,2016,beginner,experimental
CPS-00608,education,optimization,Engaging students with diverse learning styles,Must achieve 50% improvement over current state; Limited to 5 team members; Requires approval from 5 stakeholder groups,Started with controlled pilot in optimal conditions | Developed phased rollout strategy | Established continuous feedback mechanisms | Documented learnings and iteration rationale | Measured both quantitative metrics and qualitative feedback,Understood that timing and sequence mattered more than individual components,game design,Solution adopted by 11 organizations across 11 countries,5,Educational Psychologist,2014,advanced,case_study
CPS-00609,sustainability,resilience,Encouraging sustainable consumer behavior,Must achieve 50% improvement over current state; Must work with existing limited infrastructure; Must work with existing aging infrastructure,"Built contingency plans for common failure modes | Gradually expanded to more challenging contexts | Pivoted approach based on evidence, not assumptions | Documented learnings and iteration rationale | Created feedback loops for continuous input",Understood that timing and sequence mattered more than individual components,"sharing economies, nutrient cycles",Solution adopted by 18 organizations across 11 countries,6,Policy Analyst,2022,advanced,experimental
CPS-00610,sustainability,resilience,Converting waste streams into valuable resources,Must achieve 100% improvement over current state; Must achieve 20% improvement over current state,Captured and shared learnings across teams | Mapped all stakeholder needs and pain points | Created feedback loops for continuous input | Tested assumption riskiest first,Discovered that the real problem was different from the stated problem,"natural ecosystems, sharing economies",Solution adopted by 44 organizations across 5 countries,9,Policy Analyst,2021,expert,case_study
CPS-00611,urban_planning,adaptation,Improving public transportation adoption,Must comply with evolving regulations; Must achieve 20% improvement over current state; Must work with existing limited infrastructure; Requires approval from 3 stakeholder groups,Maintained quality while increasing volume | Mapped all stakeholder needs and pain points | Developed phased rollout strategy | Ran 3 rapid test cycles with real users,Saw that solutions from 4 different domains could be integrated,"modular design, circulatory systems",Reduced costs by 90% while improving efficiency,10,Community Planner,2011,intermediate,case_study
CPS-00612,healthcare,optimization,Improving patient compliance with treatment plans,Cannot use expensive technology/approach; Requires approval from 5 stakeholder groups; Budget limited to 80% of typical solutions; Must achieve 30% improvement over current state,Started with controlled pilot in optimal conditions | Created feedback loops for continuous input | Conducted comparative analysis of 10 similar cases,Realized that quality control systems solved a similar problem by reframing the constraint,"educational scaffolding, quality control systems, preventive maintenance",Generated 10x ROI within first year of implementation,8,Medical Doctor,2020,intermediate,case_study
CPS-00613,software_architecture,accessibility,Maintaining legacy systems while innovating,Must be implemented within 12 months; Must work with existing minimal infrastructure; Must work with existing aging infrastructure,Created training and support materials | Regularly reviewed performance against metrics | Identified key patterns from city infrastructure in nature/other fields | Measured both quantitative metrics and qualitative feedback | Addressed concerns through transparent communication,Found that combining two unrelated approaches created synergistic effects,city infrastructure,Solution adopted by 44 organizations across 8 countries,10,Security Specialist,2016,expert,case_study
CPS-00614,urban_planning,scalability,Reducing traffic congestion without expanding roads,Must work with existing legacy infrastructure; Limited to 4 team members,Built contingency plans for common failure modes | Maintained quality while increasing volume | Regularly reviewed performance against metrics,Understood that timing and sequence mattered more than individual components,forest ecosystems,Generated 2x ROI within first year of implementation,6,Urban Designer,2016,intermediate,experimental
CPS-00615,arts_creativity,behavior_change,Overcoming creative blocks systematically,Must work with existing aging infrastructure; Requires approval from 2 stakeholder groups,Documented transferable principles for future use | Identified key patterns from collage techniques in nature/other fields | Addressed concerns through transparent communication | Tested assumption riskiest first | Developed phased rollout strategy,"Learned that user behavior, not technology, was the key bottleneck",architectural constraints,Generated 8x ROI within first year of implementation,8,Visual Artist,2011,intermediate,industry_validated
CPS-00616,education,behavior_change,Assessing critical thinking skills objectively,Budget limited to 50% of typical solutions; Budget limited to 70% of typical solutions,Built coalition of early adopters and champions | Conducted comparative analysis of 13 similar cases | Created training and support materials | Regularly reviewed performance against metrics,Saw that solutions from 4 different domains could be integrated,"exploration expeditions, studio critiques",Achieved 68% improvement in primary metric while reducing costs by 21%,9,Educational Psychologist,2012,expert,industry_validated
CPS-00617,urban_planning,adaptation,Managing waste in high-density populations,Cannot use established technology/approach; Limited to 8 team members; Must work with existing minimal infrastructure; Must comply with strict regulations,Developed phased rollout strategy | Started with controlled pilot in optimal conditions | Incorporated constraints as design features rather than limitations,Recognized that a limitation could become a feature if viewed differently,forest ecosystems,Became industry standard practice within 2 years,5,Urban Designer,2021,intermediate,case_study
CPS-00618,healthcare,adaptation,Optimizing emergency room wait times,Requires approval from 3 stakeholder groups; Must achieve 50% improvement over current state,Developed phased rollout strategy | Quantified baseline metrics for success measurement | Refined solution to work within all constraints,Discovered that the real problem was different from the stated problem,preventive maintenance,Generated 2x ROI within first year of implementation,7,Healthcare Administrator,2017,beginner,case_study
CPS-00619,education,collaboration,Integrating technology meaningfully in classrooms,Budget limited to 50% of typical solutions; Must comply with strict regulations; Must achieve 100% improvement over current state,Addressed concerns through transparent communication | Established success metrics and monitoring plan | Refined solution to work within all constraints | Regularly reviewed performance against metrics,Discovered that the real problem was different from the stated problem,"apprenticeship models, exploration expeditions, game design",Became industry standard practice within 10 years,6,Educational Psychologist,2024,advanced,case_study
CPS-00620,education,accessibility,Supporting students with varying background knowledge,Must comply with multiple regulations; Must comply with strict regulations,Quantified baseline metrics for success measurement | Regularly reviewed performance against metrics | Documented learnings and iteration rationale,Realized that exploration expeditions solved a similar problem by leveraging distributed intelligence,game design,Achieved 95% improvement in primary metric while reducing costs by 32%,7,Curriculum Designer,2012,intermediate,industry_validated
CPS-00621,sustainability,adaptation,Encouraging sustainable consumer behavior,Must comply with multiple regulations; Budget limited to 70% of typical solutions; Must comply with international regulations; Must achieve 50% improvement over current state,Measured both quantitative metrics and qualitative feedback | Built contingency plans for common failure modes | Started with controlled pilot in optimal conditions | Mapped all stakeholder needs and pain points,Realized that cradle-to-cradle design solved a similar problem by using emergent properties,repair cultures,Achieved 198% improvement in primary metric while reducing costs by 20%,5,Policy Analyst,2013,advanced,experimental
CPS-00622,arts_creativity,system_design,Overcoming creative blocks systematically,Must work with existing legacy infrastructure; Must achieve 50% improvement over current state; Limited to 2 team members; Must be implemented within 6 months,Adapted solution to changing conditions | Built contingency plans for common failure modes | Gradually expanded to more challenging contexts | Refined solution to work within all constraints | Tested assumption riskiest first,"Learned that user behavior, not technology, was the key bottleneck",improvisational jazz,Reduced errors by 77% while improving efficiency,9,Creative Director,2023,advanced,industry_validated
CPS-00623,sustainability,adaptation,Measuring true environmental costs of products,Requires approval from 4 stakeholder groups; Requires approval from 2 stakeholder groups; Budget limited to 80% of typical solutions; Limited to 6 team members,Gradually expanded to more challenging contexts | Ran 7 rapid test cycles with real users | Built coalition of early adopters and champions,Understood that timing and sequence mattered more than individual components,cradle-to-cradle design,Generated 9x ROI within first year of implementation,9,Environmental Scientist,2024,expert,industry_validated
CPS-00624,arts_creativity,resource_constraint,Making art accessible to diverse audiences,Must achieve 50% improvement over current state; Must work with existing aging infrastructure; Budget limited to 80% of typical solutions,Built coalition of early adopters and champions | Conducted comparative analysis of 10 similar cases | Refined solution to work within all constraints | Gradually expanded to more challenging contexts | Tested assumption riskiest first,Understood that timing and sequence mattered more than individual components,"narrative structures, collage techniques, scientific experimentation",Solution adopted by 16 organizations across 5 countries,8,Visual Artist,2015,advanced,case_study
CPS-00625,education,sustainability,Preparing students for jobs that don't exist yet,Requires approval from 2 stakeholder groups; Must work with existing limited infrastructure,Addressed concerns through transparent communication | Incorporated constraints as design features rather than limitations | Refined solution to work within all constraints,Realized that apprenticeship models solved a similar problem by reframing the constraint,"game design, sports coaching",Generated 6x ROI within first year of implementation,8,Curriculum Designer,2022,intermediate,case_study
CPS-00626,healthcare,resource_constraint,Bridging healthcare access gaps in rural areas,Cannot use established technology/approach; Budget limited to 80% of typical solutions; Must comply with strict regulations; Must achieve 100% improvement over current state,Facilitated co-design workshops with end users | Documented transferable principles for future use | Started with controlled pilot in optimal conditions,Found that combining two unrelated approaches created synergistic effects,"educational scaffolding, logistics optimization",Generated 8x ROI within first year of implementation,9,Healthcare Administrator,2022,advanced,peer_reviewed
CPS-00627,healthcare,sustainability,Reducing hospital-acquired infections,Must work with existing legacy infrastructure; Requires approval from 5 stakeholder groups; Budget limited to 50% of typical solutions,Facilitated co-design workshops with end users | Captured and shared learnings across teams | Documented transferable principles for future use | Refined solution to work within all constraints | Built low-fidelity prototype focusing on core functionality,Realized that preventive maintenance solved a similar problem by reframing the constraint,quality control systems,Solution adopted by 21 organizations across 6 countries,5,Public Health Specialist,2012,beginner,peer_reviewed
CPS-00628,healthcare,resilience,Reducing hospital-acquired infections,Must be implemented within 18 months; Cannot use established technology/approach; Cannot use conventional technology/approach; Budget limited to 70% of typical solutions,Conducted comparative analysis of 7 similar cases | Measured both quantitative metrics and qualitative feedback | Adapted solution to changing conditions,Found that combining two unrelated approaches created synergistic effects,"educational scaffolding, logistics optimization",Solution adopted by 39 organizations across 9 countries,6,Medical Doctor,2021,beginner,case_study
CPS-00629,software_architecture,resilience,Managing distributed team collaboration,Budget limited to 70% of typical solutions; Requires approval from 5 stakeholder groups; Limited to 4 team members; Must comply with multiple regulations,"Incorporated constraints as design features rather than limitations | Pivoted approach based on evidence, not assumptions | Gradually expanded to more challenging contexts | Mapped all stakeholder needs and pain points | Adapted solution to changing conditions",Saw that solutions from 2 different domains could be integrated,"neural networks, library organization, city infrastructure",Solution adopted by 34 organizations across 9 countries,9,DevOps Engineer,2012,expert,case_study
CPS-00630,software_architecture,system_design,Reducing technical debt while delivering features,Must be implemented within 12 months; Requires approval from 2 stakeholder groups; Must achieve 20% improvement over current state,Incorporated constraints as design features rather than limitations | Facilitated co-design workshops with end users | Refined solution to work within all constraints,Saw that solutions from 3 different domains could be integrated,"library organization, biological immune systems, assembly lines",Solution adopted by 38 organizations across 5 countries,7,Security Specialist,2020,advanced,case_study
CPS-00631,arts_creativity,resource_constraint,Overcoming creative blocks systematically,Must be implemented within 18 months; Requires approval from 2 stakeholder groups; Must achieve 20% improvement over current state; Must be implemented within 12 months,Started with controlled pilot in optimal conditions | Developed phased rollout strategy | Measured both quantitative metrics and qualitative feedback,Understood that timing and sequence mattered more than individual components,"architectural constraints, scientific experimentation",Achieved 145% improvement in primary metric while reducing costs by 19%,5,Creative Director,2024,beginner,case_study
CPS-00632,business_innovation,resource_constraint,Identifying unmet customer needs,Must comply with strict regulations; Cannot use conventional technology/approach; Must comply with strict regulations,Tested assumption riskiest first | Started with controlled pilot in optimal conditions | Adapted solution to changing conditions,Found that combining two unrelated approaches created synergistic effects,"open source communities, platform ecosystems, tournament structures",Became industry standard practice within 9 years,6,Innovation Consultant,2020,advanced,peer_reviewed
CPS-00633,biomimicry,resource_constraint,Developing adhesive materials without chemicals,Requires approval from 2 stakeholder groups; Must comply with multiple regulations; Must achieve 50% improvement over current state,Regularly reviewed performance against metrics | Captured and shared learnings across teams | Documented learnings and iteration rationale,Found that combining two unrelated approaches created synergistic effects,"lotus leaves, honeycomb structures",Reduced costs by 79% while improving innovation,9,Biologist,2014,advanced,case_study
CPS-00634,biomimicry,integration,Creating energy-efficient cooling systems,Limited to 3 team members; Requires approval from 2 stakeholder groups; Must comply with international regulations; Requires approval from 4 stakeholder groups,"Identified key patterns from termite mounds in nature/other fields | Developed phased rollout strategy | Started with controlled pilot in optimal conditions | Pivoted approach based on evidence, not assumptions",Understood that timing and sequence mattered more than individual components,"gecko feet, termite mounds, lotus leaves",Solution adopted by 27 organizations across 15 countries,10,Materials Scientist,2021,beginner,case_study
CPS-00635,software_architecture,adaptation,Maintaining legacy systems while innovating,Requires approval from 3 stakeholder groups; Must comply with international regulations; Cannot use conventional technology/approach,Established continuous feedback mechanisms | Documented learnings and iteration rationale | Maintained quality while increasing volume | Addressed concerns through transparent communication,Recognized that a limitation could become a feature if viewed differently,assembly lines,Generated 3x ROI within first year of implementation,6,DevOps Engineer,2015,beginner,industry_validated
CPS-00636,sustainability,resilience,Converting waste streams into valuable resources,Limited to 5 team members; Limited to 6 team members,Established success metrics and monitoring plan | Maintained quality while increasing volume | Adapted solution to changing conditions | Measured both quantitative metrics and qualitative feedback | Documented learnings and iteration rationale,"Learned that user behavior, not technology, was the key bottleneck",cradle-to-cradle design,Reduced waste by 49% while improving efficiency,7,Circular Economy Designer,2017,intermediate,experimental
CPS-00637,sustainability,resource_constraint,Measuring true environmental costs of products,Must comply with international regulations; Limited to 3 team members,Addressed concerns through transparent communication | Started with controlled pilot in optimal conditions | Regularly reviewed performance against metrics | Conducted comparative analysis of 12 similar cases | Built contingency plans for common failure modes,"Learned that user behavior, not technology, was the key bottleneck","nutrient cycles, repair cultures, cradle-to-cradle design",Solution adopted by 31 organizations across 5 countries,9,Policy Analyst,2010,expert,peer_reviewed
CPS-00638,business_innovation,optimization,Competing with free alternatives,Limited to 2 team members; Must comply with evolving regulations; Must comply with evolving regulations,Ran 7 rapid test cycles with real users | Regularly reviewed performance against metrics | Created feedback loops for continuous input | Incorporated constraints as design features rather than limitations | Established success metrics and monitoring plan,Discovered that the real problem was different from the stated problem,"tournament structures, platform ecosystems, ecosystem niches",Reduced time by 83% while improving satisfaction,9,Market Researcher,2023,expert,case_study
CPS-00639,software_architecture,collaboration,Maintaining legacy systems while innovating,Budget limited to 60% of typical solutions; Limited to 5 team members,Refined solution to work within all constraints | Tested assumption riskiest first | Facilitated co-design workshops with end users | Documented transferable principles for future use | Captured and shared learnings across teams,Discovered that the real problem was different from the stated problem,"neural networks, city infrastructure, biological immune systems",Solution adopted by 45 organizations across 7 countries,6,Security Specialist,2012,expert,experimental
CPS-00640,biomimicry,scalability,Designing self-cleaning surfaces,Must work with existing aging infrastructure; Must comply with international regulations; Must work with existing legacy infrastructure,Adapted solution to changing conditions | Measured both quantitative metrics and qualitative feedback | Addressed concerns through transparent communication,Recognized that a limitation could become a feature if viewed differently,"Namib desert beetle, termite mounds, gecko feet",Reduced waste by 66% while improving innovation,9,Biologist,2015,expert,industry_validated
CPS-00641,arts_creativity,behavior_change,Preserving cultural heritage while innovating,Limited to 8 team members; Must comply with international regulations; Budget limited to 70% of typical solutions; Requires approval from 4 stakeholder groups,"Gradually expanded to more challenging contexts | Pivoted approach based on evidence, not assumptions | Established continuous feedback mechanisms | Addressed concerns through transparent communication | Mapped all stakeholder needs and pain points",Realized that architectural constraints solved a similar problem by using emergent properties,"architectural constraints, improvisational jazz",Solution adopted by 43 organizations across 7 countries,6,Creative Director,2018,beginner,case_study
CPS-00642,healthcare,sustainability,Bridging healthcare access gaps in rural areas,Limited to 3 team members; Must work with existing limited infrastructure,Ran 3 rapid test cycles with real users | Built contingency plans for common failure modes | Captured and shared learnings across teams | Quantified baseline metrics for success measurement,Saw that solutions from 3 different domains could be integrated,"preventive maintenance, logistics optimization",Became industry standard practice within 7 years,9,Public Health Specialist,2019,advanced,industry_validated
CPS-00643,biomimicry,integration,Developing adhesive materials without chemicals,Must work with existing minimal infrastructure; Cannot use conventional technology/approach; Must achieve 20% improvement over current state; Requires approval from 4 stakeholder groups,Mapped all stakeholder needs and pain points | Created training and support materials | Facilitated co-design workshops with end users | Tested assumption riskiest first,Recognized that a limitation could become a feature if viewed differently,"gecko feet, Namib desert beetle",Generated 9x ROI within first year of implementation,6,Biologist,2018,intermediate,industry_validated
CPS-00644,biomimicry,collaboration,Creating energy-efficient cooling systems,Must work with existing limited infrastructure; Must be implemented within 6 months; Requires approval from 4 stakeholder groups,Maintained quality while increasing volume | Established continuous feedback mechanisms | Addressed concerns through transparent communication,Recognized that a limitation could become a feature if viewed differently,"gecko feet, lotus leaves, Namib desert beetle",Solution adopted by 35 organizations across 11 countries,7,Materials Scientist,2016,beginner,case_study
CPS-00645,urban_planning,behavior_change,Reducing traffic congestion without expanding roads,Must work with existing aging infrastructure; Must comply with international regulations; Must be implemented within 6 months,Built contingency plans for common failure modes | Maintained quality while increasing volume | Established continuous feedback mechanisms,"Learned that user behavior, not technology, was the key bottleneck","forest ecosystems, circulatory systems, modular design",Reduced waste by 50% while improving quality,9,Community Planner,2018,beginner,experimental
CPS-00646,arts_creativity,integration,Balancing artistic vision with commercial viability,Must work with existing legacy infrastructure; Must be implemented within 18 months,Identified key patterns from collage techniques in nature/other fields | Built contingency plans for common failure modes | Addressed concerns through transparent communication | Regularly reviewed performance against metrics | Built low-fidelity prototype focusing on core functionality,Realized that architectural constraints solved a similar problem by using emergent properties,"improvisational jazz, scientific experimentation",Generated 6x ROI within first year of implementation,5,Music Composer,2011,advanced,experimental
CPS-00647,arts_creativity,optimization,Balancing artistic vision with commercial viability,Must achieve 100% improvement over current state; Must comply with multiple regulations; Must comply with international regulations; Cannot use expensive technology/approach,Documented transferable principles for future use | Ran 3 rapid test cycles with real users | Created feedback loops for continuous input,Understood that timing and sequence mattered more than individual components,"collage techniques, improvisational jazz",Generated 7x ROI within first year of implementation,10,Creative Director,2013,intermediate,peer_reviewed
CPS-00648,healthcare,optimization,Managing chronic diseases with limited resources,Must achieve 20% improvement over current state; Must comply with strict regulations,Created training and support materials | Measured both quantitative metrics and qualitative feedback | Quantified baseline metrics for success measurement,Understood that timing and sequence mattered more than individual components,"educational scaffolding, quality control systems, logistics optimization",Reduced errors by 51% while improving satisfaction,7,Healthcare Administrator,2023,intermediate,industry_validated
CPS-00649,sustainability,integration,Encouraging sustainable consumer behavior,Must be implemented within 6 months; Must be implemented within 18 months; Limited to 8 team members,Built coalition of early adopters and champions | Tested assumption riskiest first | Developed phased rollout strategy,Found that combining two unrelated approaches created synergistic effects,"repair cultures, cradle-to-cradle design",Solution adopted by 22 organizations across 10 countries,8,Environmental Scientist,2012,beginner,experimental
CPS-00650,healthcare,sustainability,Improving patient compliance with treatment plans,Must comply with multiple regulations; Must achieve 100% improvement over current state; Limited to 2 team members,Built low-fidelity prototype focusing on technical feasibility | Documented transferable principles for future use | Established success metrics and monitoring plan,Recognized that a limitation could become a feature if viewed differently,preventive maintenance,Generated 6x ROI within first year of implementation,5,Medical Doctor,2018,intermediate,experimental
CPS-00651,biomimicry,integration,Developing adhesive materials without chemicals,Requires approval from 5 stakeholder groups; Must comply with evolving regulations; Cannot use established technology/approach,"Facilitated co-design workshops with end users | Pivoted approach based on evidence, not assumptions | Built contingency plans for common failure modes | Built low-fidelity prototype focusing on core functionality | Identified key patterns from lotus leaves in nature/other fields",Discovered that the real problem was different from the stated problem,"honeycomb structures, Namib desert beetle, termite mounds",Reduced errors by 73% while improving satisfaction,7,Ecological Engineer,2022,beginner,industry_validated
CPS-00652,business_innovation,resilience,Identifying unmet customer needs,Requires approval from 2 stakeholder groups; Must be implemented within 12 months,"Built low-fidelity prototype focusing on technical feasibility | Mapped all stakeholder needs and pain points | Built contingency plans for common failure modes | Captured and shared learnings across teams | Pivoted approach based on evidence, not assumptions",Saw that solutions from 4 different domains could be integrated,tournament structures,Achieved 120% improvement in primary metric while reducing costs by 26%,10,Market Researcher,2017,advanced,experimental
CPS-00653,software_architecture,integration,Managing distributed team collaboration,Budget limited to 50% of typical solutions; Must be implemented within 12 months,Maintained quality while increasing volume | Mapped all stakeholder needs and pain points | Measured both quantitative metrics and qualitative feedback | Addressed concerns through transparent communication | Developed phased rollout strategy,Realized that biological immune systems solved a similar problem by reframing the constraint,"biological immune systems, assembly lines",Solution adopted by 13 organizations across 12 countries,5,DevOps Engineer,2023,advanced,industry_validated
CPS-00654,urban_planning,system_design,Improving public transportation adoption,Must work with existing aging infrastructure; Must comply with multiple regulations; Must work with existing limited infrastructure; Must achieve 30% improvement over current state,Created training and support materials | Refined solution to work within all constraints | Built low-fidelity prototype focusing on technical feasibility | Gradually expanded to more challenging contexts | Adapted solution to changing conditions,"Learned that user behavior, not technology, was the key bottleneck","circulatory systems, layered networks, forest ecosystems",Achieved 60% improvement in primary metric while reducing costs by 14%,9,Community Planner,2013,beginner,experimental
CPS-00655,sustainability,system_design,Encouraging sustainable consumer behavior,Requires approval from 5 stakeholder groups; Must work with existing aging infrastructure; Cannot use expensive technology/approach; Must achieve 100% improvement over current state,Developed phased rollout strategy | Gradually expanded to more challenging contexts | Ran 3 rapid test cycles with real users | Documented transferable principles for future use,Understood that timing and sequence mattered more than individual components,"sharing economies, cradle-to-cradle design",Generated 5x ROI within first year of implementation,5,Circular Economy Designer,2014,expert,peer_reviewed
CPS-00656,urban_planning,optimization,Reducing traffic congestion without expanding roads,Must achieve 20% improvement over current state; Budget limited to 80% of typical solutions,Documented transferable principles for future use | Facilitated co-design workshops with end users | Measured both quantitative metrics and qualitative feedback,Understood that timing and sequence mattered more than individual components,modular design,Generated 4x ROI within first year of implementation,7,Community Planner,2023,advanced,industry_validated
CPS-00657,arts_creativity,sustainability,Balancing artistic vision with commercial viability,Limited to 5 team members; Limited to 4 team members,Documented learnings and iteration rationale | Conducted comparative analysis of 12 similar cases | Created training and support materials | Created feedback loops for continuous input | Regularly reviewed performance against metrics,Found that combining two unrelated approaches created synergistic effects,"collage techniques, narrative structures",Generated 9x ROI within first year of implementation,6,Music Composer,2011,expert,industry_validated
CPS-00658,software_architecture,scalability,Maintaining legacy systems while innovating,Limited to 7 team members; Must achieve 50% improvement over current state; Must be implemented within 6 months,Started with controlled pilot in optimal conditions | Built contingency plans for common failure modes | Created feedback loops for continuous input | Measured both quantitative metrics and qualitative feedback,"Learned that user behavior, not technology, was the key bottleneck","city infrastructure, neural networks",Achieved 149% improvement in primary metric while reducing costs by 18%,5,System Architect,2022,intermediate,experimental
CPS-00659,biomimicry,efficiency,Designing self-cleaning surfaces,Requires approval from 3 stakeholder groups; Must work with existing aging infrastructure; Budget limited to 60% of typical solutions; Must achieve 20% improvement over current state,Built coalition of early adopters and champions | Established continuous feedback mechanisms | Started with controlled pilot in optimal conditions | Developed phased rollout strategy,"Learned that user behavior, not technology, was the key bottleneck","gecko feet, lotus leaves, termite mounds",Became industry standard practice within 10 years,7,Materials Scientist,2021,intermediate,case_study
CPS-00660,sustainability,adaptation,Measuring true environmental costs of products,Must work with existing minimal infrastructure; Cannot use established technology/approach; Requires approval from 2 stakeholder groups; Must comply with multiple regulations,Addressed concerns through transparent communication | Gradually expanded to more challenging contexts | Ran 8 rapid test cycles with real users | Documented transferable principles for future use | Tested assumption riskiest first,Discovered that the real problem was different from the stated problem,natural ecosystems,Achieved 182% improvement in primary metric while reducing costs by 42%,6,Circular Economy Designer,2010,expert,experimental
CPS-00661,arts_creativity,accessibility,Making art accessible to diverse audiences,Budget limited to 80% of typical solutions; Must achieve 30% improvement over current state; Requires approval from 5 stakeholder groups; Limited to 5 team members,Regularly reviewed performance against metrics | Built low-fidelity prototype focusing on user experience | Created training and support materials,Recognized that a limitation could become a feature if viewed differently,collage techniques,Reduced errors by 58% while improving satisfaction,10,Music Composer,2013,advanced,industry_validated
CPS-00662,education,behavior_change,Engaging students with diverse learning styles,Must comply with evolving regulations; Requires approval from 5 stakeholder groups; Must comply with international regulations; Must comply with multiple regulations,Measured both quantitative metrics and qualitative feedback | Quantified baseline metrics for success measurement | Created training and support materials,"Learned that user behavior, not technology, was the key bottleneck","sports coaching, apprenticeship models",Reduced costs by 76% while improving satisfaction,5,Educational Psychologist,2020,expert,case_study
CPS-00663,urban_planning,resource_constraint,Balancing development with historical preservation,Budget limited to 70% of typical solutions; Limited to 5 team members,"Captured and shared learnings across teams | Identified key patterns from layered networks in nature/other fields | Pivoted approach based on evidence, not assumptions | Created feedback loops for continuous input | Tested assumption riskiest first",Found that combining two unrelated approaches created synergistic effects,"swarm behavior, circulatory systems, modular design",Became industry standard practice within 5 years,8,Urban Designer,2021,intermediate,experimental
CPS-00664,biomimicry,system_design,Developing adhesive materials without chemicals,Budget limited to 70% of typical solutions; Limited to 5 team members; Must comply with strict regulations; Must work with existing minimal infrastructure,"Regularly reviewed performance against metrics | Incorporated constraints as design features rather than limitations | Pivoted approach based on evidence, not assumptions | Built contingency plans for common failure modes | Identified key patterns from gecko feet in nature/other fields","Learned that user behavior, not technology, was the key bottleneck","honeycomb structures, gecko feet, termite mounds",Reduced time by 62% while improving efficiency,8,Ecological Engineer,2015,intermediate,case_study
CPS-00665,software_architecture,adaptation,Scaling systems under unpredictable load,Limited to 2 team members; Must work with existing minimal infrastructure; Must be implemented within 3 months,Built contingency plans for common failure modes | Identified key patterns from library organization in nature/other fields | Addressed concerns through transparent communication | Built low-fidelity prototype focusing on technical feasibility | Regularly reviewed performance against metrics,Realized that biological immune systems solved a similar problem by using emergent properties,neural networks,Achieved 133% improvement in primary metric while reducing costs by 30%,7,System Architect,2015,intermediate,peer_reviewed
CPS-00666,healthcare,system_design,Optimizing emergency room wait times,Limited to 7 team members; Limited to 2 team members; Must be implemented within 6 months; Must comply with evolving regulations,Conducted comparative analysis of 8 similar cases | Documented transferable principles for future use | Facilitated co-design workshops with end users | Built low-fidelity prototype focusing on technical feasibility | Established success metrics and monitoring plan,Realized that logistics optimization solved a similar problem by using emergent properties,"preventive maintenance, quality control systems, logistics optimization",Achieved 135% improvement in primary metric while reducing costs by 44%,9,Medical Doctor,2020,advanced,peer_reviewed
CPS-00667,healthcare,efficiency,Reducing hospital-acquired infections,Must comply with strict regulations; Must achieve 20% improvement over current state; Limited to 2 team members; Cannot use expensive technology/approach,Regularly reviewed performance against metrics | Facilitated co-design workshops with end users | Conducted comparative analysis of 15 similar cases,Understood that timing and sequence mattered more than individual components,"logistics optimization, community networks, preventive maintenance",Generated 8x ROI within first year of implementation,10,Medical Doctor,2021,beginner,peer_reviewed
CPS-00668,biomimicry,resilience,Optimizing structural strength with minimal material,Must be implemented within 12 months; Must comply with international regulations; Must be implemented within 6 months,Conducted comparative analysis of 5 similar cases | Created training and support materials | Measured both quantitative metrics and qualitative feedback,Found that combining two unrelated approaches created synergistic effects,"Namib desert beetle, honeycomb structures, gecko feet",Became industry standard practice within 4 years,9,Materials Scientist,2018,beginner,case_study
CPS-00669,arts_creativity,resilience,Overcoming creative blocks systematically,Budget limited to 70% of typical solutions; Must comply with strict regulations; Must comply with multiple regulations,Conducted comparative analysis of 8 similar cases | Facilitated co-design workshops with end users | Established continuous feedback mechanisms,Understood that timing and sequence mattered more than individual components,"improvisational jazz, narrative structures",Achieved 39% improvement in primary metric while reducing costs by 45%,8,Visual Artist,2019,advanced,case_study
CPS-00670,arts_creativity,collaboration,Collaborating across different artistic mediums,Requires approval from 4 stakeholder groups; Limited to 5 team members; Must work with existing aging infrastructure,Gradually expanded to more challenging contexts | Mapped all stakeholder needs and pain points | Refined solution to work within all constraints | Incorporated constraints as design features rather than limitations | Established continuous feedback mechanisms,Realized that narrative structures solved a similar problem by reframing the constraint,architectural constraints,Reduced errors by 58% while improving innovation,7,Creative Director,2024,beginner,peer_reviewed
CPS-00671,arts_creativity,resilience,Collaborating across different artistic mediums,Limited to 2 team members; Must be implemented within 12 months; Limited to 3 team members,Established success metrics and monitoring plan | Refined solution to work within all constraints | Maintained quality while increasing volume | Quantified baseline metrics for success measurement | Established continuous feedback mechanisms,Discovered that the real problem was different from the stated problem,collage techniques,Achieved 112% improvement in primary metric while reducing costs by 19%,5,Creative Director,2015,advanced,experimental
CPS-00672,urban_planning,system_design,Managing waste in high-density populations,Must comply with strict regulations; Must comply with multiple regulations,Started with controlled pilot in optimal conditions | Built low-fidelity prototype focusing on user experience | Addressed concerns through transparent communication,Discovered that the real problem was different from the stated problem,circulatory systems,Became industry standard practice within 6 years,10,Community Planner,2022,beginner,industry_validated
CPS-00673,biomimicry,sustainability,Water collection in arid environments,Must work with existing aging infrastructure; Must work with existing minimal infrastructure; Must achieve 30% improvement over current state; Requires approval from 2 stakeholder groups,Identified key patterns from termite mounds in nature/other fields | Established continuous feedback mechanisms | Ran 3 rapid test cycles with real users,Discovered that the real problem was different from the stated problem,"termite mounds, honeycomb structures",Generated 5x ROI within first year of implementation,7,Materials Scientist,2023,intermediate,experimental
CPS-00674,healthcare,efficiency,Optimizing emergency room wait times,Cannot use expensive technology/approach; Must achieve 30% improvement over current state; Must comply with evolving regulations; Requires approval from 3 stakeholder groups,Gradually expanded to more challenging contexts | Tested assumption riskiest first | Built coalition of early adopters and champions,Realized that community networks solved a similar problem by reframing the constraint,"community networks, educational scaffolding",Became industry standard practice within 2 years,7,Healthcare Administrator,2021,expert,case_study
CPS-00675,software_architecture,adaptation,Scaling systems under unpredictable load,Must comply with multiple regulations; Must be implemented within 6 months; Limited to 6 team members,Developed phased rollout strategy | Addressed concerns through transparent communication | Conducted comparative analysis of 9 similar cases | Incorporated constraints as design features rather than limitations,Saw that solutions from 3 different domains could be integrated,"assembly lines, library organization, city infrastructure",Became industry standard practice within 5 years,6,System Architect,2023,intermediate,industry_validated
CPS-00676,business_innovation,resilience,Pivoting business models during market disruption,Must achieve 20% improvement over current state; Must be implemented within 3 months; Budget limited to 60% of typical solutions,Incorporated constraints as design features rather than limitations | Facilitated co-design workshops with end users | Regularly reviewed performance against metrics | Created training and support materials | Refined solution to work within all constraints,Discovered that the real problem was different from the stated problem,"platform ecosystems, evolutionary adaptation",Became industry standard practice within 4 years,9,Product Manager,2024,expert,case_study
CPS-00677,education,behavior_change,Supporting students with varying background knowledge,Must be implemented within 9 months; Must work with existing minimal infrastructure; Must achieve 50% improvement over current state; Must achieve 100% improvement over current state,Documented transferable principles for future use | Refined solution to work within all constraints | Tested assumption riskiest first | Identified key patterns from apprenticeship models in nature/other fields | Created feedback loops for continuous input,Understood that timing and sequence mattered more than individual components,"sports coaching, apprenticeship models",Became industry standard practice within 5 years,10,Technology Integration Specialist,2023,expert,peer_reviewed
CPS-00678,biomimicry,accessibility,Optimizing structural strength with minimal material,Limited to 2 team members; Requires approval from 4 stakeholder groups; Must work with existing legacy infrastructure; Cannot use expensive technology/approach,Started with controlled pilot in optimal conditions | Documented learnings and iteration rationale | Built coalition of early adopters and champions | Regularly reviewed performance against metrics,Realized that Namib desert beetle solved a similar problem by leveraging distributed intelligence,"lotus leaves, gecko feet",Became industry standard practice within 10 years,9,Materials Scientist,2024,advanced,industry_validated
CPS-00679,education,resource_constraint,Assessing critical thinking skills objectively,Must work with existing minimal infrastructure; Must work with existing legacy infrastructure; Must work with existing minimal infrastructure; Must work with existing minimal infrastructure,Built contingency plans for common failure modes | Measured both quantitative metrics and qualitative feedback | Built coalition of early adopters and champions | Started with controlled pilot in optimal conditions,Saw that solutions from 4 different domains could be integrated,"game design, studio critiques, exploration expeditions",Became industry standard practice within 5 years,5,Curriculum Designer,2011,beginner,case_study
CPS-00680,healthcare,resource_constraint,Bridging healthcare access gaps in rural areas,Requires approval from 2 stakeholder groups; Requires approval from 4 stakeholder groups; Cannot use expensive technology/approach,Built low-fidelity prototype focusing on technical feasibility | Refined solution to work within all constraints | Developed phased rollout strategy | Addressed concerns through transparent communication,"Learned that user behavior, not technology, was the key bottleneck",community networks,Achieved 146% improvement in primary metric while reducing costs by 49%,9,Healthcare Administrator,2016,beginner,case_study
CPS-00681,software_architecture,sustainability,Maintaining legacy systems while innovating,Limited to 4 team members; Must work with existing limited infrastructure,Incorporated constraints as design features rather than limitations | Established success metrics and monitoring plan | Measured both quantitative metrics and qualitative feedback,Realized that assembly lines solved a similar problem by reframing the constraint,library organization,Generated 9x ROI within first year of implementation,5,Security Specialist,2016,advanced,experimental
CPS-00682,arts_creativity,optimization,Overcoming creative blocks systematically,Must comply with international regulations; Must work with existing aging infrastructure; Limited to 5 team members; Requires approval from 3 stakeholder groups,Built coalition of early adopters and champions | Refined solution to work within all constraints | Incorporated constraints as design features rather than limitations | Built contingency plans for common failure modes | Adapted solution to changing conditions,Found that combining two unrelated approaches created synergistic effects,"collage techniques, narrative structures, scientific experimentation",Solution adopted by 46 organizations across 2 countries,8,Music Composer,2012,beginner,industry_validated
CPS-00683,arts_creativity,behavior_change,Balancing artistic vision with commercial viability,Requires approval from 4 stakeholder groups; Budget limited to 60% of typical solutions; Must achieve 50% improvement over current state; Requires approval from 2 stakeholder groups,Established success metrics and monitoring plan | Conducted comparative analysis of 11 similar cases | Incorporated constraints as design features rather than limitations | Facilitated co-design workshops with end users,Discovered that the real problem was different from the stated problem,narrative structures,Achieved 52% improvement in primary metric while reducing costs by 32%,7,Visual Artist,2010,intermediate,experimental
CPS-00684,sustainability,behavior_change,Designing products for complete recyclability,Must achieve 100% improvement over current state; Must work with existing limited infrastructure; Requires approval from 5 stakeholder groups; Must achieve 50% improvement over current state,Refined solution to work within all constraints | Incorporated constraints as design features rather than limitations | Established continuous feedback mechanisms | Developed phased rollout strategy | Captured and shared learnings across teams,Realized that sharing economies solved a similar problem by leveraging distributed intelligence,"cradle-to-cradle design, repair cultures, natural ecosystems",Solution adopted by 38 organizations across 6 countries,5,Circular Economy Designer,2011,advanced,industry_validated
CPS-00685,healthcare,sustainability,Optimizing emergency room wait times,Must comply with evolving regulations; Must achieve 30% improvement over current state; Must comply with strict regulations; Must comply with multiple regulations,Quantified baseline metrics for success measurement | Facilitated co-design workshops with end users | Refined solution to work within all constraints | Regularly reviewed performance against metrics,Found that combining two unrelated approaches created synergistic effects,"educational scaffolding, logistics optimization",Reduced errors by 40% while improving efficiency,5,Public Health Specialist,2019,beginner,case_study
CPS-00686,arts_creativity,resource_constraint,Balancing artistic vision with commercial viability,Limited to 4 team members; Budget limited to 80% of typical solutions,"Pivoted approach based on evidence, not assumptions | Established success metrics and monitoring plan | Created feedback loops for continuous input","Learned that user behavior, not technology, was the key bottleneck",narrative structures,Solution adopted by 13 organizations across 9 countries,5,Music Composer,2018,intermediate,experimental
CPS-00687,education,collaboration,Assessing critical thinking skills objectively,Limited to 5 team members; Must comply with evolving regulations,Tested assumption riskiest first | Mapped all stakeholder needs and pain points | Created training and support materials | Established continuous feedback mechanisms,Discovered that the real problem was different from the stated problem,"game design, apprenticeship models, studio critiques",Solution adopted by 30 organizations across 8 countries,7,Educational Psychologist,2015,advanced,case_study
CPS-00688,healthcare,sustainability,Improving patient compliance with treatment plans,Must be implemented within 9 months; Requires approval from 2 stakeholder groups; Cannot use established technology/approach; Must work with existing limited infrastructure,Mapped all stakeholder needs and pain points | Built coalition of early adopters and champions | Developed phased rollout strategy,Discovered that the real problem was different from the stated problem,logistics optimization,Generated 2x ROI within first year of implementation,6,Healthcare Administrator,2015,expert,experimental
CPS-00689,business_innovation,resilience,Pivoting business models during market disruption,Cannot use proprietary technology/approach; Must comply with evolving regulations; Must work with existing legacy infrastructure; Must comply with strict regulations,"Addressed concerns through transparent communication | Pivoted approach based on evidence, not assumptions | Established continuous feedback mechanisms | Created training and support materials | Documented learnings and iteration rationale",Saw that solutions from 4 different domains could be integrated,"platform ecosystems, open source communities",Reduced costs by 72% while improving efficiency,10,Product Manager,2024,advanced,case_study
CPS-00690,software_architecture,scalability,Ensuring security without compromising usability,Requires approval from 2 stakeholder groups; Must work with existing aging infrastructure; Budget limited to 80% of typical solutions,Developed phased rollout strategy | Tested assumption riskiest first | Captured and shared learnings across teams | Adapted solution to changing conditions,Found that combining two unrelated approaches created synergistic effects,"biological immune systems, city infrastructure, neural networks",Reduced errors by 78% while improving innovation,5,System Architect,2017,beginner,industry_validated
CPS-00691,sustainability,resilience,Encouraging sustainable consumer behavior,Requires approval from 5 stakeholder groups; Must achieve 50% improvement over current state; Must be implemented within 12 months,Addressed concerns through transparent communication | Established continuous feedback mechanisms | Established success metrics and monitoring plan | Built low-fidelity prototype focusing on user experience,Discovered that the real problem was different from the stated problem,"sharing economies, cradle-to-cradle design, nutrient cycles",Generated 3x ROI within first year of implementation,10,Environmental Scientist,2010,advanced,industry_validated
CPS-00692,sustainability,efficiency,Encouraging sustainable consumer behavior,Requires approval from 4 stakeholder groups; Must comply with evolving regulations,Refined solution to work within all constraints | Addressed concerns through transparent communication | Conducted comparative analysis of 5 similar cases | Established continuous feedback mechanisms,Recognized that a limitation could become a feature if viewed differently,repair cultures,Solution adopted by 40 organizations across 7 countries,8,Policy Analyst,2016,beginner,peer_reviewed
CPS-00693,urban_planning,optimization,Managing waste in high-density populations,Must comply with strict regulations; Must be implemented within 3 months; Must comply with evolving regulations; Must work with existing legacy infrastructure,Mapped all stakeholder needs and pain points | Tested assumption riskiest first | Created feedback loops for continuous input,Realized that modular design solved a similar problem by leveraging distributed intelligence,circulatory systems,Reduced time by 81% while improving quality,9,Community Planner,2013,advanced,industry_validated
CPS-00694,business_innovation,resource_constraint,Competing with free alternatives,Must achieve 100% improvement over current state; Limited to 3 team members; Requires approval from 3 stakeholder groups,Quantified baseline metrics for success measurement | Created training and support materials | Addressed concerns through transparent communication | Tested assumption riskiest first | Measured both quantitative metrics and qualitative feedback,Found that combining two unrelated approaches created synergistic effects,"evolutionary adaptation, open source communities, ecosystem niches",Achieved 107% improvement in primary metric while reducing costs by 27%,7,Innovation Consultant,2016,intermediate,industry_validated
CPS-00695,healthcare,integration,Improving patient compliance with treatment plans,Limited to 5 team members; Requires approval from 3 stakeholder groups; Must work with existing aging infrastructure,Created feedback loops for continuous input | Captured and shared learnings across teams | Measured both quantitative metrics and qualitative feedback,Discovered that the real problem was different from the stated problem,"quality control systems, logistics optimization, educational scaffolding",Generated 5x ROI within first year of implementation,10,Healthcare Administrator,2022,advanced,case_study
CPS-00696,arts_creativity,behavior_change,Overcoming creative blocks systematically,Limited to 5 team members; Requires approval from 4 stakeholder groups; Must achieve 30% improvement over current state; Budget limited to 70% of typical solutions,Incorporated constraints as design features rather than limitations | Developed phased rollout strategy | Measured both quantitative metrics and qualitative feedback | Adapted solution to changing conditions,Found that combining two unrelated approaches created synergistic effects,architectural constraints,Became industry standard practice within 7 years,6,Music Composer,2022,advanced,peer_reviewed
CPS-00697,biomimicry,scalability,Designing self-cleaning surfaces,Must be implemented within 18 months; Limited to 5 team members,Ran 5 rapid test cycles with real users | Maintained quality while increasing volume | Mapped all stakeholder needs and pain points | Incorporated constraints as design features rather than limitations,Understood that timing and sequence mattered more than individual components,gecko feet,Solution adopted by 16 organizations across 13 countries,8,Ecological Engineer,2019,beginner,industry_validated
CPS-00698,software_architecture,behavior_change,Maintaining legacy systems while innovating,Must be implemented within 3 months; Limited to 2 team members; Must be implemented within 12 months; Budget limited to 50% of typical solutions,Addressed concerns through transparent communication | Established continuous feedback mechanisms | Created training and support materials | Conducted comparative analysis of 10 similar cases,Found that combining two unrelated approaches created synergistic effects,"city infrastructure, biological immune systems, neural networks",Achieved 31% improvement in primary metric while reducing costs by 50%,5,Security Specialist,2022,intermediate,peer_reviewed
CPS-00699,urban_planning,efficiency,Managing waste in high-density populations,Must achieve 50% improvement over current state; Must comply with multiple regulations; Must achieve 20% improvement over current state; Requires approval from 5 stakeholder groups,Regularly reviewed performance against metrics | Built coalition of early adopters and champions | Quantified baseline metrics for success measurement,Discovered that the real problem was different from the stated problem,"circulatory systems, modular design",Became industry standard practice within 8 years,7,Urban Designer,2016,expert,peer_reviewed
CPS-00700,biomimicry,accessibility,Creating energy-efficient cooling systems,Must achieve 20% improvement over current state; Cannot use established technology/approach; Must comply with strict regulations; Budget limited to 50% of typical solutions,Maintained quality while increasing volume | Established continuous feedback mechanisms | Measured both quantitative metrics and qualitative feedback | Created training and support materials,"Learned that user behavior, not technology, was the key bottleneck","gecko feet, Namib desert beetle",Reduced errors by 43% while improving innovation,7,Biologist,2012,beginner,peer_reviewed
CPS-00701,biomimicry,scalability,Creating energy-efficient cooling systems,Limited to 7 team members; Requires approval from 5 stakeholder groups,Established success metrics and monitoring plan | Incorporated constraints as design features rather than limitations | Started with controlled pilot in optimal conditions | Mapped all stakeholder needs and pain points | Regularly reviewed performance against metrics,Realized that termite mounds solved a similar problem by reframing the constraint,"honeycomb structures, gecko feet",Became industry standard practice within 2 years,6,Materials Scientist,2024,expert,case_study
CPS-00702,software_architecture,sustainability,Scaling systems under unpredictable load,Requires approval from 5 stakeholder groups; Budget limited to 50% of typical solutions,Tested assumption riskiest first | Started with controlled pilot in optimal conditions | Developed phased rollout strategy,Recognized that a limitation could become a feature if viewed differently,"biological immune systems, library organization",Achieved 184% improvement in primary metric while reducing costs by 16%,10,DevOps Engineer,2021,advanced,case_study
CPS-00703,arts_creativity,efficiency,Making art accessible to diverse audiences,Must work with existing legacy infrastructure; Must achieve 30% improvement over current state,Incorporated constraints as design features rather than limitations | Maintained quality while increasing volume | Measured both quantitative metrics and qualitative feedback | Quantified baseline metrics for success measurement,Understood that timing and sequence mattered more than individual components,"architectural constraints, collage techniques",Generated 8x ROI within first year of implementation,5,Creative Director,2020,intermediate,experimental
CPS-00704,biomimicry,adaptation,Creating energy-efficient cooling systems,Limited to 8 team members; Must be implemented within 3 months; Limited to 6 team members; Budget limited to 50% of typical solutions,Established success metrics and monitoring plan | Created feedback loops for continuous input | Refined solution to work within all constraints,Discovered that the real problem was different from the stated problem,"lotus leaves, gecko feet, honeycomb structures",Reduced waste by 45% while improving efficiency,8,Biologist,2021,expert,peer_reviewed
CPS-00705,urban_planning,resilience,Reducing traffic congestion without expanding roads,Limited to 7 team members; Limited to 4 team members; Limited to 2 team members,Measured both quantitative metrics and qualitative feedback | Built coalition of early adopters and champions | Documented learnings and iteration rationale | Created training and support materials,Recognized that a limitation could become a feature if viewed differently,"circulatory systems, modular design",Reduced costs by 74% while improving quality,6,Community Planner,2011,expert,experimental
CPS-00706,education,sustainability,Preparing students for jobs that don't exist yet,Must achieve 100% improvement over current state; Must work with existing aging infrastructure; Must comply with evolving regulations,Built contingency plans for common failure modes | Facilitated co-design workshops with end users | Documented learnings and iteration rationale,Understood that timing and sequence mattered more than individual components,apprenticeship models,Solution adopted by 12 organizations across 11 countries,10,Curriculum Designer,2013,beginner,peer_reviewed
CPS-00707,business_innovation,behavior_change,Competing with free alternatives,Must comply with international regulations; Cannot use established technology/approach,Facilitated co-design workshops with end users | Documented transferable principles for future use | Built low-fidelity prototype focusing on technical feasibility | Created training and support materials,Recognized that a limitation could become a feature if viewed differently,tournament structures,Reduced errors by 81% while improving innovation,8,Innovation Consultant,2024,beginner,peer_reviewed
CPS-00708,education,integration,Supporting students with varying background knowledge,Budget limited to 70% of typical solutions; Must comply with international regulations; Must achieve 100% improvement over current state; Must be implemented within 12 months,Built coalition of early adopters and champions | Conducted comparative analysis of 10 similar cases | Established continuous feedback mechanisms | Built low-fidelity prototype focusing on user experience,Realized that studio critiques solved a similar problem by leveraging distributed intelligence,"apprenticeship models, sports coaching, studio critiques",Reduced costs by 52% while improving satisfaction,5,Educational Psychologist,2018,expert,experimental
CPS-00709,biomimicry,efficiency,Water collection in arid environments,Must comply with strict regulations; Limited to 6 team members; Requires approval from 3 stakeholder groups,Captured and shared learnings across teams | Tested assumption riskiest first | Established continuous feedback mechanisms | Quantified baseline metrics for success measurement | Measured both quantitative metrics and qualitative feedback,Found that combining two unrelated approaches created synergistic effects,"gecko feet, termite mounds",Achieved 165% improvement in primary metric while reducing costs by 29%,6,Materials Scientist,2017,advanced,experimental
CPS-00710,biomimicry,accessibility,Designing self-cleaning surfaces,Cannot use established technology/approach; Cannot use proprietary technology/approach; Must comply with evolving regulations,"Pivoted approach based on evidence, not assumptions | Built coalition of early adopters and champions | Conducted comparative analysis of 7 similar cases | Maintained quality while increasing volume",Recognized that a limitation could become a feature if viewed differently,Namib desert beetle,Reduced errors by 43% while improving satisfaction,9,Biologist,2010,expert,industry_validated
CPS-00711,urban_planning,behavior_change,Managing waste in high-density populations,Cannot use conventional technology/approach; Requires approval from 2 stakeholder groups; Cannot use conventional technology/approach,Created feedback loops for continuous input | Documented learnings and iteration rationale | Mapped all stakeholder needs and pain points,Discovered that the real problem was different from the stated problem,"forest ecosystems, modular design, layered networks",Reduced costs by 67% while improving efficiency,5,Traffic Engineer,2020,beginner,industry_validated
CPS-00712,business_innovation,system_design,Competing with free alternatives,Budget limited to 70% of typical solutions; Cannot use proprietary technology/approach; Cannot use expensive technology/approach; Must be implemented within 18 months,Maintained quality while increasing volume | Adapted solution to changing conditions | Mapped all stakeholder needs and pain points,Understood that timing and sequence mattered more than individual components,tournament structures,Achieved 60% improvement in primary metric while reducing costs by 28%,5,Innovation Consultant,2014,beginner,peer_reviewed
CPS-00713,biomimicry,efficiency,Water collection in arid environments,Requires approval from 4 stakeholder groups; Limited to 6 team members; Limited to 5 team members; Must comply with evolving regulations,Quantified baseline metrics for success measurement | Captured and shared learnings across teams | Developed phased rollout strategy | Facilitated co-design workshops with end users | Measured both quantitative metrics and qualitative feedback,Discovered that the real problem was different from the stated problem,lotus leaves,Achieved 121% improvement in primary metric while reducing costs by 35%,10,Biologist,2012,advanced,experimental
CPS-00714,software_architecture,sustainability,Managing distributed team collaboration,Must work with existing limited infrastructure; Budget limited to 60% of typical solutions,Created feedback loops for continuous input | Tested assumption riskiest first | Documented transferable principles for future use | Built contingency plans for common failure modes,"Learned that user behavior, not technology, was the key bottleneck","assembly lines, city infrastructure",Achieved 49% improvement in primary metric while reducing costs by 12%,6,System Architect,2021,beginner,industry_validated
CPS-00715,urban_planning,collaboration,Reducing traffic congestion without expanding roads,Must achieve 30% improvement over current state; Requires approval from 5 stakeholder groups; Cannot use proprietary technology/approach; Requires approval from 3 stakeholder groups,Tested assumption riskiest first | Regularly reviewed performance against metrics | Identified key patterns from layered networks in nature/other fields | Measured both quantitative metrics and qualitative feedback,Recognized that a limitation could become a feature if viewed differently,"forest ecosystems, layered networks, modular design",Became industry standard practice within 9 years,8,Community Planner,2013,beginner,industry_validated
CPS-00716,healthcare,resource_constraint,Improving patient compliance with treatment plans,Limited to 7 team members; Cannot use conventional technology/approach; Must work with existing aging infrastructure; Must work with existing aging infrastructure,"Pivoted approach based on evidence, not assumptions | Maintained quality while increasing volume | Quantified baseline metrics for success measurement | Documented learnings and iteration rationale | Developed phased rollout strategy",Realized that educational scaffolding solved a similar problem by using emergent properties,"logistics optimization, educational scaffolding, community networks",Solution adopted by 15 organizations across 4 countries,10,Medical Doctor,2021,advanced,case_study
CPS-00717,sustainability,resource_constraint,Encouraging sustainable consumer behavior,Limited to 3 team members; Must comply with strict regulations; Must be implemented within 3 months; Limited to 5 team members,Built low-fidelity prototype focusing on user experience | Quantified baseline metrics for success measurement | Built coalition of early adopters and champions | Refined solution to work within all constraints,"Learned that user behavior, not technology, was the key bottleneck",nutrient cycles,Reduced waste by 68% while improving quality,9,Policy Analyst,2021,intermediate,industry_validated
CPS-00718,education,collaboration,Supporting students with varying background knowledge,Must comply with multiple regulations; Must be implemented within 3 months; Cannot use established technology/approach; Must comply with international regulations,Regularly reviewed performance against metrics | Refined solution to work within all constraints | Addressed concerns through transparent communication,Saw that solutions from 4 different domains could be integrated,game design,Achieved 90% improvement in primary metric while reducing costs by 44%,10,Curriculum Designer,2024,beginner,peer_reviewed
CPS-00719,urban_planning,system_design,Balancing development with historical preservation,Must be implemented within 9 months; Budget limited to 50% of typical solutions; Must achieve 20% improvement over current state,Built contingency plans for common failure modes | Tested assumption riskiest first | Refined solution to work within all constraints,Discovered that the real problem was different from the stated problem,swarm behavior,Solution adopted by 47 organizations across 9 countries,5,Urban Designer,2016,advanced,case_study
CPS-00720,biomimicry,scalability,Designing self-cleaning surfaces,Budget limited to 50% of typical solutions; Budget limited to 70% of typical solutions; Must be implemented within 6 months,Built coalition of early adopters and champions | Tested assumption riskiest first | Captured and shared learnings across teams,"Learned that user behavior, not technology, was the key bottleneck",honeycomb structures,Generated 10x ROI within first year of implementation,8,Materials Scientist,2021,expert,industry_validated
CPS-00721,urban_planning,efficiency,Creating green spaces in dense urban areas,Must achieve 20% improvement over current state; Cannot use expensive technology/approach; Must be implemented within 18 months,Facilitated co-design workshops with end users | Established success metrics and monitoring plan | Refined solution to work within all constraints | Documented transferable principles for future use | Conducted comparative analysis of 8 similar cases,Recognized that a limitation could become a feature if viewed differently,"circulatory systems, forest ecosystems",Reduced costs by 79% while improving satisfaction,5,Community Planner,2020,advanced,peer_reviewed
CPS-00722,arts_creativity,optimization,Collaborating across different artistic mediums,Requires approval from 4 stakeholder groups; Must work with existing limited infrastructure; Cannot use established technology/approach,Maintained quality while increasing volume | Developed phased rollout strategy | Documented learnings and iteration rationale,Realized that narrative structures solved a similar problem by reframing the constraint,"narrative structures, scientific experimentation, architectural constraints",Generated 7x ROI within first year of implementation,9,Creative Director,2019,expert,experimental
CPS-00723,business_innovation,efficiency,Competing with free alternatives,Cannot use expensive technology/approach; Must be implemented within 3 months; Budget limited to 80% of typical solutions; Cannot use conventional technology/approach,Quantified baseline metrics for success measurement | Built contingency plans for common failure modes | Built low-fidelity prototype focusing on user experience | Refined solution to work within all constraints,Found that combining two unrelated approaches created synergistic effects,"ecosystem niches, open source communities",Generated 2x ROI within first year of implementation,5,Product Manager,2022,beginner,case_study
CPS-00724,business_innovation,optimization,Building platforms that create network effects,Must work with existing limited infrastructure; Must comply with international regulations,Gradually expanded to more challenging contexts | Documented learnings and iteration rationale | Established continuous feedback mechanisms,Saw that solutions from 2 different domains could be integrated,tournament structures,Became industry standard practice within 10 years,8,Product Manager,2014,beginner,case_study
CPS-00725,healthcare,resource_constraint,Improving patient compliance with treatment plans,Limited to 8 team members; Requires approval from 3 stakeholder groups; Cannot use expensive technology/approach; Must be implemented within 9 months,Maintained quality while increasing volume | Ran 3 rapid test cycles with real users | Incorporated constraints as design features rather than limitations | Quantified baseline metrics for success measurement,Found that combining two unrelated approaches created synergistic effects,community networks,Became industry standard practice within 4 years,5,Healthcare Administrator,2011,beginner,case_study
CPS-00726,software_architecture,accessibility,Scaling systems under unpredictable load,Must achieve 20% improvement over current state; Must work with existing minimal infrastructure,Established success metrics and monitoring plan | Created feedback loops for continuous input | Identified key patterns from city infrastructure in nature/other fields | Adapted solution to changing conditions | Started with controlled pilot in optimal conditions,Saw that solutions from 4 different domains could be integrated,"neural networks, library organization, city infrastructure",Generated 6x ROI within first year of implementation,7,Security Specialist,2012,expert,peer_reviewed
CPS-00727,sustainability,efficiency,Reducing plastic waste in supply chains,Requires approval from 4 stakeholder groups; Budget limited to 60% of typical solutions,Addressed concerns through transparent communication | Adapted solution to changing conditions | Built low-fidelity prototype focusing on technical feasibility,Found that combining two unrelated approaches created synergistic effects,sharing economies,Solution adopted by 10 organizations across 11 countries,7,Environmental Scientist,2014,expert,experimental
CPS-00728,business_innovation,scalability,Building platforms that create network effects,Requires approval from 5 stakeholder groups; Requires approval from 3 stakeholder groups; Budget limited to 70% of typical solutions,"Tested assumption riskiest first | Identified key patterns from platform ecosystems in nature/other fields | Gradually expanded to more challenging contexts | Pivoted approach based on evidence, not assumptions",Saw that solutions from 4 different domains could be integrated,"evolutionary adaptation, tournament structures",Became industry standard practice within 6 years,7,Market Researcher,2013,expert,case_study
CPS-00729,urban_planning,optimization,Managing waste in high-density populations,Must work with existing limited infrastructure; Requires approval from 5 stakeholder groups; Budget limited to 80% of typical solutions; Cannot use established technology/approach,Documented learnings and iteration rationale | Started with controlled pilot in optimal conditions | Mapped all stakeholder needs and pain points,Understood that timing and sequence mattered more than individual components,"swarm behavior, forest ecosystems",Reduced errors by 45% while improving innovation,7,Community Planner,2016,advanced,industry_validated
CPS-00730,education,collaboration,Preparing students for jobs that don't exist yet,Must comply with evolving regulations; Must achieve 20% improvement over current state; Cannot use established technology/approach; Must work with existing legacy infrastructure,Gradually expanded to more challenging contexts | Tested assumption riskiest first | Built coalition of early adopters and champions | Refined solution to work within all constraints,Found that combining two unrelated approaches created synergistic effects,studio critiques,Solution adopted by 47 organizations across 7 countries,9,Curriculum Designer,2011,beginner,industry_validated
CPS-00731,biomimicry,collaboration,Creating energy-efficient cooling systems,Cannot use conventional technology/approach; Must achieve 50% improvement over current state,Captured and shared learnings across teams | Tested assumption riskiest first | Built contingency plans for common failure modes | Regularly reviewed performance against metrics | Identified key patterns from honeycomb structures in nature/other fields,Realized that gecko feet solved a similar problem by reframing the constraint,termite mounds,Reduced costs by 52% while improving efficiency,8,Ecological Engineer,2020,expert,industry_validated
CPS-00732,healthcare,resource_constraint,Managing chronic diseases with limited resources,Must comply with international regulations; Must work with existing legacy infrastructure; Budget limited to 70% of typical solutions,Quantified baseline metrics for success measurement | Established success metrics and monitoring plan | Gradually expanded to more challenging contexts,Realized that community networks solved a similar problem by reframing the constraint,educational scaffolding,Generated 10x ROI within first year of implementation,10,Public Health Specialist,2019,beginner,peer_reviewed
CPS-00733,arts_creativity,collaboration,Making art accessible to diverse audiences,Budget limited to 50% of typical solutions; Must achieve 30% improvement over current state,Mapped all stakeholder needs and pain points | Established success metrics and monitoring plan | Measured both quantitative metrics and qualitative feedback,Saw that solutions from 2 different domains could be integrated,"scientific experimentation, architectural constraints, collage techniques",Reduced time by 52% while improving quality,9,Creative Director,2010,expert,case_study
CPS-00734,education,sustainability,Engaging students with diverse learning styles,Budget limited to 60% of typical solutions; Requires approval from 2 stakeholder groups; Must work with existing legacy infrastructure,Refined solution to work within all constraints | Established success metrics and monitoring plan | Started with controlled pilot in optimal conditions,Found that combining two unrelated approaches created synergistic effects,"sports coaching, apprenticeship models, game design",Became industry standard practice within 8 years,5,Technology Integration Specialist,2024,beginner,industry_validated
CPS-00735,software_architecture,scalability,Scaling systems under unpredictable load,Requires approval from 4 stakeholder groups; Budget limited to 70% of typical solutions,Built coalition of early adopters and champions | Quantified baseline metrics for success measurement | Refined solution to work within all constraints | Established success metrics and monitoring plan,Found that combining two unrelated approaches created synergistic effects,"biological immune systems, neural networks, assembly lines",Reduced costs by 45% while improving innovation,6,Security Specialist,2019,expert,industry_validated
CPS-00736,healthcare,sustainability,Managing chronic diseases with limited resources,Must be implemented within 6 months; Requires approval from 3 stakeholder groups,"Pivoted approach based on evidence, not assumptions | Maintained quality while increasing volume | Documented learnings and iteration rationale",Recognized that a limitation could become a feature if viewed differently,"preventive maintenance, community networks",Solution adopted by 42 organizations across 4 countries,8,Medical Doctor,2015,expert,case_study
CPS-00737,software_architecture,accessibility,Ensuring security without compromising usability,Cannot use conventional technology/approach; Cannot use expensive technology/approach; Budget limited to 50% of typical solutions,Adapted solution to changing conditions | Built low-fidelity prototype focusing on user experience | Ran 8 rapid test cycles with real users | Captured and shared learnings across teams | Created training and support materials,Realized that city infrastructure solved a similar problem by using emergent properties,assembly lines,Reduced errors by 86% while improving efficiency,10,Security Specialist,2023,expert,experimental
CPS-00738,biomimicry,optimization,Optimizing structural strength with minimal material,Budget limited to 50% of typical solutions; Must achieve 50% improvement over current state; Limited to 2 team members,Established continuous feedback mechanisms | Built coalition of early adopters and champions | Captured and shared learnings across teams | Refined solution to work within all constraints,Recognized that a limitation could become a feature if viewed differently,"honeycomb structures, gecko feet, lotus leaves",Became industry standard practice within 10 years,9,Ecological Engineer,2017,advanced,case_study
CPS-00739,education,sustainability,Assessing critical thinking skills objectively,Must comply with multiple regulations; Must be implemented within 9 months; Must be implemented within 18 months; Must achieve 30% improvement over current state,Built coalition of early adopters and champions | Started with controlled pilot in optimal conditions | Documented learnings and iteration rationale | Established continuous feedback mechanisms,Found that combining two unrelated approaches created synergistic effects,"sports coaching, exploration expeditions",Generated 3x ROI within first year of implementation,5,Educational Psychologist,2015,expert,peer_reviewed
CPS-00740,urban_planning,accessibility,Reducing traffic congestion without expanding roads,Requires approval from 4 stakeholder groups; Must achieve 100% improvement over current state; Must achieve 100% improvement over current state; Limited to 4 team members,"Maintained quality while increasing volume | Pivoted approach based on evidence, not assumptions | Adapted solution to changing conditions | Built contingency plans for common failure modes",Understood that timing and sequence mattered more than individual components,"layered networks, modular design, swarm behavior",Became industry standard practice within 9 years,6,Urban Designer,2010,expert,case_study
CPS-00741,sustainability,accessibility,Reducing plastic waste in supply chains,Cannot use established technology/approach; Must work with existing minimal infrastructure; Requires approval from 2 stakeholder groups; Budget limited to 80% of typical solutions,Built coalition of early adopters and champions | Tested assumption riskiest first | Measured both quantitative metrics and qualitative feedback | Developed phased rollout strategy,Realized that repair cultures solved a similar problem by leveraging distributed intelligence,"repair cultures, cradle-to-cradle design",Became industry standard practice within 10 years,7,Environmental Scientist,2019,expert,case_study
CPS-00742,sustainability,scalability,Reducing plastic waste in supply chains,Limited to 6 team members; Must achieve 50% improvement over current state,Measured both quantitative metrics and qualitative feedback | Started with controlled pilot in optimal conditions | Built contingency plans for common failure modes | Built coalition of early adopters and champions,"Learned that user behavior, not technology, was the key bottleneck","cradle-to-cradle design, sharing economies, repair cultures",Achieved 94% improvement in primary metric while reducing costs by 14%,10,Environmental Scientist,2019,beginner,experimental
CPS-00743,software_architecture,accessibility,Ensuring security without compromising usability,Requires approval from 5 stakeholder groups; Limited to 7 team members; Cannot use expensive technology/approach; Limited to 8 team members,"Built contingency plans for common failure modes | Built low-fidelity prototype focusing on user experience | Created feedback loops for continuous input | Pivoted approach based on evidence, not assumptions | Captured and shared learnings across teams",Realized that biological immune systems solved a similar problem by reframing the constraint,"biological immune systems, neural networks",Generated 4x ROI within first year of implementation,10,System Architect,2012,beginner,case_study
CPS-00744,arts_creativity,accessibility,Balancing artistic vision with commercial viability,Must work with existing limited infrastructure; Must work with existing aging infrastructure; Budget limited to 60% of typical solutions,Facilitated co-design workshops with end users | Captured and shared learnings across teams | Adapted solution to changing conditions | Measured both quantitative metrics and qualitative feedback,Discovered that the real problem was different from the stated problem,"improvisational jazz, architectural constraints",Reduced time by 72% while improving quality,10,Creative Director,2019,expert,case_study
CPS-00745,software_architecture,scalability,Ensuring security without compromising usability,Requires approval from 3 stakeholder groups; Must be implemented within 3 months,Mapped all stakeholder needs and pain points | Measured both quantitative metrics and qualitative feedback | Maintained quality while increasing volume | Regularly reviewed performance against metrics | Incorporated constraints as design features rather than limitations,Realized that library organization solved a similar problem by leveraging distributed intelligence,"assembly lines, biological immune systems",Reduced time by 77% while improving satisfaction,10,System Architect,2019,advanced,peer_reviewed
CPS-00746,business_innovation,system_design,Identifying unmet customer needs,Must comply with strict regulations; Must be implemented within 6 months,Adapted solution to changing conditions | Created feedback loops for continuous input | Started with controlled pilot in optimal conditions | Identified key patterns from tournament structures in nature/other fields,Understood that timing and sequence mattered more than individual components,ecosystem niches,Became industry standard practice within 7 years,6,Product Manager,2022,beginner,experimental
CPS-00747,software_architecture,optimization,Maintaining legacy systems while innovating,Limited to 8 team members; Must comply with strict regulations; Budget limited to 50% of typical solutions; Requires approval from 4 stakeholder groups,Measured both quantitative metrics and qualitative feedback | Built low-fidelity prototype focusing on user experience | Facilitated co-design workshops with end users,"Learned that user behavior, not technology, was the key bottleneck",city infrastructure,Reduced time by 69% while improving quality,8,Security Specialist,2015,expert,case_study
CPS-00748,biomimicry,behavior_change,Water collection in arid environments,Must comply with multiple regulations; Budget limited to 50% of typical solutions,Created training and support materials | Quantified baseline metrics for success measurement | Maintained quality while increasing volume,Recognized that a limitation could become a feature if viewed differently,Namib desert beetle,Solution adopted by 34 organizations across 12 countries,6,Biologist,2021,advanced,experimental
CPS-00749,sustainability,efficiency,Measuring true environmental costs of products,Must be implemented within 9 months; Requires approval from 5 stakeholder groups; Must work with existing aging infrastructure,"Pivoted approach based on evidence, not assumptions | Documented learnings and iteration rationale | Documented transferable principles for future use",Realized that sharing economies solved a similar problem by reframing the constraint,"nutrient cycles, cradle-to-cradle design, sharing economies",Achieved 110% improvement in primary metric while reducing costs by 19%,5,Policy Analyst,2012,intermediate,peer_reviewed
CPS-00750,sustainability,collaboration,Reducing plastic waste in supply chains,Must comply with evolving regulations; Must achieve 50% improvement over current state; Must work with existing minimal infrastructure,Built coalition of early adopters and champions | Regularly reviewed performance against metrics | Ran 7 rapid test cycles with real users | Created training and support materials | Maintained quality while increasing volume,"Learned that user behavior, not technology, was the key bottleneck",cradle-to-cradle design,Reduced waste by 85% while improving efficiency,8,Environmental Scientist,2018,advanced,case_study
CPS-00751,business_innovation,adaptation,Building platforms that create network effects,Must comply with multiple regulations; Budget limited to 80% of typical solutions; Must work with existing aging infrastructure; Must achieve 100% improvement over current state,Maintained quality while increasing volume | Established success metrics and monitoring plan | Conducted comparative analysis of 13 similar cases | Regularly reviewed performance against metrics,Discovered that the real problem was different from the stated problem,"platform ecosystems, evolutionary adaptation, tournament structures",Solution adopted by 42 organizations across 4 countries,8,Innovation Consultant,2019,intermediate,peer_reviewed
CPS-00752,software_architecture,sustainability,Ensuring security without compromising usability,Cannot use established technology/approach; Must work with existing aging infrastructure; Limited to 6 team members; Cannot use established technology/approach,Gradually expanded to more challenging contexts | Documented transferable principles for future use | Incorporated constraints as design features rather than limitations,Understood that timing and sequence mattered more than individual components,assembly lines,Became industry standard practice within 10 years,7,Security Specialist,2024,advanced,case_study
CPS-00753,healthcare,integration,Bridging healthcare access gaps in rural areas,Limited to 6 team members; Must comply with international regulations,Built coalition of early adopters and champions | Gradually expanded to more challenging contexts | Tested assumption riskiest first,Understood that timing and sequence mattered more than individual components,quality control systems,Solution adopted by 36 organizations across 9 countries,5,Medical Doctor,2016,intermediate,case_study
CPS-00754,sustainability,optimization,Converting waste streams into valuable resources,Cannot use expensive technology/approach; Must be implemented within 9 months,Built coalition of early adopters and champions | Identified key patterns from natural ecosystems in nature/other fields | Regularly reviewed performance against metrics,Understood that timing and sequence mattered more than individual components,"sharing economies, nutrient cycles",Generated 2x ROI within first year of implementation,10,Circular Economy Designer,2016,beginner,case_study
CPS-00755,biomimicry,adaptation,Designing self-cleaning surfaces,Must be implemented within 12 months; Limited to 8 team members; Must comply with multiple regulations; Cannot use proprietary technology/approach,Developed phased rollout strategy | Addressed concerns through transparent communication | Documented learnings and iteration rationale | Captured and shared learnings across teams,Discovered that the real problem was different from the stated problem,"termite mounds, lotus leaves, Namib desert beetle",Solution adopted by 44 organizations across 5 countries,6,Biologist,2011,expert,case_study
CPS-00756,biomimicry,resilience,Developing adhesive materials without chemicals,Must work with existing limited infrastructure; Requires approval from 2 stakeholder groups; Must work with existing limited infrastructure; Must comply with multiple regulations,Measured both quantitative metrics and qualitative feedback | Adapted solution to changing conditions | Built coalition of early adopters and champions | Built low-fidelity prototype focusing on user experience | Conducted comparative analysis of 6 similar cases,Saw that solutions from 2 different domains could be integrated,"Namib desert beetle, honeycomb structures, gecko feet",Became industry standard practice within 7 years,6,Materials Scientist,2017,intermediate,case_study
CPS-00757,software_architecture,optimization,Maintaining legacy systems while innovating,Requires approval from 2 stakeholder groups; Must achieve 50% improvement over current state; Must work with existing legacy infrastructure; Requires approval from 2 stakeholder groups,Established continuous feedback mechanisms | Addressed concerns through transparent communication | Mapped all stakeholder needs and pain points | Tested assumption riskiest first,Recognized that a limitation could become a feature if viewed differently,"neural networks, assembly lines",Became industry standard practice within 5 years,5,DevOps Engineer,2024,intermediate,industry_validated
CPS-00758,sustainability,resource_constraint,Reducing plastic waste in supply chains,Cannot use established technology/approach; Cannot use established technology/approach; Must achieve 30% improvement over current state,Addressed concerns through transparent communication | Created training and support materials | Documented transferable principles for future use | Conducted comparative analysis of 13 similar cases | Ran 5 rapid test cycles with real users,Realized that repair cultures solved a similar problem by reframing the constraint,"sharing economies, repair cultures, nutrient cycles",Reduced costs by 68% while improving innovation,9,Circular Economy Designer,2013,beginner,peer_reviewed
CPS-00759,education,sustainability,Engaging students with diverse learning styles,Budget limited to 70% of typical solutions; Requires approval from 2 stakeholder groups; Must work with existing legacy infrastructure; Budget limited to 50% of typical solutions,Documented transferable principles for future use | Incorporated constraints as design features rather than limitations | Started with controlled pilot in optimal conditions,Understood that timing and sequence mattered more than individual components,game design,Solution adopted by 24 organizations across 7 countries,6,Technology Integration Specialist,2013,beginner,industry_validated
CPS-00760,sustainability,scalability,Converting waste streams into valuable resources,Cannot use established technology/approach; Must achieve 30% improvement over current state; Must comply with multiple regulations,Created feedback loops for continuous input | Quantified baseline metrics for success measurement | Created training and support materials | Built low-fidelity prototype focusing on technical feasibility | Measured both quantitative metrics and qualitative feedback,"Learned that user behavior, not technology, was the key bottleneck","nutrient cycles, repair cultures",Became industry standard practice within 6 years,10,Circular Economy Designer,2022,advanced,peer_reviewed
CPS-00761,healthcare,resource_constraint,Bridging healthcare access gaps in rural areas,Limited to 7 team members; Must achieve 100% improvement over current state; Cannot use expensive technology/approach; Must achieve 30% improvement over current state,Established continuous feedback mechanisms | Built coalition of early adopters and champions | Gradually expanded to more challenging contexts | Tested assumption riskiest first,Saw that solutions from 3 different domains could be integrated,"quality control systems, community networks",Achieved 73% improvement in primary metric while reducing costs by 43%,7,Public Health Specialist,2014,advanced,industry_validated
CPS-00762,urban_planning,behavior_change,Improving public transportation adoption,Requires approval from 3 stakeholder groups; Must be implemented within 3 months; Must be implemented within 12 months,Incorporated constraints as design features rather than limitations | Established success metrics and monitoring plan | Established continuous feedback mechanisms | Started with controlled pilot in optimal conditions,Saw that solutions from 2 different domains could be integrated,"layered networks, forest ecosystems",Solution adopted by 23 organizations across 4 countries,7,Urban Designer,2020,expert,industry_validated
CPS-00763,urban_planning,behavior_change,Improving public transportation adoption,Budget limited to 80% of typical solutions; Must comply with strict regulations,Tested assumption riskiest first | Gradually expanded to more challenging contexts | Conducted comparative analysis of 9 similar cases | Addressed concerns through transparent communication,"Learned that user behavior, not technology, was the key bottleneck","layered networks, modular design",Achieved 73% improvement in primary metric while reducing costs by 29%,8,Traffic Engineer,2021,expert,case_study
CPS-00764,biomimicry,resilience,Optimizing structural strength with minimal material,Limited to 3 team members; Must achieve 50% improvement over current state; Must be implemented within 6 months; Must be implemented within 18 months,Established success metrics and monitoring plan | Started with controlled pilot in optimal conditions | Conducted comparative analysis of 6 similar cases | Ran 6 rapid test cycles with real users,Discovered that the real problem was different from the stated problem,"termite mounds, honeycomb structures",Achieved 160% improvement in primary metric while reducing costs by 24%,7,Ecological Engineer,2021,advanced,peer_reviewed
CPS-00765,sustainability,sustainability,Reducing plastic waste in supply chains,Limited to 8 team members; Limited to 6 team members; Must achieve 50% improvement over current state; Cannot use conventional technology/approach,Maintained quality while increasing volume | Identified key patterns from natural ecosystems in nature/other fields | Documented learnings and iteration rationale,Found that combining two unrelated approaches created synergistic effects,cradle-to-cradle design,Generated 9x ROI within first year of implementation,6,Circular Economy Designer,2021,intermediate,peer_reviewed
CPS-00766,biomimicry,integration,Developing adhesive materials without chemicals,Must achieve 100% improvement over current state; Must work with existing minimal infrastructure; Must achieve 100% improvement over current state,"Pivoted approach based on evidence, not assumptions | Built low-fidelity prototype focusing on core functionality | Identified key patterns from termite mounds in nature/other fields",Realized that honeycomb structures solved a similar problem by leveraging distributed intelligence,Namib desert beetle,Solution adopted by 45 organizations across 8 countries,7,Materials Scientist,2020,expert,experimental
CPS-00767,biomimicry,integration,Optimizing structural strength with minimal material,Cannot use conventional technology/approach; Budget limited to 50% of typical solutions,"Incorporated constraints as design features rather than limitations | Addressed concerns through transparent communication | Pivoted approach based on evidence, not assumptions | Maintained quality while increasing volume | Regularly reviewed performance against metrics",Understood that timing and sequence mattered more than individual components,"lotus leaves, honeycomb structures",Solution adopted by 25 organizations across 9 countries,7,Biologist,2012,intermediate,industry_validated
CPS-00768,education,sustainability,Supporting students with varying background knowledge,Budget limited to 50% of typical solutions; Must achieve 50% improvement over current state; Cannot use expensive technology/approach; Must achieve 30% improvement over current state,"Incorporated constraints as design features rather than limitations | Developed phased rollout strategy | Pivoted approach based on evidence, not assumptions | Established continuous feedback mechanisms | Conducted comparative analysis of 13 similar cases",Recognized that a limitation could become a feature if viewed differently,"studio critiques, sports coaching, apprenticeship models",Became industry standard practice within 5 years,6,Technology Integration Specialist,2014,expert,case_study
CPS-00769,education,collaboration,Assessing critical thinking skills objectively,Cannot use conventional technology/approach; Requires approval from 2 stakeholder groups; Must comply with multiple regulations,Refined solution to work within all constraints | Built coalition of early adopters and champions | Maintained quality while increasing volume,Discovered that the real problem was different from the stated problem,"exploration expeditions, game design, apprenticeship models",Solution adopted by 9 organizations across 9 countries,5,Technology Integration Specialist,2023,advanced,industry_validated
CPS-00770,education,efficiency,Engaging students with diverse learning styles,Requires approval from 3 stakeholder groups; Limited to 7 team members; Limited to 2 team members; Cannot use conventional technology/approach,"Created training and support materials | Built coalition of early adopters and champions | Quantified baseline metrics for success measurement | Gradually expanded to more challenging contexts | Pivoted approach based on evidence, not assumptions",Found that combining two unrelated approaches created synergistic effects,"game design, apprenticeship models, sports coaching",Achieved 159% improvement in primary metric while reducing costs by 17%,5,Curriculum Designer,2016,intermediate,industry_validated
CPS-00771,sustainability,behavior_change,Converting waste streams into valuable resources,Cannot use expensive technology/approach; Must work with existing limited infrastructure,Conducted comparative analysis of 15 similar cases | Addressed concerns through transparent communication | Built low-fidelity prototype focusing on core functionality | Established continuous feedback mechanisms | Maintained quality while increasing volume,Discovered that the real problem was different from the stated problem,sharing economies,Solution adopted by 20 organizations across 13 countries,5,Environmental Scientist,2019,advanced,case_study
CPS-00772,arts_creativity,integration,Making art accessible to diverse audiences,Cannot use proprietary technology/approach; Cannot use conventional technology/approach; Cannot use expensive technology/approach,"Regularly reviewed performance against metrics | Built low-fidelity prototype focusing on technical feasibility | Established success metrics and monitoring plan | Addressed concerns through transparent communication | Pivoted approach based on evidence, not assumptions",Found that combining two unrelated approaches created synergistic effects,"architectural constraints, narrative structures",Solution adopted by 20 organizations across 15 countries,7,Visual Artist,2024,expert,experimental
CPS-00773,sustainability,scalability,Encouraging sustainable consumer behavior,Budget limited to 50% of typical solutions; Must achieve 100% improvement over current state; Must comply with strict regulations,Gradually expanded to more challenging contexts | Incorporated constraints as design features rather than limitations | Ran 8 rapid test cycles with real users,Realized that repair cultures solved a similar problem by leveraging distributed intelligence,"sharing economies, natural ecosystems",Achieved 192% improvement in primary metric while reducing costs by 41%,6,Policy Analyst,2014,beginner,experimental
CPS-00774,software_architecture,accessibility,Scaling systems under unpredictable load,Must comply with international regulations; Must comply with multiple regulations; Must achieve 50% improvement over current state,Maintained quality while increasing volume | Created feedback loops for continuous input | Established success metrics and monitoring plan | Adapted solution to changing conditions,Recognized that a limitation could become a feature if viewed differently,assembly lines,Generated 5x ROI within first year of implementation,7,DevOps Engineer,2020,beginner,industry_validated
CPS-00775,sustainability,resource_constraint,Encouraging sustainable consumer behavior,Limited to 2 team members; Must be implemented within 6 months; Must work with existing aging infrastructure; Limited to 3 team members,Created feedback loops for continuous input | Tested assumption riskiest first | Captured and shared learnings across teams,Found that combining two unrelated approaches created synergistic effects,"sharing economies, cradle-to-cradle design, repair cultures",Solution adopted by 35 organizations across 11 countries,5,Circular Economy Designer,2012,expert,case_study
CPS-00776,education,accessibility,Assessing critical thinking skills objectively,Cannot use expensive technology/approach; Must comply with strict regulations; Limited to 4 team members; Cannot use expensive technology/approach,Conducted comparative analysis of 9 similar cases | Facilitated co-design workshops with end users | Refined solution to work within all constraints,"Learned that user behavior, not technology, was the key bottleneck",exploration expeditions,Solution adopted by 19 organizations across 14 countries,6,Curriculum Designer,2016,intermediate,industry_validated
CPS-00777,arts_creativity,behavior_change,Preserving cultural heritage while innovating,Must comply with international regulations; Must achieve 50% improvement over current state; Limited to 6 team members; Requires approval from 3 stakeholder groups,Created training and support materials | Tested assumption riskiest first | Quantified baseline metrics for success measurement | Adapted solution to changing conditions | Facilitated co-design workshops with end users,"Learned that user behavior, not technology, was the key bottleneck",improvisational jazz,Reduced errors by 48% while improving quality,7,Visual Artist,2024,beginner,case_study
CPS-00778,urban_planning,efficiency,Creating green spaces in dense urban areas,Must achieve 100% improvement over current state; Budget limited to 60% of typical solutions,Measured both quantitative metrics and qualitative feedback | Regularly reviewed performance against metrics | Maintained quality while increasing volume | Built contingency plans for common failure modes | Mapped all stakeholder needs and pain points,Found that combining two unrelated approaches created synergistic effects,swarm behavior,Became industry standard practice within 3 years,6,Community Planner,2017,advanced,experimental
CPS-00779,business_innovation,resilience,Identifying unmet customer needs,Must comply with strict regulations; Must work with existing legacy infrastructure; Must comply with international regulations; Must achieve 20% improvement over current state,"Adapted solution to changing conditions | Mapped all stakeholder needs and pain points | Built coalition of early adopters and champions | Pivoted approach based on evidence, not assumptions",Recognized that a limitation could become a feature if viewed differently,"platform ecosystems, evolutionary adaptation",Reduced errors by 62% while improving satisfaction,6,Product Manager,2021,expert,case_study
CPS-00780,sustainability,collaboration,Encouraging sustainable consumer behavior,Budget limited to 60% of typical solutions; Requires approval from 4 stakeholder groups; Requires approval from 3 stakeholder groups; Requires approval from 4 stakeholder groups,"Pivoted approach based on evidence, not assumptions | Established continuous feedback mechanisms | Maintained quality while increasing volume | Identified key patterns from sharing economies in nature/other fields","Learned that user behavior, not technology, was the key bottleneck","repair cultures, nutrient cycles, sharing economies",Achieved 33% improvement in primary metric while reducing costs by 17%,8,Circular Economy Designer,2011,advanced,peer_reviewed
CPS-00781,arts_creativity,collaboration,Overcoming creative blocks systematically,Must achieve 20% improvement over current state; Must achieve 30% improvement over current state; Budget limited to 60% of typical solutions; Budget limited to 60% of typical solutions,Captured and shared learnings across teams | Created feedback loops for continuous input | Built contingency plans for common failure modes | Identified key patterns from narrative structures in nature/other fields | Ran 6 rapid test cycles with real users,"Learned that user behavior, not technology, was the key bottleneck","improvisational jazz, narrative structures, collage techniques",Achieved 198% improvement in primary metric while reducing costs by 30%,7,Music Composer,2016,expert,peer_reviewed
CPS-00782,healthcare,accessibility,Improving patient compliance with treatment plans,Budget limited to 70% of typical solutions; Requires approval from 5 stakeholder groups; Must achieve 30% improvement over current state,"Gradually expanded to more challenging contexts | Quantified baseline metrics for success measurement | Documented learnings and iteration rationale | Pivoted approach based on evidence, not assumptions | Developed phased rollout strategy",Saw that solutions from 3 different domains could be integrated,"educational scaffolding, community networks",Became industry standard practice within 2 years,8,Public Health Specialist,2024,intermediate,industry_validated
CPS-00783,business_innovation,behavior_change,Fostering innovation in risk-averse organizations,Must work with existing legacy infrastructure; Requires approval from 2 stakeholder groups; Must work with existing legacy infrastructure,Developed phased rollout strategy | Tested assumption riskiest first | Regularly reviewed performance against metrics | Ran 3 rapid test cycles with real users | Facilitated co-design workshops with end users,"Learned that user behavior, not technology, was the key bottleneck","platform ecosystems, evolutionary adaptation, open source communities",Generated 5x ROI within first year of implementation,8,Innovation Consultant,2023,expert,case_study
CPS-00784,arts_creativity,collaboration,Collaborating across different artistic mediums,Must comply with strict regulations; Must work with existing aging infrastructure; Budget limited to 60% of typical solutions; Must achieve 30% improvement over current state,Refined solution to work within all constraints | Tested assumption riskiest first | Started with controlled pilot in optimal conditions | Built coalition of early adopters and champions | Mapped all stakeholder needs and pain points,Found that combining two unrelated approaches created synergistic effects,collage techniques,Generated 10x ROI within first year of implementation,8,Music Composer,2023,expert,experimental
CPS-00785,urban_planning,system_design,Balancing development with historical preservation,Cannot use conventional technology/approach; Must work with existing legacy infrastructure; Cannot use established technology/approach; Must comply with international regulations,Conducted comparative analysis of 8 similar cases | Documented learnings and iteration rationale | Established success metrics and monitoring plan | Created feedback loops for continuous input,Realized that swarm behavior solved a similar problem by using emergent properties,modular design,Became industry standard practice within 6 years,6,Traffic Engineer,2015,intermediate,industry_validated
CPS-00786,business_innovation,scalability,Fostering innovation in risk-averse organizations,Cannot use proprietary technology/approach; Cannot use established technology/approach; Budget limited to 50% of typical solutions; Must comply with strict regulations,Adapted solution to changing conditions | Mapped all stakeholder needs and pain points | Incorporated constraints as design features rather than limitations,Realized that open source communities solved a similar problem by leveraging distributed intelligence,"tournament structures, ecosystem niches, platform ecosystems",Solution adopted by 42 organizations across 5 countries,8,Innovation Consultant,2018,expert,case_study
CPS-00787,healthcare,collaboration,Optimizing emergency room wait times,Must comply with international regulations; Must work with existing limited infrastructure; Must work with existing limited infrastructure; Must work with existing aging infrastructure,Incorporated constraints as design features rather than limitations | Created feedback loops for continuous input | Regularly reviewed performance against metrics | Created training and support materials | Captured and shared learnings across teams,Recognized that a limitation could become a feature if viewed differently,"community networks, logistics optimization, quality control systems",Became industry standard practice within 9 years,8,Healthcare Administrator,2022,expert,peer_reviewed
CPS-00788,arts_creativity,resource_constraint,Making art accessible to diverse audiences,Must work with existing legacy infrastructure; Cannot use expensive technology/approach; Requires approval from 2 stakeholder groups; Cannot use expensive technology/approach,Established success metrics and monitoring plan | Maintained quality while increasing volume | Identified key patterns from narrative structures in nature/other fields,Discovered that the real problem was different from the stated problem,narrative structures,Reduced waste by 52% while improving satisfaction,6,Music Composer,2017,intermediate,industry_validated
CPS-00789,education,optimization,Preparing students for jobs that don't exist yet,Must achieve 100% improvement over current state; Must comply with international regulations; Must be implemented within 12 months,Developed phased rollout strategy | Captured and shared learnings across teams | Measured both quantitative metrics and qualitative feedback | Built coalition of early adopters and champions | Mapped all stakeholder needs and pain points,Understood that timing and sequence mattered more than individual components,"studio critiques, sports coaching, apprenticeship models",Reduced time by 55% while improving quality,7,Educational Psychologist,2010,beginner,experimental
CPS-00790,software_architecture,system_design,Managing distributed team collaboration,Budget limited to 60% of typical solutions; Must work with existing minimal infrastructure; Requires approval from 2 stakeholder groups; Requires approval from 5 stakeholder groups,"Created training and support materials | Conducted comparative analysis of 15 similar cases | Captured and shared learnings across teams | Pivoted approach based on evidence, not assumptions",Realized that library organization solved a similar problem by using emergent properties,"biological immune systems, library organization",Achieved 146% improvement in primary metric while reducing costs by 49%,9,DevOps Engineer,2018,expert,case_study
CPS-00791,biomimicry,collaboration,Optimizing structural strength with minimal material,Budget limited to 50% of typical solutions; Cannot use established technology/approach; Budget limited to 70% of typical solutions,"Created training and support materials | Quantified baseline metrics for success measurement | Started with controlled pilot in optimal conditions | Pivoted approach based on evidence, not assumptions",Saw that solutions from 3 different domains could be integrated,lotus leaves,Became industry standard practice within 4 years,7,Ecological Engineer,2014,beginner,experimental
CPS-00792,urban_planning,adaptation,Reducing traffic congestion without expanding roads,Must achieve 30% improvement over current state; Must comply with strict regulations,Created feedback loops for continuous input | Gradually expanded to more challenging contexts | Conducted comparative analysis of 8 similar cases,Saw that solutions from 3 different domains could be integrated,"swarm behavior, layered networks",Solution adopted by 41 organizations across 14 countries,5,Urban Designer,2018,beginner,industry_validated
CPS-00793,software_architecture,efficiency,Scaling systems under unpredictable load,Must comply with multiple regulations; Must be implemented within 12 months; Limited to 6 team members; Budget limited to 50% of typical solutions,Ran 5 rapid test cycles with real users | Established success metrics and monitoring plan | Adapted solution to changing conditions,Saw that solutions from 2 different domains could be integrated,"city infrastructure, library organization, biological immune systems",Reduced time by 75% while improving satisfaction,7,DevOps Engineer,2010,intermediate,experimental
CPS-00794,arts_creativity,scalability,Balancing artistic vision with commercial viability,Requires approval from 3 stakeholder groups; Must comply with strict regulations,Created feedback loops for continuous input | Conducted comparative analysis of 15 similar cases | Developed phased rollout strategy,"Learned that user behavior, not technology, was the key bottleneck",narrative structures,Solution adopted by 25 organizations across 3 countries,5,Visual Artist,2019,beginner,experimental
CPS-00795,education,scalability,Integrating technology meaningfully in classrooms,Must work with existing legacy infrastructure; Must be implemented within 12 months; Must be implemented within 12 months,Adapted solution to changing conditions | Captured and shared learnings across teams | Quantified baseline metrics for success measurement | Created training and support materials,"Learned that user behavior, not technology, was the key bottleneck",studio critiques,Solution adopted by 11 organizations across 4 countries,8,Technology Integration Specialist,2019,intermediate,peer_reviewed
CPS-00796,sustainability,efficiency,Converting waste streams into valuable resources,Requires approval from 2 stakeholder groups; Requires approval from 3 stakeholder groups; Must work with existing aging infrastructure; Must be implemented within 12 months,Built coalition of early adopters and champions | Ran 5 rapid test cycles with real users | Built contingency plans for common failure modes,Recognized that a limitation could become a feature if viewed differently,"nutrient cycles, repair cultures",Solution adopted by 9 organizations across 5 countries,9,Policy Analyst,2013,intermediate,case_study
CPS-00797,healthcare,integration,Bridging healthcare access gaps in rural areas,Must comply with multiple regulations; Limited to 2 team members,Maintained quality while increasing volume | Built contingency plans for common failure modes | Documented learnings and iteration rationale | Addressed concerns through transparent communication | Quantified baseline metrics for success measurement,Understood that timing and sequence mattered more than individual components,"logistics optimization, community networks",Solution adopted by 35 organizations across 9 countries,10,Public Health Specialist,2010,advanced,experimental
CPS-00798,healthcare,efficiency,Managing chronic diseases with limited resources,Must be implemented within 3 months; Budget limited to 70% of typical solutions; Must be implemented within 12 months; Must comply with international regulations,Captured and shared learnings across teams | Documented learnings and iteration rationale | Addressed concerns through transparent communication | Quantified baseline metrics for success measurement | Developed phased rollout strategy,Recognized that a limitation could become a feature if viewed differently,"community networks, educational scaffolding, preventive maintenance",Reduced waste by 75% while improving satisfaction,5,Medical Doctor,2023,expert,industry_validated
CPS-00799,software_architecture,resilience,Ensuring security without compromising usability,Must be implemented within 18 months; Limited to 2 team members; Requires approval from 2 stakeholder groups; Must comply with evolving regulations,Built coalition of early adopters and champions | Refined solution to work within all constraints | Documented transferable principles for future use | Conducted comparative analysis of 14 similar cases,Realized that library organization solved a similar problem by reframing the constraint,library organization,Achieved 39% improvement in primary metric while reducing costs by 38%,10,DevOps Engineer,2014,beginner,experimental
CPS-00800,business_innovation,resilience,Pivoting business models during market disruption,Cannot use expensive technology/approach; Must comply with evolving regulations; Cannot use established technology/approach,Gradually expanded to more challenging contexts | Documented learnings and iteration rationale | Adapted solution to changing conditions,Found that combining two unrelated approaches created synergistic effects,"open source communities, ecosystem niches, platform ecosystems",Generated 5x ROI within first year of implementation,10,Innovation Consultant,2017,beginner,industry_validated
CPS-00801,healthcare,optimization,Managing chronic diseases with limited resources,Must be implemented within 12 months; Requires approval from 3 stakeholder groups; Budget limited to 70% of typical solutions; Budget limited to 60% of typical solutions,Refined solution to work within all constraints | Quantified baseline metrics for success measurement | Captured and shared learnings across teams | Documented learnings and iteration rationale,Recognized that a limitation could become a feature if viewed differently,"quality control systems, community networks",Generated 5x ROI within first year of implementation,8,Medical Doctor,2024,intermediate,experimental
CPS-00802,biomimicry,collaboration,Creating energy-efficient cooling systems,Requires approval from 3 stakeholder groups; Must be implemented within 12 months; Must work with existing legacy infrastructure,Developed phased rollout strategy | Tested assumption riskiest first | Refined solution to work within all constraints | Started with controlled pilot in optimal conditions,"Learned that user behavior, not technology, was the key bottleneck",honeycomb structures,Achieved 46% improvement in primary metric while reducing costs by 25%,10,Materials Scientist,2016,expert,experimental
CPS-00803,arts_creativity,scalability,Balancing artistic vision with commercial viability,Budget limited to 70% of typical solutions; Must work with existing limited infrastructure; Requires approval from 3 stakeholder groups; Must be implemented within 12 months,Built low-fidelity prototype focusing on technical feasibility | Addressed concerns through transparent communication | Established continuous feedback mechanisms | Started with controlled pilot in optimal conditions | Built contingency plans for common failure modes,Saw that solutions from 3 different domains could be integrated,"collage techniques, architectural constraints",Generated 2x ROI within first year of implementation,5,Music Composer,2012,advanced,case_study
CPS-00804,arts_creativity,sustainability,Making art accessible to diverse audiences,Requires approval from 2 stakeholder groups; Cannot use expensive technology/approach; Must comply with international regulations,"Created feedback loops for continuous input | Tested assumption riskiest first | Developed phased rollout strategy | Pivoted approach based on evidence, not assumptions | Maintained quality while increasing volume",Realized that narrative structures solved a similar problem by reframing the constraint,architectural constraints,Reduced waste by 82% while improving quality,8,Music Composer,2021,intermediate,case_study
CPS-00805,healthcare,accessibility,Optimizing emergency room wait times,Limited to 4 team members; Limited to 2 team members,Addressed concerns through transparent communication | Started with controlled pilot in optimal conditions | Ran 7 rapid test cycles with real users | Built low-fidelity prototype focusing on technical feasibility,Found that combining two unrelated approaches created synergistic effects,educational scaffolding,Reduced waste by 48% while improving innovation,5,Public Health Specialist,2022,intermediate,case_study
CPS-00806,biomimicry,optimization,Water collection in arid environments,Budget limited to 70% of typical solutions; Budget limited to 50% of typical solutions; Requires approval from 2 stakeholder groups,Facilitated co-design workshops with end users | Tested assumption riskiest first | Quantified baseline metrics for success measurement,"Learned that user behavior, not technology, was the key bottleneck",lotus leaves,Achieved 90% improvement in primary metric while reducing costs by 14%,6,Materials Scientist,2024,expert,experimental
CPS-00807,arts_creativity,system_design,Balancing artistic vision with commercial viability,Must be implemented within 6 months; Must comply with multiple regulations; Limited to 8 team members; Cannot use conventional technology/approach,Regularly reviewed performance against metrics | Built low-fidelity prototype focusing on technical feasibility | Established success metrics and monitoring plan | Maintained quality while increasing volume,Recognized that a limitation could become a feature if viewed differently,"architectural constraints, improvisational jazz",Became industry standard practice within 7 years,10,Visual Artist,2016,advanced,industry_validated
CPS-00808,biomimicry,accessibility,Water collection in arid environments,Must comply with multiple regulations; Cannot use expensive technology/approach,Mapped all stakeholder needs and pain points | Measured both quantitative metrics and qualitative feedback | Created feedback loops for continuous input,Recognized that a limitation could become a feature if viewed differently,Namib desert beetle,Became industry standard practice within 5 years,7,Ecological Engineer,2023,advanced,peer_reviewed
CPS-00809,business_innovation,efficiency,Competing with free alternatives,Must be implemented within 18 months; Cannot use conventional technology/approach; Limited to 6 team members,Documented learnings and iteration rationale | Measured both quantitative metrics and qualitative feedback | Created training and support materials | Built coalition of early adopters and champions,Discovered that the real problem was different from the stated problem,"tournament structures, platform ecosystems, ecosystem niches",Achieved 192% improvement in primary metric while reducing costs by 40%,8,Innovation Consultant,2011,beginner,experimental
CPS-00810,software_architecture,scalability,Reducing technical debt while delivering features,Budget limited to 60% of typical solutions; Limited to 7 team members; Requires approval from 4 stakeholder groups,Facilitated co-design workshops with end users | Built low-fidelity prototype focusing on core functionality | Documented transferable principles for future use | Captured and shared learnings across teams,Found that combining two unrelated approaches created synergistic effects,"assembly lines, city infrastructure",Reduced waste by 75% while improving satisfaction,7,System Architect,2021,expert,peer_reviewed
CPS-00811,arts_creativity,resource_constraint,Overcoming creative blocks systematically,Must achieve 100% improvement over current state; Must achieve 50% improvement over current state; Must work with existing limited infrastructure; Requires approval from 3 stakeholder groups,Incorporated constraints as design features rather than limitations | Created feedback loops for continuous input | Established success metrics and monitoring plan,Discovered that the real problem was different from the stated problem,scientific experimentation,Solution adopted by 16 organizations across 3 countries,10,Music Composer,2013,intermediate,experimental
CPS-00812,business_innovation,efficiency,Competing with free alternatives,Cannot use conventional technology/approach; Requires approval from 5 stakeholder groups; Must comply with multiple regulations,Gradually expanded to more challenging contexts | Established success metrics and monitoring plan | Established continuous feedback mechanisms | Built low-fidelity prototype focusing on user experience,Found that combining two unrelated approaches created synergistic effects,"open source communities, tournament structures",Achieved 164% improvement in primary metric while reducing costs by 14%,6,Market Researcher,2015,advanced,industry_validated
CPS-00813,software_architecture,resource_constraint,Scaling systems under unpredictable load,Must comply with international regulations; Cannot use expensive technology/approach; Must comply with strict regulations; Must be implemented within 18 months,Measured both quantitative metrics and qualitative feedback | Addressed concerns through transparent communication | Documented transferable principles for future use | Created training and support materials,Understood that timing and sequence mattered more than individual components,"biological immune systems, neural networks, assembly lines",Became industry standard practice within 8 years,5,DevOps Engineer,2017,advanced,industry_validated
CPS-00814,urban_planning,resilience,Improving public transportation adoption,Limited to 5 team members; Must be implemented within 3 months,Created training and support materials | Quantified baseline metrics for success measurement | Captured and shared learnings across teams | Tested assumption riskiest first | Ran 4 rapid test cycles with real users,Realized that circulatory systems solved a similar problem by using emergent properties,"modular design, forest ecosystems, swarm behavior",Became industry standard practice within 5 years,6,Traffic Engineer,2017,advanced,experimental
CPS-00815,business_innovation,sustainability,Building platforms that create network effects,Requires approval from 3 stakeholder groups; Limited to 8 team members,Built contingency plans for common failure modes | Refined solution to work within all constraints | Tested assumption riskiest first | Conducted comparative analysis of 13 similar cases,Recognized that a limitation could become a feature if viewed differently,"open source communities, tournament structures, platform ecosystems",Became industry standard practice within 3 years,6,Innovation Consultant,2016,expert,peer_reviewed
CPS-00816,biomimicry,system_design,Creating energy-efficient cooling systems,Must work with existing minimal infrastructure; Must comply with multiple regulations; Must comply with evolving regulations,Ran 7 rapid test cycles with real users | Gradually expanded to more challenging contexts | Documented transferable principles for future use | Developed phased rollout strategy | Identified key patterns from honeycomb structures in nature/other fields,Discovered that the real problem was different from the stated problem,Namib desert beetle,Reduced costs by 54% while improving quality,7,Biologist,2020,advanced,experimental
CPS-00817,arts_creativity,optimization,Collaborating across different artistic mediums,Limited to 3 team members; Limited to 3 team members,Quantified baseline metrics for success measurement | Established continuous feedback mechanisms | Incorporated constraints as design features rather than limitations | Gradually expanded to more challenging contexts | Created feedback loops for continuous input,Found that combining two unrelated approaches created synergistic effects,"scientific experimentation, architectural constraints, collage techniques",Generated 7x ROI within first year of implementation,5,Visual Artist,2021,expert,case_study
CPS-00818,sustainability,collaboration,Encouraging sustainable consumer behavior,Cannot use established technology/approach; Budget limited to 50% of typical solutions; Cannot use expensive technology/approach; Must work with existing legacy infrastructure,Created feedback loops for continuous input | Refined solution to work within all constraints | Established success metrics and monitoring plan,"Learned that user behavior, not technology, was the key bottleneck",cradle-to-cradle design,Achieved 47% improvement in primary metric while reducing costs by 43%,8,Circular Economy Designer,2020,advanced,industry_validated
CPS-00819,software_architecture,behavior_change,Maintaining legacy systems while innovating,Must comply with evolving regulations; Cannot use proprietary technology/approach; Must achieve 20% improvement over current state; Limited to 3 team members,Regularly reviewed performance against metrics | Captured and shared learnings across teams | Addressed concerns through transparent communication,Saw that solutions from 4 different domains could be integrated,"assembly lines, library organization, city infrastructure",Became industry standard practice within 6 years,7,System Architect,2017,intermediate,peer_reviewed
CPS-00820,urban_planning,resource_constraint,Reducing traffic congestion without expanding roads,Must comply with strict regulations; Budget limited to 80% of typical solutions; Must comply with international regulations; Requires approval from 4 stakeholder groups,Maintained quality while increasing volume | Documented transferable principles for future use | Incorporated constraints as design features rather than limitations,Understood that timing and sequence mattered more than individual components,modular design,Solution adopted by 32 organizations across 8 countries,6,Urban Designer,2014,expert,experimental
CPS-00821,education,accessibility,Preparing students for jobs that don't exist yet,Must work with existing minimal infrastructure; Cannot use expensive technology/approach,Measured both quantitative metrics and qualitative feedback | Created feedback loops for continuous input | Established success metrics and monitoring plan | Conducted comparative analysis of 7 similar cases | Tested assumption riskiest first,Recognized that a limitation could become a feature if viewed differently,"exploration expeditions, sports coaching, game design",Achieved 182% improvement in primary metric while reducing costs by 14%,9,Technology Integration Specialist,2022,advanced,case_study
CPS-00822,urban_planning,scalability,Managing waste in high-density populations,Must work with existing minimal infrastructure; Limited to 4 team members; Must work with existing minimal infrastructure,Established success metrics and monitoring plan | Regularly reviewed performance against metrics | Incorporated constraints as design features rather than limitations | Refined solution to work within all constraints | Addressed concerns through transparent communication,Recognized that a limitation could become a feature if viewed differently,"swarm behavior, forest ecosystems",Generated 5x ROI within first year of implementation,7,Traffic Engineer,2024,beginner,case_study
CPS-00823,business_innovation,integration,Fostering innovation in risk-averse organizations,Must work with existing limited infrastructure; Cannot use conventional technology/approach; Budget limited to 50% of typical solutions,Built contingency plans for common failure modes | Conducted comparative analysis of 10 similar cases | Tested assumption riskiest first | Documented transferable principles for future use,Discovered that the real problem was different from the stated problem,tournament structures,Solution adopted by 8 organizations across 14 countries,10,Innovation Consultant,2019,expert,industry_validated
CPS-00824,biomimicry,accessibility,Water collection in arid environments,Cannot use conventional technology/approach; Limited to 2 team members,Measured both quantitative metrics and qualitative feedback | Created training and support materials | Regularly reviewed performance against metrics | Documented learnings and iteration rationale | Captured and shared learnings across teams,Understood that timing and sequence mattered more than individual components,"gecko feet, lotus leaves",Solution adopted by 22 organizations across 7 countries,9,Ecological Engineer,2022,beginner,case_study
CPS-00825,biomimicry,resilience,Optimizing structural strength with minimal material,Cannot use expensive technology/approach; Limited to 4 team members,Ran 4 rapid test cycles with real users | Developed phased rollout strategy | Facilitated co-design workshops with end users,Discovered that the real problem was different from the stated problem,"Namib desert beetle, honeycomb structures, lotus leaves",Reduced errors by 82% while improving quality,10,Ecological Engineer,2014,beginner,experimental
CPS-00826,sustainability,behavior_change,Encouraging sustainable consumer behavior,Budget limited to 70% of typical solutions; Must work with existing minimal infrastructure; Must comply with international regulations; Cannot use established technology/approach,Facilitated co-design workshops with end users | Created training and support materials | Incorporated constraints as design features rather than limitations | Quantified baseline metrics for success measurement | Adapted solution to changing conditions,Saw that solutions from 2 different domains could be integrated,"nutrient cycles, natural ecosystems, cradle-to-cradle design",Achieved 176% improvement in primary metric while reducing costs by 20%,8,Policy Analyst,2013,beginner,industry_validated
CPS-00827,healthcare,accessibility,Improving patient compliance with treatment plans,Requires approval from 3 stakeholder groups; Limited to 8 team members; Must be implemented within 12 months; Must achieve 30% improvement over current state,"Built contingency plans for common failure modes | Pivoted approach based on evidence, not assumptions | Maintained quality while increasing volume","Learned that user behavior, not technology, was the key bottleneck","community networks, educational scaffolding, logistics optimization",Achieved 63% improvement in primary metric while reducing costs by 32%,10,Healthcare Administrator,2024,advanced,industry_validated
CPS-00828,business_innovation,behavior_change,Pivoting business models during market disruption,Must achieve 50% improvement over current state; Must comply with international regulations; Cannot use conventional technology/approach,Quantified baseline metrics for success measurement | Created feedback loops for continuous input | Built low-fidelity prototype focusing on technical feasibility | Adapted solution to changing conditions | Measured both quantitative metrics and qualitative feedback,"Learned that user behavior, not technology, was the key bottleneck","open source communities, platform ecosystems",Solution adopted by 7 organizations across 15 countries,10,Innovation Consultant,2010,expert,case_study
CPS-00829,arts_creativity,resilience,Balancing artistic vision with commercial viability,Must work with existing aging infrastructure; Limited to 7 team members; Must comply with strict regulations,Built coalition of early adopters and champions | Started with controlled pilot in optimal conditions | Measured both quantitative metrics and qualitative feedback | Regularly reviewed performance against metrics | Documented learnings and iteration rationale,Understood that timing and sequence mattered more than individual components,improvisational jazz,Generated 2x ROI within first year of implementation,10,Visual Artist,2023,advanced,case_study
CPS-00830,education,adaptation,Engaging students with diverse learning styles,Limited to 2 team members; Must achieve 20% improvement over current state; Must achieve 30% improvement over current state; Must be implemented within 12 months,Developed phased rollout strategy | Adapted solution to changing conditions | Identified key patterns from exploration expeditions in nature/other fields,Realized that game design solved a similar problem by using emergent properties,sports coaching,Achieved 94% improvement in primary metric while reducing costs by 30%,6,Educational Psychologist,2013,expert,case_study
CPS-00831,software_architecture,accessibility,Managing distributed team collaboration,Must achieve 100% improvement over current state; Cannot use expensive technology/approach; Must comply with international regulations; Requires approval from 5 stakeholder groups,Documented learnings and iteration rationale | Identified key patterns from assembly lines in nature/other fields | Built contingency plans for common failure modes | Started with controlled pilot in optimal conditions,Realized that library organization solved a similar problem by using emergent properties,"library organization, biological immune systems",Reduced costs by 58% while improving efficiency,10,Security Specialist,2012,expert,industry_validated
CPS-00832,sustainability,resource_constraint,Encouraging sustainable consumer behavior,Must be implemented within 6 months; Must achieve 20% improvement over current state; Requires approval from 5 stakeholder groups; Limited to 3 team members,Built contingency plans for common failure modes | Created feedback loops for continuous input | Documented transferable principles for future use,Recognized that a limitation could become a feature if viewed differently,"repair cultures, natural ecosystems",Became industry standard practice within 5 years,7,Circular Economy Designer,2016,beginner,peer_reviewed
CPS-00833,software_architecture,collaboration,Managing distributed team collaboration,Must be implemented within 6 months; Requires approval from 2 stakeholder groups,Incorporated constraints as design features rather than limitations | Adapted solution to changing conditions | Conducted comparative analysis of 11 similar cases | Created training and support materials | Started with controlled pilot in optimal conditions,Discovered that the real problem was different from the stated problem,"biological immune systems, city infrastructure",Generated 3x ROI within first year of implementation,6,DevOps Engineer,2013,intermediate,peer_reviewed
CPS-00834,arts_creativity,sustainability,Collaborating across different artistic mediums,Limited to 5 team members; Requires approval from 5 stakeholder groups; Must comply with strict regulations,"Gradually expanded to more challenging contexts | Tested assumption riskiest first | Pivoted approach based on evidence, not assumptions | Built contingency plans for common failure modes | Established continuous feedback mechanisms",Recognized that a limitation could become a feature if viewed differently,"architectural constraints, scientific experimentation, narrative structures",Achieved 158% improvement in primary metric while reducing costs by 23%,8,Music Composer,2019,beginner,industry_validated
CPS-00835,healthcare,optimization,Optimizing emergency room wait times,Must work with existing limited infrastructure; Must work with existing legacy infrastructure,Built low-fidelity prototype focusing on user experience | Started with controlled pilot in optimal conditions | Mapped all stakeholder needs and pain points | Established success metrics and monitoring plan | Ran 6 rapid test cycles with real users,Found that combining two unrelated approaches created synergistic effects,logistics optimization,Solution adopted by 6 organizations across 12 countries,6,Healthcare Administrator,2016,advanced,case_study
CPS-00836,education,optimization,Supporting students with varying background knowledge,Limited to 7 team members; Cannot use expensive technology/approach,Regularly reviewed performance against metrics | Ran 5 rapid test cycles with real users | Established success metrics and monitoring plan | Created feedback loops for continuous input,Discovered that the real problem was different from the stated problem,"exploration expeditions, game design, sports coaching",Generated 4x ROI within first year of implementation,7,Curriculum Designer,2018,intermediate,experimental
CPS-00837,urban_planning,efficiency,Managing waste in high-density populations,Cannot use conventional technology/approach; Requires approval from 2 stakeholder groups; Must achieve 30% improvement over current state; Must achieve 30% improvement over current state,Developed phased rollout strategy | Gradually expanded to more challenging contexts | Refined solution to work within all constraints,Recognized that a limitation could become a feature if viewed differently,forest ecosystems,Achieved 196% improvement in primary metric while reducing costs by 28%,6,Urban Designer,2017,intermediate,case_study
CPS-00838,sustainability,system_design,Converting waste streams into valuable resources,Must work with existing limited infrastructure; Cannot use established technology/approach; Cannot use proprietary technology/approach; Requires approval from 2 stakeholder groups,Incorporated constraints as design features rather than limitations | Built contingency plans for common failure modes | Created feedback loops for continuous input,Recognized that a limitation could become a feature if viewed differently,"cradle-to-cradle design, nutrient cycles, repair cultures",Became industry standard practice within 8 years,10,Policy Analyst,2015,beginner,industry_validated
CPS-00839,sustainability,behavior_change,Designing products for complete recyclability,Must achieve 50% improvement over current state; Budget limited to 50% of typical solutions; Must achieve 100% improvement over current state; Budget limited to 50% of typical solutions,"Facilitated co-design workshops with end users | Conducted comparative analysis of 9 similar cases | Pivoted approach based on evidence, not assumptions | Adapted solution to changing conditions | Gradually expanded to more challenging contexts",Realized that repair cultures solved a similar problem by reframing the constraint,"nutrient cycles, cradle-to-cradle design",Solution adopted by 48 organizations across 11 countries,8,Circular Economy Designer,2023,intermediate,peer_reviewed
CPS-00840,urban_planning,resource_constraint,Managing waste in high-density populations,Budget limited to 60% of typical solutions; Must work with existing legacy infrastructure; Budget limited to 50% of typical solutions,Quantified baseline metrics for success measurement | Maintained quality while increasing volume | Ran 7 rapid test cycles with real users | Regularly reviewed performance against metrics,Saw that solutions from 4 different domains could be integrated,"forest ecosystems, swarm behavior",Achieved 183% improvement in primary metric while reducing costs by 33%,6,Community Planner,2010,intermediate,peer_reviewed
CPS-00841,arts_creativity,resource_constraint,Preserving cultural heritage while innovating,Limited to 5 team members; Must comply with international regulations,Created feedback loops for continuous input | Incorporated constraints as design features rather than limitations | Developed phased rollout strategy,Discovered that the real problem was different from the stated problem,architectural constraints,Reduced errors by 47% while improving efficiency,8,Creative Director,2019,beginner,experimental
CPS-00842,healthcare,sustainability,Improving patient compliance with treatment plans,Must comply with strict regulations; Must be implemented within 3 months,Addressed concerns through transparent communication | Gradually expanded to more challenging contexts | Documented learnings and iteration rationale | Quantified baseline metrics for success measurement,Found that combining two unrelated approaches created synergistic effects,"preventive maintenance, logistics optimization",Achieved 151% improvement in primary metric while reducing costs by 10%,8,Medical Doctor,2016,beginner,peer_reviewed
CPS-00843,biomimicry,resource_constraint,Designing self-cleaning surfaces,Cannot use established technology/approach; Must work with existing limited infrastructure; Must be implemented within 18 months; Must be implemented within 12 months,Quantified baseline metrics for success measurement | Facilitated co-design workshops with end users | Documented learnings and iteration rationale,Saw that solutions from 4 different domains could be integrated,"Namib desert beetle, termite mounds",Became industry standard practice within 6 years,10,Ecological Engineer,2023,beginner,case_study
CPS-00844,education,integration,Supporting students with varying background knowledge,Limited to 5 team members; Cannot use proprietary technology/approach; Cannot use expensive technology/approach,Established continuous feedback mechanisms | Conducted comparative analysis of 11 similar cases | Ran 5 rapid test cycles with real users,Discovered that the real problem was different from the stated problem,studio critiques,Became industry standard practice within 3 years,6,Curriculum Designer,2011,expert,industry_validated
CPS-00845,sustainability,accessibility,Reducing plastic waste in supply chains,Must comply with evolving regulations; Must be implemented within 3 months,Built coalition of early adopters and champions | Refined solution to work within all constraints | Quantified baseline metrics for success measurement | Adapted solution to changing conditions | Tested assumption riskiest first,"Learned that user behavior, not technology, was the key bottleneck","repair cultures, cradle-to-cradle design, sharing economies",Became industry standard practice within 9 years,10,Policy Analyst,2023,expert,peer_reviewed
CPS-00846,arts_creativity,sustainability,Making art accessible to diverse audiences,Must be implemented within 12 months; Must comply with multiple regulations,"Regularly reviewed performance against metrics | Facilitated co-design workshops with end users | Quantified baseline metrics for success measurement | Pivoted approach based on evidence, not assumptions",Found that combining two unrelated approaches created synergistic effects,"narrative structures, improvisational jazz, scientific experimentation",Generated 3x ROI within first year of implementation,8,Creative Director,2010,expert,peer_reviewed
CPS-00847,software_architecture,resource_constraint,Ensuring security without compromising usability,Must be implemented within 3 months; Must comply with evolving regulations; Budget limited to 80% of typical solutions,Started with controlled pilot in optimal conditions | Ran 3 rapid test cycles with real users | Established success metrics and monitoring plan,Discovered that the real problem was different from the stated problem,city infrastructure,Achieved 91% improvement in primary metric while reducing costs by 15%,10,Security Specialist,2023,intermediate,industry_validated
CPS-00848,arts_creativity,accessibility,Overcoming creative blocks systematically,Must achieve 20% improvement over current state; Requires approval from 2 stakeholder groups,"Tested assumption riskiest first | Created feedback loops for continuous input | Pivoted approach based on evidence, not assumptions",Understood that timing and sequence mattered more than individual components,"collage techniques, improvisational jazz",Achieved 142% improvement in primary metric while reducing costs by 48%,9,Creative Director,2019,advanced,peer_reviewed
CPS-00849,sustainability,adaptation,Reducing plastic waste in supply chains,Cannot use proprietary technology/approach; Must work with existing legacy infrastructure; Must comply with evolving regulations,Adapted solution to changing conditions | Captured and shared learnings across teams | Created training and support materials | Ran 8 rapid test cycles with real users | Built coalition of early adopters and champions,"Learned that user behavior, not technology, was the key bottleneck","natural ecosystems, nutrient cycles, repair cultures",Solution adopted by 11 organizations across 2 countries,7,Circular Economy Designer,2019,advanced,industry_validated
CPS-00850,urban_planning,behavior_change,Creating green spaces in dense urban areas,Cannot use expensive technology/approach; Must work with existing limited infrastructure,Developed phased rollout strategy | Ran 7 rapid test cycles with real users | Addressed concerns through transparent communication,Discovered that the real problem was different from the stated problem,"layered networks, forest ecosystems",Reduced time by 64% while improving quality,5,Community Planner,2022,intermediate,experimental
CPS-00851,urban_planning,resource_constraint,Improving public transportation adoption,Must work with existing legacy infrastructure; Must achieve 50% improvement over current state; Requires approval from 3 stakeholder groups; Budget limited to 60% of typical solutions,"Gradually expanded to more challenging contexts | Incorporated constraints as design features rather than limitations | Pivoted approach based on evidence, not assumptions | Facilitated co-design workshops with end users",Found that combining two unrelated approaches created synergistic effects,"layered networks, forest ecosystems",Reduced waste by 82% while improving satisfaction,10,Community Planner,2013,advanced,case_study
CPS-00852,software_architecture,scalability,Reducing technical debt while delivering features,Must achieve 30% improvement over current state; Must comply with international regulations; Must comply with multiple regulations,Conducted comparative analysis of 6 similar cases | Documented learnings and iteration rationale | Refined solution to work within all constraints | Started with controlled pilot in optimal conditions,Realized that assembly lines solved a similar problem by leveraging distributed intelligence,neural networks,Solution adopted by 19 organizations across 2 countries,7,Security Specialist,2010,intermediate,experimental
CPS-00853,business_innovation,resource_constraint,Competing with free alternatives,Budget limited to 60% of typical solutions; Must achieve 30% improvement over current state; Budget limited to 80% of typical solutions,Adapted solution to changing conditions | Created training and support materials | Captured and shared learnings across teams,Found that combining two unrelated approaches created synergistic effects,"tournament structures, platform ecosystems",Reduced errors by 61% while improving satisfaction,10,Market Researcher,2010,advanced,peer_reviewed
CPS-00854,arts_creativity,resilience,Preserving cultural heritage while innovating,Must be implemented within 6 months; Budget limited to 80% of typical solutions; Cannot use conventional technology/approach; Must comply with international regulations,"Established continuous feedback mechanisms | Maintained quality while increasing volume | Built contingency plans for common failure modes | Mapped all stakeholder needs and pain points | Pivoted approach based on evidence, not assumptions",Found that combining two unrelated approaches created synergistic effects,"narrative structures, architectural constraints, collage techniques",Generated 2x ROI within first year of implementation,7,Creative Director,2021,intermediate,case_study
CPS-00855,biomimicry,behavior_change,Designing self-cleaning surfaces,Must be implemented within 9 months; Budget limited to 70% of typical solutions; Budget limited to 80% of typical solutions,"Pivoted approach based on evidence, not assumptions | Mapped all stakeholder needs and pain points | Built contingency plans for common failure modes | Captured and shared learnings across teams | Created feedback loops for continuous input",Recognized that a limitation could become a feature if viewed differently,gecko feet,Generated 8x ROI within first year of implementation,8,Biologist,2011,intermediate,case_study
CPS-00856,business_innovation,integration,Competing with free alternatives,Must be implemented within 3 months; Must be implemented within 6 months; Must be implemented within 12 months; Must comply with multiple regulations,Maintained quality while increasing volume | Documented learnings and iteration rationale | Quantified baseline metrics for success measurement | Built contingency plans for common failure modes | Built coalition of early adopters and champions,Understood that timing and sequence mattered more than individual components,"open source communities, tournament structures",Became industry standard practice within 8 years,7,Innovation Consultant,2019,expert,industry_validated
CPS-00857,sustainability,resilience,Designing products for complete recyclability,Requires approval from 4 stakeholder groups; Must be implemented within 18 months,Built coalition of early adopters and champions | Created training and support materials | Mapped all stakeholder needs and pain points,Saw that solutions from 4 different domains could be integrated,"repair cultures, cradle-to-cradle design",Generated 8x ROI within first year of implementation,6,Policy Analyst,2012,advanced,experimental
CPS-00858,biomimicry,behavior_change,Optimizing structural strength with minimal material,Limited to 7 team members; Must achieve 100% improvement over current state; Requires approval from 5 stakeholder groups,"Pivoted approach based on evidence, not assumptions | Built contingency plans for common failure modes | Quantified baseline metrics for success measurement",Saw that solutions from 3 different domains could be integrated,"honeycomb structures, Namib desert beetle",Generated 3x ROI within first year of implementation,7,Biologist,2015,intermediate,case_study
CPS-00859,business_innovation,resilience,Building platforms that create network effects,Budget limited to 70% of typical solutions; Limited to 8 team members; Must achieve 50% improvement over current state,Quantified baseline metrics for success measurement | Adapted solution to changing conditions | Incorporated constraints as design features rather than limitations | Ran 6 rapid test cycles with real users | Developed phased rollout strategy,Found that combining two unrelated approaches created synergistic effects,"platform ecosystems, evolutionary adaptation, tournament structures",Solution adopted by 39 organizations across 7 countries,8,Innovation Consultant,2024,advanced,industry_validated
CPS-00860,sustainability,collaboration,Encouraging sustainable consumer behavior,Must achieve 100% improvement over current state; Limited to 3 team members; Must work with existing aging infrastructure,Documented learnings and iteration rationale | Built coalition of early adopters and champions | Mapped all stakeholder needs and pain points | Established continuous feedback mechanisms | Built contingency plans for common failure modes,Recognized that a limitation could become a feature if viewed differently,"cradle-to-cradle design, natural ecosystems",Solution adopted by 34 organizations across 8 countries,10,Circular Economy Designer,2010,beginner,experimental
CPS-00861,arts_creativity,accessibility,Overcoming creative blocks systematically,Must work with existing minimal infrastructure; Must achieve 100% improvement over current state; Requires approval from 3 stakeholder groups,Refined solution to work within all constraints | Conducted comparative analysis of 8 similar cases | Regularly reviewed performance against metrics | Built low-fidelity prototype focusing on core functionality,Recognized that a limitation could become a feature if viewed differently,"improvisational jazz, architectural constraints, narrative structures",Solution adopted by 18 organizations across 2 countries,6,Creative Director,2014,beginner,peer_reviewed
CPS-00862,healthcare,scalability,Managing chronic diseases with limited resources,Cannot use established technology/approach; Cannot use proprietary technology/approach,"Built low-fidelity prototype focusing on technical feasibility | Quantified baseline metrics for success measurement | Developed phased rollout strategy | Started with controlled pilot in optimal conditions | Pivoted approach based on evidence, not assumptions",Discovered that the real problem was different from the stated problem,quality control systems,Solution adopted by 8 organizations across 7 countries,6,Healthcare Administrator,2024,advanced,peer_reviewed
CPS-00863,healthcare,integration,Managing chronic diseases with limited resources,Requires approval from 3 stakeholder groups; Requires approval from 5 stakeholder groups; Must work with existing minimal infrastructure; Must achieve 30% improvement over current state,Captured and shared learnings across teams | Built contingency plans for common failure modes | Tested assumption riskiest first | Identified key patterns from preventive maintenance in nature/other fields,Understood that timing and sequence mattered more than individual components,"quality control systems, logistics optimization, community networks",Reduced errors by 49% while improving innovation,10,Public Health Specialist,2022,expert,peer_reviewed
CPS-00864,education,resource_constraint,Preparing students for jobs that don't exist yet,Limited to 5 team members; Cannot use established technology/approach,Built low-fidelity prototype focusing on core functionality | Refined solution to work within all constraints | Established success metrics and monitoring plan | Started with controlled pilot in optimal conditions,Discovered that the real problem was different from the stated problem,studio critiques,Solution adopted by 9 organizations across 13 countries,9,Educational Psychologist,2013,intermediate,experimental
CPS-00865,biomimicry,accessibility,Creating energy-efficient cooling systems,Must achieve 20% improvement over current state; Requires approval from 5 stakeholder groups; Must work with existing aging infrastructure,Conducted comparative analysis of 10 similar cases | Adapted solution to changing conditions | Developed phased rollout strategy | Facilitated co-design workshops with end users,"Learned that user behavior, not technology, was the key bottleneck","gecko feet, termite mounds",Achieved 53% improvement in primary metric while reducing costs by 38%,10,Ecological Engineer,2023,expert,peer_reviewed
CPS-00866,business_innovation,behavior_change,Pivoting business models during market disruption,Must achieve 20% improvement over current state; Must be implemented within 3 months; Must be implemented within 9 months; Cannot use established technology/approach,Mapped all stakeholder needs and pain points | Created training and support materials | Captured and shared learnings across teams,"Learned that user behavior, not technology, was the key bottleneck","evolutionary adaptation, platform ecosystems",Reduced errors by 45% while improving quality,10,Product Manager,2022,beginner,industry_validated
CPS-00867,sustainability,resource_constraint,Reducing plastic waste in supply chains,Must work with existing legacy infrastructure; Must be implemented within 18 months; Must comply with international regulations,"Adapted solution to changing conditions | Created feedback loops for continuous input | Pivoted approach based on evidence, not assumptions",Recognized that a limitation could become a feature if viewed differently,"natural ecosystems, repair cultures",Reduced errors by 77% while improving efficiency,8,Environmental Scientist,2022,expert,industry_validated
CPS-00868,education,collaboration,Engaging students with diverse learning styles,Cannot use established technology/approach; Must achieve 20% improvement over current state; Must be implemented within 9 months; Must be implemented within 12 months,Incorporated constraints as design features rather than limitations | Created training and support materials | Quantified baseline metrics for success measurement,Found that combining two unrelated approaches created synergistic effects,"studio critiques, game design, apprenticeship models",Reduced errors by 90% while improving quality,9,Curriculum Designer,2021,advanced,case_study
CPS-00869,urban_planning,resource_constraint,Improving public transportation adoption,Must achieve 100% improvement over current state; Cannot use established technology/approach,Built low-fidelity prototype focusing on core functionality | Built contingency plans for common failure modes | Ran 6 rapid test cycles with real users | Mapped all stakeholder needs and pain points | Created feedback loops for continuous input,"Learned that user behavior, not technology, was the key bottleneck","modular design, layered networks, forest ecosystems",Achieved 56% improvement in primary metric while reducing costs by 13%,8,Traffic Engineer,2010,beginner,experimental
CPS-00870,sustainability,collaboration,Reducing plastic waste in supply chains,Budget limited to 50% of typical solutions; Must achieve 100% improvement over current state; Requires approval from 3 stakeholder groups; Requires approval from 4 stakeholder groups,Refined solution to work within all constraints | Regularly reviewed performance against metrics | Conducted comparative analysis of 7 similar cases | Gradually expanded to more challenging contexts,Recognized that a limitation could become a feature if viewed differently,repair cultures,Reduced errors by 57% while improving quality,10,Policy Analyst,2011,intermediate,case_study
CPS-00871,sustainability,resilience,Designing products for complete recyclability,Requires approval from 5 stakeholder groups; Limited to 6 team members; Budget limited to 50% of typical solutions,Gradually expanded to more challenging contexts | Facilitated co-design workshops with end users | Built low-fidelity prototype focusing on user experience,Discovered that the real problem was different from the stated problem,"natural ecosystems, sharing economies, repair cultures",Became industry standard practice within 7 years,5,Circular Economy Designer,2017,expert,case_study
CPS-00872,arts_creativity,system_design,Preserving cultural heritage while innovating,Limited to 8 team members; Must comply with international regulations; Must work with existing minimal infrastructure; Budget limited to 60% of typical solutions,Built coalition of early adopters and champions | Ran 5 rapid test cycles with real users | Established success metrics and monitoring plan | Captured and shared learnings across teams,Realized that scientific experimentation solved a similar problem by using emergent properties,"collage techniques, narrative structures, improvisational jazz",Reduced costs by 74% while improving efficiency,7,Visual Artist,2023,intermediate,case_study
CPS-00873,biomimicry,accessibility,Developing adhesive materials without chemicals,Must work with existing aging infrastructure; Limited to 2 team members,"Built contingency plans for common failure modes | Adapted solution to changing conditions | Pivoted approach based on evidence, not assumptions | Quantified baseline metrics for success measurement | Facilitated co-design workshops with end users",Found that combining two unrelated approaches created synergistic effects,"lotus leaves, termite mounds",Became industry standard practice within 2 years,8,Biologist,2024,beginner,industry_validated
CPS-00874,software_architecture,scalability,Managing distributed team collaboration,Limited to 3 team members; Cannot use proprietary technology/approach,"Pivoted approach based on evidence, not assumptions | Addressed concerns through transparent communication | Incorporated constraints as design features rather than limitations",Realized that library organization solved a similar problem by using emergent properties,assembly lines,Reduced costs by 47% while improving satisfaction,10,Security Specialist,2011,advanced,case_study
CPS-00875,biomimicry,collaboration,Developing adhesive materials without chemicals,Requires approval from 2 stakeholder groups; Cannot use conventional technology/approach,Established continuous feedback mechanisms | Identified key patterns from honeycomb structures in nature/other fields | Measured both quantitative metrics and qualitative feedback | Incorporated constraints as design features rather than limitations | Created training and support materials,"Learned that user behavior, not technology, was the key bottleneck","termite mounds, Namib desert beetle",Generated 8x ROI within first year of implementation,5,Biologist,2014,beginner,peer_reviewed
CPS-00876,business_innovation,resilience,Pivoting business models during market disruption,Must be implemented within 6 months; Must comply with strict regulations; Must work with existing minimal infrastructure,Created training and support materials | Incorporated constraints as design features rather than limitations | Addressed concerns through transparent communication | Ran 5 rapid test cycles with real users,Discovered that the real problem was different from the stated problem,"evolutionary adaptation, open source communities, platform ecosystems",Achieved 170% improvement in primary metric while reducing costs by 47%,7,Product Manager,2022,intermediate,peer_reviewed
CPS-00877,healthcare,efficiency,Bridging healthcare access gaps in rural areas,Must work with existing legacy infrastructure; Limited to 2 team members; Cannot use proprietary technology/approach; Budget limited to 60% of typical solutions,Quantified baseline metrics for success measurement | Built low-fidelity prototype focusing on user experience | Regularly reviewed performance against metrics | Built contingency plans for common failure modes,Understood that timing and sequence mattered more than individual components,logistics optimization,Achieved 82% improvement in primary metric while reducing costs by 41%,9,Public Health Specialist,2010,beginner,peer_reviewed
CPS-00878,education,sustainability,Supporting students with varying background knowledge,Must achieve 50% improvement over current state; Must be implemented within 18 months,Refined solution to work within all constraints | Facilitated co-design workshops with end users | Conducted comparative analysis of 11 similar cases | Developed phased rollout strategy | Incorporated constraints as design features rather than limitations,Discovered that the real problem was different from the stated problem,"studio critiques, sports coaching, apprenticeship models",Achieved 158% improvement in primary metric while reducing costs by 11%,10,Technology Integration Specialist,2019,expert,experimental
CPS-00879,biomimicry,resource_constraint,Creating energy-efficient cooling systems,Budget limited to 60% of typical solutions; Requires approval from 2 stakeholder groups,Established success metrics and monitoring plan | Documented learnings and iteration rationale | Captured and shared learnings across teams | Regularly reviewed performance against metrics | Ran 8 rapid test cycles with real users,"Learned that user behavior, not technology, was the key bottleneck","gecko feet, lotus leaves",Reduced time by 80% while improving quality,8,Ecological Engineer,2018,beginner,peer_reviewed
CPS-00880,business_innovation,system_design,Competing with free alternatives,Must comply with multiple regulations; Must achieve 20% improvement over current state; Cannot use established technology/approach; Must achieve 20% improvement over current state,"Quantified baseline metrics for success measurement | Built low-fidelity prototype focusing on user experience | Maintained quality while increasing volume | Pivoted approach based on evidence, not assumptions",Recognized that a limitation could become a feature if viewed differently,"ecosystem niches, open source communities, evolutionary adaptation",Reduced errors by 48% while improving quality,7,Product Manager,2024,expert,industry_validated
CPS-00881,arts_creativity,optimization,Balancing artistic vision with commercial viability,Must comply with international regulations; Must achieve 50% improvement over current state,Measured both quantitative metrics and qualitative feedback | Built coalition of early adopters and champions | Quantified baseline metrics for success measurement | Established continuous feedback mechanisms,"Learned that user behavior, not technology, was the key bottleneck","architectural constraints, narrative structures",Reduced costs by 46% while improving satisfaction,6,Music Composer,2021,intermediate,experimental
CPS-00882,healthcare,resilience,Reducing hospital-acquired infections,Must work with existing minimal infrastructure; Cannot use expensive technology/approach,Started with controlled pilot in optimal conditions | Incorporated constraints as design features rather than limitations | Ran 7 rapid test cycles with real users | Developed phased rollout strategy,Discovered that the real problem was different from the stated problem,"quality control systems, community networks",Solution adopted by 28 organizations across 2 countries,8,Public Health Specialist,2023,advanced,experimental
CPS-00883,biomimicry,accessibility,Water collection in arid environments,Requires approval from 2 stakeholder groups; Must be implemented within 3 months,"Established success metrics and monitoring plan | Identified key patterns from gecko feet in nature/other fields | Pivoted approach based on evidence, not assumptions","Learned that user behavior, not technology, was the key bottleneck","gecko feet, termite mounds",Achieved 31% improvement in primary metric while reducing costs by 30%,8,Biologist,2012,beginner,experimental
CPS-00884,arts_creativity,accessibility,Balancing artistic vision with commercial viability,Must be implemented within 3 months; Must achieve 20% improvement over current state; Limited to 8 team members; Must be implemented within 3 months,Conducted comparative analysis of 15 similar cases | Created feedback loops for continuous input | Incorporated constraints as design features rather than limitations | Documented transferable principles for future use,Saw that solutions from 4 different domains could be integrated,"collage techniques, narrative structures",Solution adopted by 48 organizations across 15 countries,9,Music Composer,2021,advanced,peer_reviewed
CPS-00885,business_innovation,integration,Fostering innovation in risk-averse organizations,Must achieve 50% improvement over current state; Cannot use conventional technology/approach; Requires approval from 2 stakeholder groups; Must comply with evolving regulations,Adapted solution to changing conditions | Created training and support materials | Addressed concerns through transparent communication,Discovered that the real problem was different from the stated problem,"ecosystem niches, platform ecosystems, tournament structures",Solution adopted by 32 organizations across 9 countries,7,Market Researcher,2020,expert,industry_validated
CPS-00886,business_innovation,collaboration,Pivoting business models during market disruption,Must work with existing aging infrastructure; Must be implemented within 18 months; Budget limited to 80% of typical solutions; Must achieve 20% improvement over current state,Identified key patterns from tournament structures in nature/other fields | Created training and support materials | Gradually expanded to more challenging contexts,Discovered that the real problem was different from the stated problem,"platform ecosystems, tournament structures",Became industry standard practice within 4 years,8,Market Researcher,2019,beginner,industry_validated
CPS-00887,education,scalability,Assessing critical thinking skills objectively,Must comply with international regulations; Must comply with strict regulations; Cannot use expensive technology/approach; Requires approval from 3 stakeholder groups,"Tested assumption riskiest first | Mapped all stakeholder needs and pain points | Pivoted approach based on evidence, not assumptions | Captured and shared learnings across teams",Understood that timing and sequence mattered more than individual components,game design,Became industry standard practice within 8 years,7,Educational Psychologist,2022,expert,peer_reviewed
CPS-00888,business_innovation,optimization,Building platforms that create network effects,Budget limited to 70% of typical solutions; Budget limited to 80% of typical solutions; Budget limited to 70% of typical solutions,Captured and shared learnings across teams | Identified key patterns from platform ecosystems in nature/other fields | Measured both quantitative metrics and qualitative feedback | Facilitated co-design workshops with end users | Created training and support materials,Recognized that a limitation could become a feature if viewed differently,"platform ecosystems, ecosystem niches",Reduced errors by 76% while improving quality,7,Innovation Consultant,2014,advanced,case_study
CPS-00889,healthcare,integration,Bridging healthcare access gaps in rural areas,Cannot use expensive technology/approach; Limited to 8 team members; Cannot use conventional technology/approach,"Pivoted approach based on evidence, not assumptions | Documented learnings and iteration rationale | Identified key patterns from logistics optimization in nature/other fields","Learned that user behavior, not technology, was the key bottleneck","educational scaffolding, quality control systems",Achieved 48% improvement in primary metric while reducing costs by 23%,8,Public Health Specialist,2015,beginner,peer_reviewed
CPS-00890,urban_planning,optimization,Reducing traffic congestion without expanding roads,Cannot use established technology/approach; Limited to 4 team members,Created training and support materials | Established continuous feedback mechanisms | Built low-fidelity prototype focusing on core functionality | Measured both quantitative metrics and qualitative feedback | Identified key patterns from layered networks in nature/other fields,"Learned that user behavior, not technology, was the key bottleneck","forest ecosystems, layered networks",Became industry standard practice within 9 years,6,Community Planner,2014,intermediate,experimental
CPS-00891,software_architecture,sustainability,Scaling systems under unpredictable load,Must achieve 30% improvement over current state; Must be implemented within 9 months; Requires approval from 4 stakeholder groups,Built contingency plans for common failure modes | Incorporated constraints as design features rather than limitations | Quantified baseline metrics for success measurement | Measured both quantitative metrics and qualitative feedback | Started with controlled pilot in optimal conditions,Found that combining two unrelated approaches created synergistic effects,"biological immune systems, city infrastructure, assembly lines",Achieved 52% improvement in primary metric while reducing costs by 17%,8,DevOps Engineer,2019,beginner,industry_validated
CPS-00892,education,accessibility,Integrating technology meaningfully in classrooms,Must be implemented within 18 months; Limited to 8 team members; Limited to 7 team members,Gradually expanded to more challenging contexts | Measured both quantitative metrics and qualitative feedback | Quantified baseline metrics for success measurement | Built contingency plans for common failure modes,"Learned that user behavior, not technology, was the key bottleneck",exploration expeditions,Reduced costs by 40% while improving innovation,7,Technology Integration Specialist,2010,intermediate,peer_reviewed
CPS-00893,healthcare,resilience,Improving patient compliance with treatment plans,Limited to 8 team members; Cannot use conventional technology/approach; Requires approval from 5 stakeholder groups,Mapped all stakeholder needs and pain points | Ran 7 rapid test cycles with real users | Documented transferable principles for future use | Captured and shared learnings across teams | Facilitated co-design workshops with end users,Realized that community networks solved a similar problem by using emergent properties,"educational scaffolding, preventive maintenance",Generated 2x ROI within first year of implementation,10,Healthcare Administrator,2020,expert,experimental
CPS-00894,arts_creativity,resource_constraint,Collaborating across different artistic mediums,Requires approval from 5 stakeholder groups; Must achieve 20% improvement over current state; Limited to 7 team members; Budget limited to 80% of typical solutions,"Developed phased rollout strategy | Pivoted approach based on evidence, not assumptions | Identified key patterns from architectural constraints in nature/other fields | Created feedback loops for continuous input","Learned that user behavior, not technology, was the key bottleneck","collage techniques, architectural constraints",Achieved 94% improvement in primary metric while reducing costs by 42%,7,Music Composer,2017,advanced,industry_validated
CPS-00895,biomimicry,behavior_change,Designing self-cleaning surfaces,Limited to 5 team members; Cannot use conventional technology/approach,Established continuous feedback mechanisms | Incorporated constraints as design features rather than limitations | Ran 8 rapid test cycles with real users,Realized that termite mounds solved a similar problem by using emergent properties,"gecko feet, lotus leaves",Solution adopted by 47 organizations across 12 countries,8,Ecological Engineer,2011,intermediate,case_study
CPS-00896,urban_planning,resource_constraint,Improving public transportation adoption,Must be implemented within 6 months; Limited to 8 team members; Budget limited to 50% of typical solutions; Requires approval from 5 stakeholder groups,Conducted comparative analysis of 14 similar cases | Incorporated constraints as design features rather than limitations | Ran 7 rapid test cycles with real users | Gradually expanded to more challenging contexts | Facilitated co-design workshops with end users,"Learned that user behavior, not technology, was the key bottleneck",modular design,Achieved 163% improvement in primary metric while reducing costs by 14%,5,Traffic Engineer,2022,expert,peer_reviewed
CPS-00897,education,optimization,Assessing critical thinking skills objectively,Must achieve 20% improvement over current state; Budget limited to 70% of typical solutions; Must comply with multiple regulations,"Captured and shared learnings across teams | Identified key patterns from studio critiques in nature/other fields | Built low-fidelity prototype focusing on core functionality | Pivoted approach based on evidence, not assumptions",Recognized that a limitation could become a feature if viewed differently,apprenticeship models,Reduced costs by 81% while improving quality,7,Technology Integration Specialist,2023,advanced,peer_reviewed
CPS-00898,software_architecture,resource_constraint,Ensuring security without compromising usability,Budget limited to 50% of typical solutions; Budget limited to 60% of typical solutions; Limited to 3 team members; Must work with existing aging infrastructure,"Adapted solution to changing conditions | Built coalition of early adopters and champions | Maintained quality while increasing volume | Pivoted approach based on evidence, not assumptions | Created training and support materials",Realized that biological immune systems solved a similar problem by reframing the constraint,"library organization, assembly lines",Became industry standard practice within 3 years,6,System Architect,2024,intermediate,experimental
CPS-00899,sustainability,efficiency,Reducing plastic waste in supply chains,Must achieve 30% improvement over current state; Must be implemented within 12 months,Built coalition of early adopters and champions | Documented learnings and iteration rationale | Regularly reviewed performance against metrics | Created training and support materials,Recognized that a limitation could become a feature if viewed differently,"repair cultures, cradle-to-cradle design, nutrient cycles",Reduced costs by 42% while improving innovation,6,Policy Analyst,2016,intermediate,industry_validated
CPS-00900,sustainability,sustainability,Designing products for complete recyclability,Cannot use expensive technology/approach; Must achieve 20% improvement over current state; Limited to 8 team members; Cannot use proprietary technology/approach,Measured both quantitative metrics and qualitative feedback | Gradually expanded to more challenging contexts | Addressed concerns through transparent communication | Regularly reviewed performance against metrics | Identified key patterns from sharing economies in nature/other fields,Recognized that a limitation could become a feature if viewed differently,"repair cultures, sharing economies",Generated 5x ROI within first year of implementation,9,Policy Analyst,2018,expert,case_study
CPS-00901,biomimicry,behavior_change,Developing adhesive materials without chemicals,Cannot use conventional technology/approach; Cannot use expensive technology/approach; Must work with existing minimal infrastructure; Must comply with international regulations,"Gradually expanded to more challenging contexts | Tested assumption riskiest first | Built coalition of early adopters and champions | Pivoted approach based on evidence, not assumptions | Built contingency plans for common failure modes",Realized that termite mounds solved a similar problem by leveraging distributed intelligence,"lotus leaves, honeycomb structures",Generated 6x ROI within first year of implementation,10,Ecological Engineer,2013,intermediate,peer_reviewed
CPS-00902,urban_planning,system_design,Managing waste in high-density populations,Limited to 2 team members; Requires approval from 3 stakeholder groups; Must achieve 50% improvement over current state; Must achieve 20% improvement over current state,Addressed concerns through transparent communication | Ran 5 rapid test cycles with real users | Adapted solution to changing conditions,Found that combining two unrelated approaches created synergistic effects,layered networks,Reduced errors by 88% while improving quality,5,Urban Designer,2024,beginner,experimental
CPS-00903,urban_planning,resilience,Improving public transportation adoption,Cannot use expensive technology/approach; Limited to 2 team members; Must work with existing minimal infrastructure; Budget limited to 70% of typical solutions,Gradually expanded to more challenging contexts | Built contingency plans for common failure modes | Tested assumption riskiest first | Established continuous feedback mechanisms | Built coalition of early adopters and champions,Understood that timing and sequence mattered more than individual components,"swarm behavior, modular design",Became industry standard practice within 10 years,8,Urban Designer,2019,beginner,peer_reviewed
CPS-00904,urban_planning,system_design,Reducing traffic congestion without expanding roads,Must comply with international regulations; Requires approval from 5 stakeholder groups; Budget limited to 60% of typical solutions,Facilitated co-design workshops with end users | Gradually expanded to more challenging contexts | Established continuous feedback mechanisms,Understood that timing and sequence mattered more than individual components,circulatory systems,Generated 3x ROI within first year of implementation,6,Traffic Engineer,2011,beginner,case_study
CPS-00905,sustainability,resource_constraint,Converting waste streams into valuable resources,Budget limited to 50% of typical solutions; Must achieve 30% improvement over current state,Conducted comparative analysis of 7 similar cases | Facilitated co-design workshops with end users | Ran 8 rapid test cycles with real users | Maintained quality while increasing volume,Realized that cradle-to-cradle design solved a similar problem by using emergent properties,"nutrient cycles, sharing economies, natural ecosystems",Reduced costs by 63% while improving quality,9,Environmental Scientist,2016,intermediate,industry_validated
CPS-00906,healthcare,behavior_change,Reducing hospital-acquired infections,Budget limited to 50% of typical solutions; Limited to 7 team members; Cannot use established technology/approach,Built low-fidelity prototype focusing on user experience | Conducted comparative analysis of 12 similar cases | Gradually expanded to more challenging contexts,Recognized that a limitation could become a feature if viewed differently,preventive maintenance,Became industry standard practice within 9 years,9,Healthcare Administrator,2020,expert,experimental
CPS-00907,sustainability,behavior_change,Converting waste streams into valuable resources,Budget limited to 60% of typical solutions; Limited to 3 team members; Must comply with international regulations; Requires approval from 3 stakeholder groups,Developed phased rollout strategy | Quantified baseline metrics for success measurement | Established continuous feedback mechanisms,Understood that timing and sequence mattered more than individual components,natural ecosystems,Became industry standard practice within 2 years,9,Policy Analyst,2020,advanced,experimental
CPS-00908,education,optimization,Assessing critical thinking skills objectively,Must be implemented within 18 months; Budget limited to 60% of typical solutions,Facilitated co-design workshops with end users | Quantified baseline metrics for success measurement | Started with controlled pilot in optimal conditions,Recognized that a limitation could become a feature if viewed differently,"sports coaching, studio critiques",Solution adopted by 30 organizations across 3 countries,10,Technology Integration Specialist,2020,expert,industry_validated
CPS-00909,arts_creativity,collaboration,Making art accessible to diverse audiences,Must achieve 30% improvement over current state; Budget limited to 60% of typical solutions; Budget limited to 70% of typical solutions; Must achieve 20% improvement over current state,Documented transferable principles for future use | Addressed concerns through transparent communication | Refined solution to work within all constraints,Realized that narrative structures solved a similar problem by reframing the constraint,"narrative structures, scientific experimentation",Became industry standard practice within 2 years,8,Visual Artist,2015,expert,industry_validated
CPS-00910,software_architecture,collaboration,Managing distributed team collaboration,Requires approval from 3 stakeholder groups; Limited to 7 team members,Mapped all stakeholder needs and pain points | Built contingency plans for common failure modes | Regularly reviewed performance against metrics,Recognized that a limitation could become a feature if viewed differently,"biological immune systems, assembly lines",Solution adopted by 5 organizations across 4 countries,10,Security Specialist,2011,intermediate,industry_validated
CPS-00911,urban_planning,accessibility,Managing waste in high-density populations,Cannot use conventional technology/approach; Must comply with evolving regulations,Measured both quantitative metrics and qualitative feedback | Incorporated constraints as design features rather than limitations | Captured and shared learnings across teams,Discovered that the real problem was different from the stated problem,"modular design, circulatory systems, layered networks",Generated 8x ROI within first year of implementation,7,Traffic Engineer,2014,expert,experimental
CPS-00912,arts_creativity,sustainability,Balancing artistic vision with commercial viability,Must comply with international regulations; Cannot use proprietary technology/approach; Budget limited to 70% of typical solutions; Must comply with strict regulations,Captured and shared learnings across teams | Quantified baseline metrics for success measurement | Incorporated constraints as design features rather than limitations | Built coalition of early adopters and champions | Established success metrics and monitoring plan,Discovered that the real problem was different from the stated problem,"scientific experimentation, architectural constraints, collage techniques",Solution adopted by 39 organizations across 14 countries,9,Visual Artist,2022,beginner,industry_validated
CPS-00913,healthcare,accessibility,Improving patient compliance with treatment plans,Must work with existing legacy infrastructure; Must work with existing legacy infrastructure; Must work with existing aging infrastructure,Identified key patterns from community networks in nature/other fields | Started with controlled pilot in optimal conditions | Refined solution to work within all constraints,Recognized that a limitation could become a feature if viewed differently,"logistics optimization, educational scaffolding",Generated 6x ROI within first year of implementation,8,Medical Doctor,2018,advanced,peer_reviewed
CPS-00914,urban_planning,collaboration,Improving public transportation adoption,Limited to 5 team members; Limited to 6 team members; Must comply with international regulations,Created feedback loops for continuous input | Built contingency plans for common failure modes | Ran 8 rapid test cycles with real users | Documented transferable principles for future use | Tested assumption riskiest first,Recognized that a limitation could become a feature if viewed differently,"layered networks, forest ecosystems",Achieved 68% improvement in primary metric while reducing costs by 46%,7,Community Planner,2020,beginner,case_study
CPS-00915,business_innovation,system_design,Identifying unmet customer needs,Requires approval from 3 stakeholder groups; Must work with existing minimal infrastructure; Must work with existing minimal infrastructure; Requires approval from 3 stakeholder groups,Built coalition of early adopters and champions | Built contingency plans for common failure modes | Identified key patterns from open source communities in nature/other fields | Maintained quality while increasing volume,Realized that open source communities solved a similar problem by reframing the constraint,"ecosystem niches, platform ecosystems",Became industry standard practice within 5 years,7,Innovation Consultant,2023,advanced,experimental
CPS-00916,healthcare,adaptation,Improving patient compliance with treatment plans,Limited to 6 team members; Must comply with multiple regulations,"Pivoted approach based on evidence, not assumptions | Facilitated co-design workshops with end users | Documented transferable principles for future use | Quantified baseline metrics for success measurement",Realized that educational scaffolding solved a similar problem by leveraging distributed intelligence,"logistics optimization, preventive maintenance, educational scaffolding",Reduced errors by 85% while improving satisfaction,9,Medical Doctor,2016,beginner,experimental
CPS-00917,healthcare,collaboration,Optimizing emergency room wait times,Budget limited to 80% of typical solutions; Must work with existing minimal infrastructure; Must work with existing legacy infrastructure,Created training and support materials | Facilitated co-design workshops with end users | Identified key patterns from quality control systems in nature/other fields | Established continuous feedback mechanisms,Recognized that a limitation could become a feature if viewed differently,"educational scaffolding, quality control systems",Generated 10x ROI within first year of implementation,10,Medical Doctor,2024,intermediate,experimental
CPS-00918,urban_planning,resource_constraint,Balancing development with historical preservation,Must comply with multiple regulations; Cannot use proprietary technology/approach; Must work with existing legacy infrastructure,Identified key patterns from circulatory systems in nature/other fields | Created feedback loops for continuous input | Measured both quantitative metrics and qualitative feedback,Understood that timing and sequence mattered more than individual components,modular design,Achieved 70% improvement in primary metric while reducing costs by 36%,6,Community Planner,2011,expert,experimental
CPS-00919,urban_planning,efficiency,Creating green spaces in dense urban areas,Must work with existing minimal infrastructure; Must work with existing aging infrastructure; Must work with existing legacy infrastructure; Cannot use expensive technology/approach,Maintained quality while increasing volume | Created training and support materials | Identified key patterns from forest ecosystems in nature/other fields | Built low-fidelity prototype focusing on technical feasibility,Recognized that a limitation could become a feature if viewed differently,"forest ecosystems, layered networks, circulatory systems",Achieved 129% improvement in primary metric while reducing costs by 41%,7,Community Planner,2011,intermediate,case_study
CPS-00920,education,sustainability,Integrating technology meaningfully in classrooms,Cannot use conventional technology/approach; Must work with existing minimal infrastructure,Tested assumption riskiest first | Built contingency plans for common failure modes | Refined solution to work within all constraints,"Learned that user behavior, not technology, was the key bottleneck","apprenticeship models, studio critiques",Generated 10x ROI within first year of implementation,7,Curriculum Designer,2021,expert,industry_validated
CPS-00921,healthcare,accessibility,Managing chronic diseases with limited resources,Must work with existing limited infrastructure; Must achieve 50% improvement over current state; Limited to 8 team members; Must be implemented within 18 months,Incorporated constraints as design features rather than limitations | Addressed concerns through transparent communication | Established continuous feedback mechanisms | Refined solution to work within all constraints,Understood that timing and sequence mattered more than individual components,quality control systems,Solution adopted by 7 organizations across 6 countries,7,Public Health Specialist,2017,beginner,peer_reviewed
CPS-00922,urban_planning,efficiency,Managing waste in high-density populations,Must comply with strict regulations; Limited to 8 team members,Maintained quality while increasing volume | Conducted comparative analysis of 5 similar cases | Facilitated co-design workshops with end users,Understood that timing and sequence mattered more than individual components,"circulatory systems, modular design, forest ecosystems",Reduced errors by 40% while improving innovation,6,Community Planner,2022,intermediate,case_study
CPS-00923,healthcare,resilience,Reducing hospital-acquired infections,Budget limited to 60% of typical solutions; Must achieve 50% improvement over current state; Requires approval from 3 stakeholder groups,Quantified baseline metrics for success measurement | Regularly reviewed performance against metrics | Refined solution to work within all constraints | Built low-fidelity prototype focusing on user experience,Discovered that the real problem was different from the stated problem,"logistics optimization, preventive maintenance, community networks",Achieved 176% improvement in primary metric while reducing costs by 35%,10,Public Health Specialist,2013,beginner,experimental
CPS-00924,arts_creativity,optimization,Preserving cultural heritage while innovating,Cannot use proprietary technology/approach; Requires approval from 4 stakeholder groups; Limited to 6 team members; Must achieve 20% improvement over current state,Quantified baseline metrics for success measurement | Built low-fidelity prototype focusing on user experience | Built coalition of early adopters and champions | Created training and support materials | Maintained quality while increasing volume,Understood that timing and sequence mattered more than individual components,"architectural constraints, improvisational jazz",Became industry standard practice within 7 years,10,Visual Artist,2013,expert,peer_reviewed
CPS-00925,education,sustainability,Preparing students for jobs that don't exist yet,Must comply with strict regulations; Cannot use established technology/approach; Must be implemented within 18 months,"Regularly reviewed performance against metrics | Pivoted approach based on evidence, not assumptions | Created training and support materials",Saw that solutions from 2 different domains could be integrated,"studio critiques, exploration expeditions, apprenticeship models",Generated 9x ROI within first year of implementation,9,Educational Psychologist,2012,intermediate,case_study
CPS-00926,arts_creativity,accessibility,Collaborating across different artistic mediums,Must achieve 30% improvement over current state; Must achieve 20% improvement over current state; Must comply with strict regulations,Documented learnings and iteration rationale | Identified key patterns from scientific experimentation in nature/other fields | Created feedback loops for continuous input,Realized that collage techniques solved a similar problem by using emergent properties,"architectural constraints, scientific experimentation, collage techniques",Achieved 114% improvement in primary metric while reducing costs by 38%,6,Creative Director,2021,advanced,industry_validated
CPS-00927,healthcare,collaboration,Bridging healthcare access gaps in rural areas,Cannot use established technology/approach; Must achieve 100% improvement over current state; Requires approval from 2 stakeholder groups; Must work with existing minimal infrastructure,Ran 6 rapid test cycles with real users | Tested assumption riskiest first | Created training and support materials | Adapted solution to changing conditions,Found that combining two unrelated approaches created synergistic effects,"logistics optimization, community networks",Became industry standard practice within 9 years,10,Medical Doctor,2017,expert,case_study
CPS-00928,biomimicry,integration,Water collection in arid environments,Must achieve 30% improvement over current state; Must achieve 50% improvement over current state; Budget limited to 80% of typical solutions,Quantified baseline metrics for success measurement | Created training and support materials | Facilitated co-design workshops with end users | Adapted solution to changing conditions,Recognized that a limitation could become a feature if viewed differently,honeycomb structures,Reduced costs by 65% while improving innovation,8,Ecological Engineer,2022,advanced,experimental
CPS-00929,healthcare,sustainability,Improving patient compliance with treatment plans,Must be implemented within 18 months; Limited to 3 team members; Limited to 5 team members,Refined solution to work within all constraints | Started with controlled pilot in optimal conditions | Created training and support materials | Adapted solution to changing conditions | Quantified baseline metrics for success measurement,Recognized that a limitation could become a feature if viewed differently,"preventive maintenance, logistics optimization",Solution adopted by 24 organizations across 6 countries,5,Healthcare Administrator,2017,expert,peer_reviewed
CPS-00930,biomimicry,adaptation,Water collection in arid environments,Must be implemented within 6 months; Must work with existing aging infrastructure,Built coalition of early adopters and champions | Established success metrics and monitoring plan | Quantified baseline metrics for success measurement | Gradually expanded to more challenging contexts | Tested assumption riskiest first,Realized that lotus leaves solved a similar problem by using emergent properties,"honeycomb structures, gecko feet",Achieved 161% improvement in primary metric while reducing costs by 27%,10,Biologist,2017,expert,peer_reviewed
CPS-00931,healthcare,behavior_change,Reducing hospital-acquired infections,Limited to 8 team members; Requires approval from 3 stakeholder groups; Budget limited to 50% of typical solutions,Tested assumption riskiest first | Documented transferable principles for future use | Started with controlled pilot in optimal conditions | Refined solution to work within all constraints | Addressed concerns through transparent communication,"Learned that user behavior, not technology, was the key bottleneck","logistics optimization, educational scaffolding",Generated 5x ROI within first year of implementation,10,Medical Doctor,2016,advanced,industry_validated
CPS-00932,biomimicry,resilience,Designing self-cleaning surfaces,Cannot use conventional technology/approach; Requires approval from 3 stakeholder groups; Must comply with multiple regulations; Must comply with evolving regulations,"Built low-fidelity prototype focusing on technical feasibility | Maintained quality while increasing volume | Pivoted approach based on evidence, not assumptions",Found that combining two unrelated approaches created synergistic effects,"lotus leaves, gecko feet, Namib desert beetle",Became industry standard practice within 6 years,8,Ecological Engineer,2015,beginner,peer_reviewed
CPS-00933,biomimicry,resilience,Optimizing structural strength with minimal material,Limited to 2 team members; Must be implemented within 18 months,"Built low-fidelity prototype focusing on user experience | Established success metrics and monitoring plan | Pivoted approach based on evidence, not assumptions | Addressed concerns through transparent communication | Regularly reviewed performance against metrics",Understood that timing and sequence mattered more than individual components,"lotus leaves, honeycomb structures",Became industry standard practice within 7 years,10,Ecological Engineer,2022,intermediate,peer_reviewed
CPS-00934,software_architecture,system_design,Managing distributed team collaboration,Must comply with evolving regulations; Must comply with evolving regulations,Refined solution to work within all constraints | Built coalition of early adopters and champions | Developed phased rollout strategy | Built low-fidelity prototype focusing on technical feasibility | Documented transferable principles for future use,Discovered that the real problem was different from the stated problem,"biological immune systems, library organization, city infrastructure",Reduced time by 40% while improving quality,9,Security Specialist,2016,advanced,industry_validated
CPS-00935,arts_creativity,sustainability,Overcoming creative blocks systematically,Must comply with international regulations; Cannot use proprietary technology/approach; Limited to 7 team members,Quantified baseline metrics for success measurement | Facilitated co-design workshops with end users | Gradually expanded to more challenging contexts | Measured both quantitative metrics and qualitative feedback,Saw that solutions from 2 different domains could be integrated,"improvisational jazz, architectural constraints, collage techniques",Solution adopted by 6 organizations across 12 countries,9,Visual Artist,2010,intermediate,industry_validated
CPS-00936,education,optimization,Integrating technology meaningfully in classrooms,Must achieve 30% improvement over current state; Must be implemented within 18 months; Must achieve 20% improvement over current state; Budget limited to 50% of typical solutions,Facilitated co-design workshops with end users | Identified key patterns from exploration expeditions in nature/other fields | Documented transferable principles for future use,Recognized that a limitation could become a feature if viewed differently,game design,Solution adopted by 19 organizations across 7 countries,10,Technology Integration Specialist,2010,intermediate,case_study
CPS-00937,healthcare,adaptation,Improving patient compliance with treatment plans,Must be implemented within 12 months; Must be implemented within 18 months,Created feedback loops for continuous input | Quantified baseline metrics for success measurement | Documented learnings and iteration rationale,Understood that timing and sequence mattered more than individual components,"quality control systems, preventive maintenance, educational scaffolding",Achieved 155% improvement in primary metric while reducing costs by 18%,5,Public Health Specialist,2010,expert,case_study
CPS-00938,arts_creativity,adaptation,Preserving cultural heritage while innovating,Must achieve 100% improvement over current state; Cannot use conventional technology/approach,Conducted comparative analysis of 5 similar cases | Developed phased rollout strategy | Adapted solution to changing conditions | Captured and shared learnings across teams,"Learned that user behavior, not technology, was the key bottleneck","architectural constraints, narrative structures",Reduced errors by 86% while improving efficiency,10,Music Composer,2022,expert,case_study
CPS-00939,biomimicry,resilience,Water collection in arid environments,Must work with existing minimal infrastructure; Requires approval from 5 stakeholder groups; Must comply with multiple regulations; Must work with existing legacy infrastructure,Identified key patterns from termite mounds in nature/other fields | Built low-fidelity prototype focusing on core functionality | Maintained quality while increasing volume | Created feedback loops for continuous input | Regularly reviewed performance against metrics,Recognized that a limitation could become a feature if viewed differently,termite mounds,Solution adopted by 27 organizations across 10 countries,10,Biologist,2023,beginner,case_study
CPS-00940,education,adaptation,Preparing students for jobs that don't exist yet,Budget limited to 80% of typical solutions; Must be implemented within 3 months; Cannot use proprietary technology/approach; Budget limited to 70% of typical solutions,Started with controlled pilot in optimal conditions | Created feedback loops for continuous input | Conducted comparative analysis of 13 similar cases | Measured both quantitative metrics and qualitative feedback,Found that combining two unrelated approaches created synergistic effects,sports coaching,Generated 3x ROI within first year of implementation,9,Educational Psychologist,2018,expert,industry_validated
CPS-00941,arts_creativity,resource_constraint,Balancing artistic vision with commercial viability,Must achieve 30% improvement over current state; Must comply with evolving regulations; Limited to 6 team members,"Documented learnings and iteration rationale | Created feedback loops for continuous input | Pivoted approach based on evidence, not assumptions | Established continuous feedback mechanisms | Identified key patterns from collage techniques in nature/other fields",Saw that solutions from 4 different domains could be integrated,improvisational jazz,Reduced waste by 62% while improving quality,9,Music Composer,2021,intermediate,peer_reviewed
CPS-00942,healthcare,adaptation,Improving patient compliance with treatment plans,Must achieve 100% improvement over current state; Cannot use proprietary technology/approach; Limited to 2 team members,"Mapped all stakeholder needs and pain points | Built low-fidelity prototype focusing on core functionality | Developed phased rollout strategy | Gradually expanded to more challenging contexts | Pivoted approach based on evidence, not assumptions",Found that combining two unrelated approaches created synergistic effects,logistics optimization,Generated 8x ROI within first year of implementation,9,Healthcare Administrator,2024,intermediate,industry_validated
CPS-00943,business_innovation,scalability,Pivoting business models during market disruption,Requires approval from 2 stakeholder groups; Limited to 5 team members; Limited to 3 team members; Must be implemented within 18 months,Maintained quality while increasing volume | Tested assumption riskiest first | Addressed concerns through transparent communication | Identified key patterns from open source communities in nature/other fields,Recognized that a limitation could become a feature if viewed differently,"ecosystem niches, evolutionary adaptation, platform ecosystems",Solution adopted by 21 organizations across 10 countries,6,Product Manager,2023,intermediate,industry_validated
CPS-00944,urban_planning,adaptation,Creating green spaces in dense urban areas,Must achieve 100% improvement over current state; Limited to 3 team members; Requires approval from 2 stakeholder groups; Requires approval from 2 stakeholder groups,Measured both quantitative metrics and qualitative feedback | Maintained quality while increasing volume | Built low-fidelity prototype focusing on technical feasibility | Developed phased rollout strategy | Built coalition of early adopters and champions,Found that combining two unrelated approaches created synergistic effects,"modular design, circulatory systems",Reduced errors by 56% while improving efficiency,5,Traffic Engineer,2016,expert,industry_validated
CPS-00945,business_innovation,scalability,Competing with free alternatives,Must work with existing limited infrastructure; Must be implemented within 6 months,Measured both quantitative metrics and qualitative feedback | Identified key patterns from ecosystem niches in nature/other fields | Documented transferable principles for future use | Addressed concerns through transparent communication,"Learned that user behavior, not technology, was the key bottleneck","platform ecosystems, open source communities",Solution adopted by 11 organizations across 3 countries,9,Market Researcher,2020,beginner,peer_reviewed
CPS-00946,healthcare,efficiency,Optimizing emergency room wait times,Requires approval from 2 stakeholder groups; Must be implemented within 6 months; Must achieve 100% improvement over current state,Addressed concerns through transparent communication | Ran 7 rapid test cycles with real users | Captured and shared learnings across teams,Understood that timing and sequence mattered more than individual components,quality control systems,Achieved 37% improvement in primary metric while reducing costs by 44%,9,Healthcare Administrator,2022,expert,industry_validated
CPS-00947,education,system_design,Engaging students with diverse learning styles,Must work with existing minimal infrastructure; Limited to 4 team members; Must comply with multiple regulations; Limited to 7 team members,Established success metrics and monitoring plan | Ran 3 rapid test cycles with real users | Facilitated co-design workshops with end users | Conducted comparative analysis of 15 similar cases,Realized that apprenticeship models solved a similar problem by reframing the constraint,"apprenticeship models, sports coaching",Achieved 167% improvement in primary metric while reducing costs by 19%,6,Curriculum Designer,2017,beginner,case_study
CPS-00948,urban_planning,resilience,Managing waste in high-density populations,Cannot use expensive technology/approach; Must work with existing minimal infrastructure; Limited to 7 team members; Limited to 3 team members,Built low-fidelity prototype focusing on technical feasibility | Documented transferable principles for future use | Mapped all stakeholder needs and pain points,Discovered that the real problem was different from the stated problem,"layered networks, forest ecosystems",Reduced errors by 81% while improving efficiency,7,Traffic Engineer,2019,beginner,case_study
CPS-00949,software_architecture,behavior_change,Maintaining legacy systems while innovating,Must comply with evolving regulations; Must achieve 30% improvement over current state; Must work with existing aging infrastructure,Started with controlled pilot in optimal conditions | Addressed concerns through transparent communication | Created training and support materials | Conducted comparative analysis of 14 similar cases,Realized that neural networks solved a similar problem by using emergent properties,"assembly lines, library organization",Became industry standard practice within 4 years,9,System Architect,2022,beginner,case_study
CPS-00950,business_innovation,efficiency,Pivoting business models during market disruption,Must comply with evolving regulations; Must achieve 50% improvement over current state; Requires approval from 2 stakeholder groups,Established success metrics and monitoring plan | Built coalition of early adopters and champions | Ran 8 rapid test cycles with real users,Realized that open source communities solved a similar problem by reframing the constraint,"open source communities, platform ecosystems, evolutionary adaptation",Generated 4x ROI within first year of implementation,9,Product Manager,2021,advanced,experimental
CPS-00951,biomimicry,resource_constraint,Designing self-cleaning surfaces,Must be implemented within 6 months; Must work with existing minimal infrastructure; Cannot use proprietary technology/approach,Addressed concerns through transparent communication | Documented learnings and iteration rationale | Established success metrics and monitoring plan | Captured and shared learnings across teams | Documented transferable principles for future use,Recognized that a limitation could become a feature if viewed differently,lotus leaves,Achieved 166% improvement in primary metric while reducing costs by 23%,5,Ecological Engineer,2021,expert,peer_reviewed
CPS-00952,education,scalability,Supporting students with varying background knowledge,Must be implemented within 18 months; Budget limited to 70% of typical solutions; Cannot use conventional technology/approach; Cannot use expensive technology/approach,Identified key patterns from studio critiques in nature/other fields | Documented learnings and iteration rationale | Established success metrics and monitoring plan,Understood that timing and sequence mattered more than individual components,"exploration expeditions, studio critiques",Reduced costs by 72% while improving innovation,6,Technology Integration Specialist,2016,advanced,experimental
CPS-00953,urban_planning,optimization,Creating green spaces in dense urban areas,Budget limited to 60% of typical solutions; Must comply with evolving regulations,"Pivoted approach based on evidence, not assumptions | Maintained quality while increasing volume | Built low-fidelity prototype focusing on core functionality | Built contingency plans for common failure modes",Realized that forest ecosystems solved a similar problem by using emergent properties,"layered networks, swarm behavior",Became industry standard practice within 3 years,10,Community Planner,2015,advanced,industry_validated
CPS-00954,software_architecture,resilience,Maintaining legacy systems while innovating,Must be implemented within 6 months; Must work with existing limited infrastructure; Requires approval from 2 stakeholder groups; Must achieve 100% improvement over current state,Mapped all stakeholder needs and pain points | Established continuous feedback mechanisms | Created training and support materials | Captured and shared learnings across teams | Measured both quantitative metrics and qualitative feedback,Recognized that a limitation could become a feature if viewed differently,"neural networks, city infrastructure, library organization",Became industry standard practice within 3 years,10,DevOps Engineer,2018,beginner,industry_validated
CPS-00955,healthcare,resilience,Improving patient compliance with treatment plans,Must comply with multiple regulations; Must be implemented within 12 months; Budget limited to 50% of typical solutions,Created feedback loops for continuous input | Maintained quality while increasing volume | Quantified baseline metrics for success measurement | Established continuous feedback mechanisms,Understood that timing and sequence mattered more than individual components,quality control systems,Became industry standard practice within 9 years,9,Public Health Specialist,2011,intermediate,peer_reviewed
CPS-00956,education,resilience,Integrating technology meaningfully in classrooms,Cannot use expensive technology/approach; Cannot use proprietary technology/approach; Budget limited to 60% of typical solutions; Requires approval from 4 stakeholder groups,Adapted solution to changing conditions | Measured both quantitative metrics and qualitative feedback | Quantified baseline metrics for success measurement | Built contingency plans for common failure modes,Understood that timing and sequence mattered more than individual components,"game design, exploration expeditions, apprenticeship models",Became industry standard practice within 5 years,10,Educational Psychologist,2010,intermediate,experimental
CPS-00957,healthcare,collaboration,Reducing hospital-acquired infections,Limited to 4 team members; Must be implemented within 12 months; Cannot use established technology/approach,Established continuous feedback mechanisms | Created feedback loops for continuous input | Incorporated constraints as design features rather than limitations,"Learned that user behavior, not technology, was the key bottleneck","logistics optimization, educational scaffolding, preventive maintenance",Solution adopted by 45 organizations across 14 countries,6,Public Health Specialist,2010,advanced,industry_validated
CPS-00958,healthcare,accessibility,Improving patient compliance with treatment plans,Must be implemented within 6 months; Budget limited to 50% of typical solutions,Tested assumption riskiest first | Started with controlled pilot in optimal conditions | Created training and support materials | Created feedback loops for continuous input,Understood that timing and sequence mattered more than individual components,"preventive maintenance, quality control systems, logistics optimization",Achieved 96% improvement in primary metric while reducing costs by 23%,7,Healthcare Administrator,2015,expert,peer_reviewed
CPS-00959,healthcare,optimization,Bridging healthcare access gaps in rural areas,Cannot use established technology/approach; Limited to 2 team members; Requires approval from 2 stakeholder groups,Incorporated constraints as design features rather than limitations | Ran 5 rapid test cycles with real users | Documented transferable principles for future use | Identified key patterns from community networks in nature/other fields,Found that combining two unrelated approaches created synergistic effects,preventive maintenance,Achieved 94% improvement in primary metric while reducing costs by 25%,8,Healthcare Administrator,2017,beginner,peer_reviewed
CPS-00960,arts_creativity,integration,Collaborating across different artistic mediums,Must be implemented within 3 months; Requires approval from 3 stakeholder groups; Budget limited to 60% of typical solutions; Limited to 2 team members,Established continuous feedback mechanisms | Addressed concerns through transparent communication | Maintained quality while increasing volume,Discovered that the real problem was different from the stated problem,"collage techniques, improvisational jazz",Solution adopted by 49 organizations across 4 countries,8,Creative Director,2019,intermediate,peer_reviewed
CPS-00961,education,integration,Assessing critical thinking skills objectively,Must achieve 20% improvement over current state; Must work with existing aging infrastructure,Documented transferable principles for future use | Addressed concerns through transparent communication | Developed phased rollout strategy,Recognized that a limitation could become a feature if viewed differently,"studio critiques, apprenticeship models, sports coaching",Generated 2x ROI within first year of implementation,6,Curriculum Designer,2016,beginner,peer_reviewed
CPS-00962,business_innovation,resource_constraint,Pivoting business models during market disruption,Must comply with international regulations; Must achieve 30% improvement over current state; Limited to 2 team members; Must achieve 30% improvement over current state,Created feedback loops for continuous input | Created training and support materials | Established continuous feedback mechanisms | Tested assumption riskiest first,Understood that timing and sequence mattered more than individual components,ecosystem niches,Reduced time by 53% while improving efficiency,5,Innovation Consultant,2012,expert,case_study
CPS-00963,education,collaboration,Engaging students with diverse learning styles,Must be implemented within 9 months; Requires approval from 2 stakeholder groups; Cannot use proprietary technology/approach; Must comply with multiple regulations,Developed phased rollout strategy | Built coalition of early adopters and champions | Documented learnings and iteration rationale,Discovered that the real problem was different from the stated problem,sports coaching,Reduced time by 53% while improving innovation,10,Technology Integration Specialist,2015,beginner,case_study
CPS-00964,sustainability,optimization,Converting waste streams into valuable resources,Requires approval from 4 stakeholder groups; Must achieve 50% improvement over current state; Must comply with strict regulations; Cannot use proprietary technology/approach,Created feedback loops for continuous input | Adapted solution to changing conditions | Captured and shared learnings across teams | Established success metrics and monitoring plan,Found that combining two unrelated approaches created synergistic effects,"nutrient cycles, repair cultures, sharing economies",Solution adopted by 7 organizations across 10 countries,7,Environmental Scientist,2020,advanced,industry_validated
CPS-00965,urban_planning,collaboration,Reducing traffic congestion without expanding roads,Budget limited to 70% of typical solutions; Must comply with international regulations; Cannot use proprietary technology/approach; Must be implemented within 6 months,"Maintained quality while increasing volume | Pivoted approach based on evidence, not assumptions | Documented transferable principles for future use | Created training and support materials",Recognized that a limitation could become a feature if viewed differently,"swarm behavior, forest ecosystems",Generated 5x ROI within first year of implementation,5,Traffic Engineer,2012,advanced,peer_reviewed
CPS-00966,urban_planning,resilience,Reducing traffic congestion without expanding roads,Must comply with international regulations; Must work with existing legacy infrastructure,Captured and shared learnings across teams | Documented learnings and iteration rationale | Created feedback loops for continuous input | Identified key patterns from modular design in nature/other fields | Established continuous feedback mechanisms,Understood that timing and sequence mattered more than individual components,circulatory systems,Reduced waste by 63% while improving innovation,10,Traffic Engineer,2012,beginner,case_study
CPS-00967,business_innovation,collaboration,Fostering innovation in risk-averse organizations,Budget limited to 50% of typical solutions; Requires approval from 4 stakeholder groups; Must be implemented within 3 months; Budget limited to 80% of typical solutions,Maintained quality while increasing volume | Created feedback loops for continuous input | Identified key patterns from evolutionary adaptation in nature/other fields,Realized that evolutionary adaptation solved a similar problem by using emergent properties,"platform ecosystems, ecosystem niches, evolutionary adaptation",Reduced waste by 63% while improving innovation,7,Product Manager,2016,expert,case_study
CPS-00968,arts_creativity,integration,Preserving cultural heritage while innovating,Must be implemented within 9 months; Must be implemented within 9 months; Must work with existing aging infrastructure; Must be implemented within 9 months,Conducted comparative analysis of 9 similar cases | Created training and support materials | Incorporated constraints as design features rather than limitations | Documented transferable principles for future use,Found that combining two unrelated approaches created synergistic effects,narrative structures,Became industry standard practice within 2 years,5,Creative Director,2014,expert,peer_reviewed
CPS-00969,sustainability,behavior_change,Encouraging sustainable consumer behavior,Budget limited to 80% of typical solutions; Must work with existing minimal infrastructure,Facilitated co-design workshops with end users | Regularly reviewed performance against metrics | Quantified baseline metrics for success measurement,Understood that timing and sequence mattered more than individual components,"cradle-to-cradle design, nutrient cycles",Achieved 111% improvement in primary metric while reducing costs by 24%,9,Environmental Scientist,2022,advanced,case_study
CPS-00970,biomimicry,resilience,Water collection in arid environments,Must be implemented within 6 months; Must achieve 20% improvement over current state; Cannot use expensive technology/approach; Must achieve 50% improvement over current state,Identified key patterns from gecko feet in nature/other fields | Documented learnings and iteration rationale | Built contingency plans for common failure modes | Captured and shared learnings across teams | Ran 3 rapid test cycles with real users,Saw that solutions from 2 different domains could be integrated,Namib desert beetle,Generated 6x ROI within first year of implementation,8,Materials Scientist,2019,intermediate,experimental
CPS-00971,business_innovation,efficiency,Building platforms that create network effects,Budget limited to 80% of typical solutions; Budget limited to 60% of typical solutions,Identified key patterns from platform ecosystems in nature/other fields | Created training and support materials | Gradually expanded to more challenging contexts | Created feedback loops for continuous input,Realized that ecosystem niches solved a similar problem by reframing the constraint,"ecosystem niches, platform ecosystems",Achieved 59% improvement in primary metric while reducing costs by 18%,5,Product Manager,2018,advanced,case_study
CPS-00972,healthcare,optimization,Bridging healthcare access gaps in rural areas,Cannot use established technology/approach; Limited to 5 team members; Must work with existing minimal infrastructure; Budget limited to 80% of typical solutions,Established continuous feedback mechanisms | Created feedback loops for continuous input | Maintained quality while increasing volume,Realized that educational scaffolding solved a similar problem by leveraging distributed intelligence,"preventive maintenance, logistics optimization, educational scaffolding",Reduced time by 63% while improving quality,9,Medical Doctor,2015,advanced,experimental
CPS-00973,education,resource_constraint,Integrating technology meaningfully in classrooms,Requires approval from 2 stakeholder groups; Cannot use proprietary technology/approach; Must work with existing minimal infrastructure; Must be implemented within 12 months,Documented learnings and iteration rationale | Conducted comparative analysis of 11 similar cases | Created feedback loops for continuous input,Understood that timing and sequence mattered more than individual components,apprenticeship models,Generated 3x ROI within first year of implementation,8,Educational Psychologist,2015,beginner,case_study
CPS-00974,education,sustainability,Assessing critical thinking skills objectively,Must work with existing legacy infrastructure; Must comply with international regulations; Must comply with multiple regulations,Developed phased rollout strategy | Documented learnings and iteration rationale | Quantified baseline metrics for success measurement,Found that combining two unrelated approaches created synergistic effects,studio critiques,Generated 6x ROI within first year of implementation,5,Technology Integration Specialist,2011,intermediate,case_study
CPS-00975,business_innovation,optimization,Competing with free alternatives,Budget limited to 60% of typical solutions; Must achieve 20% improvement over current state; Budget limited to 50% of typical solutions; Budget limited to 60% of typical solutions,Facilitated co-design workshops with end users | Mapped all stakeholder needs and pain points | Developed phased rollout strategy | Adapted solution to changing conditions | Maintained quality while increasing volume,Realized that open source communities solved a similar problem by leveraging distributed intelligence,"ecosystem niches, tournament structures",Became industry standard practice within 9 years,7,Market Researcher,2022,beginner,peer_reviewed
CPS-00976,arts_creativity,collaboration,Overcoming creative blocks systematically,Requires approval from 5 stakeholder groups; Must comply with evolving regulations,Built coalition of early adopters and champions | Mapped all stakeholder needs and pain points | Developed phased rollout strategy | Documented learnings and iteration rationale | Adapted solution to changing conditions,"Learned that user behavior, not technology, was the key bottleneck",architectural constraints,Solution adopted by 46 organizations across 12 countries,10,Music Composer,2019,advanced,experimental
CPS-00977,arts_creativity,resource_constraint,Collaborating across different artistic mediums,Must work with existing aging infrastructure; Cannot use conventional technology/approach; Budget limited to 60% of typical solutions; Requires approval from 3 stakeholder groups,Ran 8 rapid test cycles with real users | Built contingency plans for common failure modes | Documented learnings and iteration rationale | Created feedback loops for continuous input | Identified key patterns from scientific experimentation in nature/other fields,"Learned that user behavior, not technology, was the key bottleneck","architectural constraints, narrative structures",Became industry standard practice within 10 years,10,Music Composer,2020,advanced,case_study
CPS-00978,healthcare,efficiency,Bridging healthcare access gaps in rural areas,Must work with existing limited infrastructure; Requires approval from 5 stakeholder groups; Limited to 6 team members,Developed phased rollout strategy | Mapped all stakeholder needs and pain points | Tested assumption riskiest first,Discovered that the real problem was different from the stated problem,community networks,Reduced costs by 85% while improving innovation,8,Medical Doctor,2011,advanced,case_study
CPS-00979,healthcare,scalability,Reducing hospital-acquired infections,Must be implemented within 6 months; Cannot use proprietary technology/approach; Must comply with evolving regulations,Established success metrics and monitoring plan | Built coalition of early adopters and champions | Gradually expanded to more challenging contexts,Saw that solutions from 4 different domains could be integrated,educational scaffolding,Became industry standard practice within 2 years,7,Medical Doctor,2010,advanced,peer_reviewed
CPS-00980,sustainability,adaptation,Measuring true environmental costs of products,Limited to 7 team members; Budget limited to 60% of typical solutions; Limited to 8 team members; Must achieve 30% improvement over current state,Ran 5 rapid test cycles with real users | Identified key patterns from natural ecosystems in nature/other fields | Documented learnings and iteration rationale,Found that combining two unrelated approaches created synergistic effects,"nutrient cycles, repair cultures, sharing economies",Generated 3x ROI within first year of implementation,10,Circular Economy Designer,2021,expert,experimental
CPS-00981,healthcare,accessibility,Improving patient compliance with treatment plans,Requires approval from 5 stakeholder groups; Budget limited to 50% of typical solutions,Started with controlled pilot in optimal conditions | Tested assumption riskiest first | Quantified baseline metrics for success measurement | Refined solution to work within all constraints,Found that combining two unrelated approaches created synergistic effects,"preventive maintenance, quality control systems",Generated 6x ROI within first year of implementation,7,Healthcare Administrator,2024,beginner,peer_reviewed
CPS-00982,software_architecture,integration,Managing distributed team collaboration,Limited to 4 team members; Cannot use expensive technology/approach; Limited to 5 team members; Must comply with international regulations,"Pivoted approach based on evidence, not assumptions | Documented learnings and iteration rationale | Gradually expanded to more challenging contexts",Discovered that the real problem was different from the stated problem,biological immune systems,Became industry standard practice within 7 years,9,Security Specialist,2021,intermediate,case_study
CPS-00983,urban_planning,collaboration,Balancing development with historical preservation,Must achieve 100% improvement over current state; Cannot use established technology/approach; Budget limited to 70% of typical solutions; Must work with existing aging infrastructure,"Addressed concerns through transparent communication | Built contingency plans for common failure modes | Pivoted approach based on evidence, not assumptions | Mapped all stakeholder needs and pain points | Documented transferable principles for future use","Learned that user behavior, not technology, was the key bottleneck","layered networks, circulatory systems, swarm behavior",Generated 4x ROI within first year of implementation,8,Urban Designer,2011,advanced,experimental
CPS-00984,business_innovation,sustainability,Pivoting business models during market disruption,Must be implemented within 9 months; Limited to 2 team members; Limited to 3 team members; Must be implemented within 12 months,Measured both quantitative metrics and qualitative feedback | Regularly reviewed performance against metrics | Quantified baseline metrics for success measurement,Realized that open source communities solved a similar problem by leveraging distributed intelligence,"ecosystem niches, platform ecosystems",Solution adopted by 44 organizations across 13 countries,10,Product Manager,2018,intermediate,peer_reviewed
CPS-00985,education,resilience,Supporting students with varying background knowledge,Cannot use expensive technology/approach; Requires approval from 5 stakeholder groups; Limited to 7 team members; Limited to 5 team members,Maintained quality while increasing volume | Measured both quantitative metrics and qualitative feedback | Identified key patterns from sports coaching in nature/other fields,Understood that timing and sequence mattered more than individual components,"game design, exploration expeditions, studio critiques",Solution adopted by 9 organizations across 5 countries,7,Educational Psychologist,2023,beginner,case_study
CPS-00986,sustainability,efficiency,Encouraging sustainable consumer behavior,Cannot use conventional technology/approach; Must be implemented within 18 months,Quantified baseline metrics for success measurement | Measured both quantitative metrics and qualitative feedback | Adapted solution to changing conditions | Created training and support materials,Found that combining two unrelated approaches created synergistic effects,"natural ecosystems, nutrient cycles",Became industry standard practice within 4 years,7,Policy Analyst,2016,expert,industry_validated
CPS-00987,urban_planning,resilience,Improving public transportation adoption,Must comply with international regulations; Must achieve 20% improvement over current state; Must work with existing legacy infrastructure; Must achieve 20% improvement over current state,Ran 3 rapid test cycles with real users | Established success metrics and monitoring plan | Built coalition of early adopters and champions | Documented learnings and iteration rationale,Found that combining two unrelated approaches created synergistic effects,"swarm behavior, circulatory systems, modular design",Reduced errors by 88% while improving satisfaction,6,Community Planner,2010,expert,case_study
CPS-00988,education,resilience,Assessing critical thinking skills objectively,Cannot use expensive technology/approach; Must be implemented within 3 months; Cannot use proprietary technology/approach,Tested assumption riskiest first | Built coalition of early adopters and champions | Established continuous feedback mechanisms | Identified key patterns from game design in nature/other fields,Understood that timing and sequence mattered more than individual components,exploration expeditions,Generated 7x ROI within first year of implementation,5,Educational Psychologist,2018,beginner,experimental
CPS-00989,biomimicry,optimization,Creating energy-efficient cooling systems,Budget limited to 50% of typical solutions; Must comply with evolving regulations; Limited to 6 team members,Quantified baseline metrics for success measurement | Gradually expanded to more challenging contexts | Facilitated co-design workshops with end users,Found that combining two unrelated approaches created synergistic effects,"Namib desert beetle, termite mounds, gecko feet",Solution adopted by 43 organizations across 13 countries,8,Materials Scientist,2011,expert,experimental
CPS-00990,sustainability,system_design,Designing products for complete recyclability,Must comply with evolving regulations; Must work with existing minimal infrastructure,Developed phased rollout strategy | Conducted comparative analysis of 10 similar cases | Maintained quality while increasing volume,Found that combining two unrelated approaches created synergistic effects,"sharing economies, nutrient cycles, natural ecosystems",Solution adopted by 42 organizations across 8 countries,10,Environmental Scientist,2015,intermediate,peer_reviewed
CPS-00991,sustainability,collaboration,Measuring true environmental costs of products,Requires approval from 2 stakeholder groups; Requires approval from 5 stakeholder groups,Built low-fidelity prototype focusing on user experience | Measured both quantitative metrics and qualitative feedback | Documented transferable principles for future use,Realized that repair cultures solved a similar problem by reframing the constraint,"cradle-to-cradle design, nutrient cycles, sharing economies",Generated 5x ROI within first year of implementation,8,Circular Economy Designer,2020,beginner,industry_validated
CPS-00992,software_architecture,efficiency,Scaling systems under unpredictable load,Limited to 6 team members; Budget limited to 70% of typical solutions; Must work with existing aging infrastructure,Established success metrics and monitoring plan | Identified key patterns from library organization in nature/other fields | Captured and shared learnings across teams,Recognized that a limitation could become a feature if viewed differently,biological immune systems,Solution adopted by 28 organizations across 10 countries,10,System Architect,2017,advanced,experimental
CPS-00993,urban_planning,scalability,Creating green spaces in dense urban areas,Must comply with strict regulations; Requires approval from 2 stakeholder groups,Conducted comparative analysis of 8 similar cases | Maintained quality while increasing volume | Regularly reviewed performance against metrics | Developed phased rollout strategy,"Learned that user behavior, not technology, was the key bottleneck","forest ecosystems, swarm behavior",Achieved 113% improvement in primary metric while reducing costs by 25%,7,Traffic Engineer,2011,intermediate,experimental
CPS-00994,biomimicry,optimization,Designing self-cleaning surfaces,Must work with existing limited infrastructure; Must be implemented within 9 months; Cannot use proprietary technology/approach; Must be implemented within 12 months,Conducted comparative analysis of 13 similar cases | Regularly reviewed performance against metrics | Started with controlled pilot in optimal conditions | Incorporated constraints as design features rather than limitations,Saw that solutions from 4 different domains could be integrated,"lotus leaves, Namib desert beetle, honeycomb structures",Reduced waste by 66% while improving innovation,8,Materials Scientist,2015,expert,experimental
CPS-00995,healthcare,behavior_change,Reducing hospital-acquired infections,Must work with existing minimal infrastructure; Requires approval from 2 stakeholder groups; Requires approval from 3 stakeholder groups; Requires approval from 4 stakeholder groups,Facilitated co-design workshops with end users | Established continuous feedback mechanisms | Established success metrics and monitoring plan | Quantified baseline metrics for success measurement,Discovered that the real problem was different from the stated problem,"community networks, educational scaffolding",Achieved 75% improvement in primary metric while reducing costs by 15%,5,Public Health Specialist,2019,beginner,industry_validated
CPS-00996,business_innovation,efficiency,Competing with free alternatives,Must be implemented within 9 months; Must comply with evolving regulations; Must be implemented within 18 months; Requires approval from 4 stakeholder groups,Established continuous feedback mechanisms | Incorporated constraints as design features rather than limitations | Built coalition of early adopters and champions | Measured both quantitative metrics and qualitative feedback | Built contingency plans for common failure modes,Saw that solutions from 2 different domains could be integrated,ecosystem niches,Became industry standard practice within 7 years,7,Innovation Consultant,2012,advanced,peer_reviewed
CPS-00997,biomimicry,optimization,Creating energy-efficient cooling systems,Requires approval from 2 stakeholder groups; Must work with existing legacy infrastructure,Mapped all stakeholder needs and pain points | Documented transferable principles for future use | Facilitated co-design workshops with end users,Understood that timing and sequence mattered more than individual components,termite mounds,Reduced waste by 87% while improving efficiency,8,Materials Scientist,2019,expert,experimental
CPS-00998,software_architecture,accessibility,Ensuring security without compromising usability,Limited to 7 team members; Requires approval from 2 stakeholder groups; Must be implemented within 6 months; Must comply with strict regulations,Captured and shared learnings across teams | Ran 6 rapid test cycles with real users | Incorporated constraints as design features rather than limitations | Adapted solution to changing conditions,Realized that city infrastructure solved a similar problem by reframing the constraint,biological immune systems,Reduced time by 84% while improving efficiency,10,System Architect,2013,intermediate,peer_reviewed
CPS-00999,urban_planning,behavior_change,Improving public transportation adoption,Must be implemented within 12 months; Must be implemented within 12 months,Captured and shared learnings across teams | Established success metrics and monitoring plan | Refined solution to work within all constraints | Built low-fidelity prototype focusing on core functionality,Found that combining two unrelated approaches created synergistic effects,"swarm behavior, modular design, circulatory systems",Became industry standard practice within 5 years,9,Community Planner,2021,advanced,experimental
CPS-01000,healthcare,resource_constraint,Managing chronic diseases with limited resources,Must achieve 100% improvement over current state; Must comply with strict regulations; Budget limited to 70% of typical solutions,Maintained quality while increasing volume | Refined solution to work within all constraints | Identified key patterns from educational scaffolding in nature/other fields | Created training and support materials | Addressed concerns through transparent communication,Saw that solutions from 3 different domains could be integrated,"community networks, preventive maintenance, educational scaffolding",Generated 10x ROI within first year of implementation,10,Medical Doctor,2014,expert,experimental
